t,x,y,z,dx,dy,dz,ddx,ddy,ddz,speed_set,steering_set,q0,q1,q2,q3,motFRTor,motRRTor,motFLTor,motRLTor
0.0,0.19888004642432164,0.22679123698702297,-1.450344309035417e-05,-6.475755841202817e-13,-0.00981000000006723,-3.459982720039464e-13,-6.475755841202818e-10,-9.81000000006723,-3.459982720039464e-10,0.0,0.0,1.0,-1.2565287290772147e-17,-1.3788400269854725e-17,-1.7119987109345688e-18,1.1004438749881769e-11,-3.843831480620866e-12,1.172267644266546e-10,1.545226628768174e-11
0.001,0.19888004642432164,0.22677161698702297,-1.4503443090368592e-05,-1.0849205632291263e-14,-0.019619999999999384,-1.4421723857054216e-14,6.367263784879904e-10,-9.809999999932154,3.315765481468922e-10,0.0,0.0,1.0,-9.89843492681517e-18,-5.372899601476868e-18,-5.319329699879284e-19,-1.2601532177988295e-11,5.164423000630567e-14,-1.3289823816309177e-10,-1.6627988750624407e-11
0.002,0.19888004642432164,0.22674218698702298,-1.4503443090303558e-05,8.411646495728961e-15,-0.029430000000008887,6.50327806135876e-14,1.9260852128020224e-11,-9.810000000009502,7.945450447064182e-11,0.0,0.0,1.0,1.1376438421463592e-18,-5.288519943936895e-18,-5.814825706686475e-19,5.788392130781154e-12,1.7312356213126519e-12,2.0580244897083168e-11,4.786588491106687e-12
0.003,0.19888004642432164,0.22670294698702298,-1.450344309036927e-05,-2.46276615776845e-15,-0.039239999999998186,-6.571175046044744e-14,-1.0874412653497412e-11,-9.8099999999893,-1.3074453107403503e-10,0.0,0.0,1.0,-6.402489220533252e-19,-2.606698041504081e-18,1.8205598936227485e-20,-9.400684522665363e-12,7.935856215774283e-13,-6.868600284496195e-12,-4.285474917068631e-12
0.004,0.19888004642432164,0.22665389698702298,-1.4503443090344312e-05,7.815340929202826e-15,-0.049050000000001995,2.4956621375522783e-14,1.0278107086971275e-11,-9.810000000003809,9.066837183597021e-11,0.0,0.0,1.0,4.257039615293739e-18,-3.949375112085072e-18,-5.485251754755945e-18,6.509580494481247e-12,-1.5955314421277962e-12,4.286665100436454e-12,3.5604718280439523e-12
0.005,0.19888004642432164,0.226595036987023,-1.4503443090381854e-05,-4.264505877004329e-16,-0.058860000000000565,-3.7541492341393125e-14,-8.241791516903257e-12,-9.80999999999857,-6.24981137169159e-11,0.0,0.0,1.0,9.41354891389073e-19,-1.6233410402709656e-18,-2.808541147952625e-18,-4.920079111686859e-12,7.79252165149044e-12,-3.0559504947053643e-12,-6.174686784123092e-12
0.006,0.19888004642432167,0.226526366987023,-1.4503443090370345e-05,1.4339329950547158e-14,-0.0686700000000064,1.1510206914921921e-14,1.4765780538247592e-11,-9.810000000005841,4.9051699256315044e-11,0.0,0.0,1.0,2.8987991175821466e-19,-7.245519993728453e-19,-1.3394867274272045e-18,1.0111974416241491e-11,-7.485899466278741e-12,2.4658837763441695e-12,4.285079080102897e-12
0.007,0.19888004642432164,0.22644788698702298,-1.450344309037038e-05,-3.576194328705716e-14,-0.07848000000001244,-3.603128040233317e-17,-5.010127323760433e-11,-9.810000000006037,-1.1546238195324255e-11,0.0,0.0,1.0,9.126086861470037e-20,-1.502620465131726e-18,-2.5840721439599856e-19,-1.352682472405474e-11,8.517062856684002e-12,-4.426920465579182e-12,-7.821991799182817e-13
0.008,0.1988800464243216,0.22635959698702296,-1.4503443090274913e-05,-1.5701731002773205e-14,-0.08829000000001345,9.546668412002794e-14,2.006021228428396e-11,-9.810000000001013,9.550271540043027e-11,0.0,0.0,1.0,8.333340867921966e-18,-3.4182654256624283e-18,-3.298789881220282e-18,-8.741499407397512e-14,2.137503980949908e-11,1.3883348608365647e-11,-1.9425590333867212e-12
0.009000000000000001,0.19888004642432164,0.22626149698702297,-1.4503443090391018e-05,1.5370875650871758e-14,-0.09809999999998052,-1.161050576208537e-13,3.1072606653644965e-11,-9.809999999967067,-2.1157174174088162e-10,0.0,0.0,1.0,3.883964176906663e-18,3.0622397012125903e-18,-5.865923686593078e-19,1.890269318755982e-11,-5.1557702146818897e-11,-2.3396354360568947e-11,2.331600818251281e-12
0.010000000000000002,0.19888004642432164,0.22615358698702298,-1.4503443090392627e-05,6.186787368093867e-15,-0.10791000000000044,-1.6096371071711422e-15,-9.18408828277789e-12,-9.810000000019913,1.1449542051368256e-10,0.0,0.0,1.0,-9.657805706266693e-19,6.155763908868272e-20,9.045687501295207e-19,-1.1320031910263746e-11,2.293705411686154e-11,1.1339133381300982e-11,-8.201492834924486e-13
0.011000000000000003,0.19888004642432164,0.22603586698702297,-1.4503443090378256e-05,1.9473128074543344e-15,-0.11772000000000607,1.437107203110131e-14,-4.239474560639532e-12,-9.810000000005633,1.5980709138272453e-11,0.0,0.0,1.0,1.6401830978058179e-18,-1.5446206176882335e-19,-1.0324684715620656e-18,2.5267823063179384e-13,-1.3083253613090704e-12,3.673760249418434e-12,-7.785149579478478e-13
0.012000000000000004,0.19888004642432164,0.22590833698702295,-1.4503443090363886e-05,1.947398165112206e-15,-0.12753000000000608,1.43708688515321e-14,8.535765787159243e-17,-9.810000000000013,-2.031795692106551e-16,0.0,0.0,1.0,4.245635875097956e-18,-3.6916200217181495e-19,-2.969107296276777e-18,2.2401984676161817e-17,7.36161214436533e-17,1.7077220933174748e-16,5.674943237181602e-18
0.013000000000000005,0.19888004642432164,0.22577099698702296,-1.4503443090381243e-05,-1.2077101727369859e-14,-0.1373399999999827,-1.7357468451462448e-14,-1.4024499892482064e-11,-9.809999999976615,-3.1728337302994545e-11,0.0,0.0,1.0,3.176710841397233e-18,3.530291452233618e-18,-2.6533881555989253e-19,-2.369894278010408e-13,9.044370668545559e-12,-3.690813884825054e-12,3.0667928111322154e-12
0.014000000000000005,0.19888004642432164,0.22562384698702295,-1.4503443090372771e-05,-6.222761676468735e-15,-0.14715000000000114,8.472595528204766e-15,5.854340050901124e-12,-9.810000000018443,2.5830063979667213e-11,0.0,0.0,1.0,1.1260329295850704e-17,-8.049558481614013e-18,-1.2351339925174753e-17,-4.544699170674746e-12,-1.4701775847158807e-11,6.331806963959244e-13,-5.360456764980286e-12
0.015000000000000006,0.19888004642432164,0.22546688698702297,-1.450344309040579e-05,5.757524614077945e-15,-0.1569599999999828,-3.301970255471114e-14,1.198028629054668e-11,-9.809999999981667,-4.1492298082915905e-11,0.0,0.0,1.0,4.942042459222703e-18,-4.017035310992589e-18,-6.448009342594811e-18,8.51225918795452e-12,1.953115033305642e-11,1.363092191102338e-12,9.085004839448502e-12
0.016000000000000007,0.19888004642432164,0.22530011698702296,-1.4503443090396845e-05,-9.138449898722e-16,-0.16677000000000675,8.944538504542866e-15,-6.671369603950145e-12,-9.810000000023939,4.1964241059254006e-11,0.0,0.0,1.0,1.5807321343931801e-18,-3.394151774441181e-18,-8.111079684762217e-19,3.958746713320398e-12,-1.0014839748297745e-11,-2.165778461791625e-12,-7.295592001153597e-12
0.017000000000000008,0.19888004642432164,0.22512353698702295,-1.4503443090378619e-05,-8.334716807605926e-15,-0.1765799999999997,1.822616536470345e-14,-7.420871817733726e-12,-9.809999999992963,9.281626860160586e-12,0.0,0.0,1.0,1.1373675328702513e-18,-4.178063522334758e-18,1.0811043934649265e-18,-2.5284807839668385e-11,-4.03516774194222e-12,-2.925392038460173e-13,1.5469075856541998e-13
0.01800000000000001,0.19888004642432164,0.22493714698702297,-1.4503443090367067e-05,-8.296893821579917e-16,-0.18638999999998096,1.1552438196139275e-14,7.505027425447934e-12,-9.809999999981251,-6.673727168564176e-12,0.0,0.0,1.0,5.284990624168879e-18,-1.5612346033835865e-18,-1.5771338909174294e-18,2.0804132992574338e-11,4.269024103098982e-13,2.4035013430641677e-12,1.5055622542553917e-12
0.01900000000000001,0.19888004642432164,0.22474094698702296,-1.4503443090366566e-05,-7.39133668461646e-15,-0.1962000000000142,5.008695205519593e-16,-6.561647302458468e-12,-9.810000000033236,-1.1051568675587316e-11,0.0,0.0,1.0,3.2992407961208975e-18,-5.30150686204814e-19,-1.6845276115707684e-18,-4.63428725020815e-12,3.0769385266526714e-13,-7.237748160951802e-13,2.5399754888209675e-12
0.02000000000000001,0.19888004642432164,0.22453493698702295,-1.4503443090366064e-05,-7.391317572327408e-15,-0.2060100000000142,5.009709583418575e-16,1.911228905160303e-17,-9.810000000000013,1.0143778989817771e-16,0.0,0.0,1.0,1.3133766785142268e-18,5.008264928846145e-19,-1.791607930825413e-18,-1.28633000541584e-17,2.1745129008538753e-17,1.588970479773022e-16,5.213847996810531e-17
0.02100000000000001,0.19888004642432164,0.22431911698702298,-1.45034430903778e-05,1.0504850622634901e-14,-0.21581999999998663,-1.1736160529408213e-14,1.789616819496231e-11,-9.809999999972424,-1.2237131487750072e-11,0.0,0.0,1.0,-2.9811368237461402e-18,1.0967386477654444e-18,1.0569767500165723e-19,3.67154333219912e-12,1.9199526811824768e-12,-2.176228129253826e-12,-9.961286733526591e-12
0.022000000000000013,0.1988800464243216,0.22409348698702297,-1.450344309036889e-05,-2.299187871029883e-14,-0.22563000000001462,8.911268627435032e-15,-3.3496729332933734e-11,-9.81000000002799,2.0647429156843244e-11,0.0,0.0,1.0,-8.998518794697871e-19,3.4182566639412322e-18,-2.124726009433345e-19,-1.151812442558585e-11,-2.946094287097146e-13,5.375415191295349e-12,9.579431371427033e-12
0.023000000000000013,0.19888004642432164,0.223858046987023,-1.45034430903444e-05,1.4450173497505535e-14,-0.23543999999997134,2.4490244379579125e-14,3.744205220780436e-11,-9.809999999956714,1.5578975752144095e-11,0.0,0.0,1.0,1.6761163175768836e-18,-2.161975489214139e-18,1.5062208753388762e-18,3.4928261194413546e-11,1.7906487339155634e-12,-1.234348614520521e-11,-6.4832833768064956e-12
0.024000000000000014,0.19888004642432164,0.22361279698702302,-1.4503443090370027e-05,-7.1005835342967045e-15,-0.24524999999998703,-2.562663008042796e-14,-2.1550757031802238e-11,-9.810000000015695,-5.0116874460007083e-11,0.0,0.0,1.0,-6.483244328752669e-19,2.830043938631235e-18,-9.304144984387562e-19,-2.5577324640720322e-11,1.2141629849326219e-12,6.882321844629407e-12,4.0431992703860875e-12
0.025000000000000015,0.19888004642432164,0.22335773698702296,-1.4503443090360779e-05,-5.215575212359905e-15,-0.2550600000000516,9.247624936957253e-15,1.8850083219367992e-12,-9.810000000064544,3.487425501738521e-11,0.0,0.0,1.0,-7.115352922018816e-19,-6.513727350459188e-18,-2.1243043759247987e-19,-1.8613378401857178e-11,-4.286040235450105e-12,4.978318675960758e-12,5.426937899002579e-12
0.026000000000000016,0.19888004642432164,0.22309286698702296,-1.4503443090356708e-05,-9.007179931891599e-15,-0.26486999999999605,4.071633948523212e-15,-3.7916047195316936e-12,-9.809999999944473,-5.175990988434042e-12,0.0,0.0,1.0,-5.333385765746517e-18,-1.2428105780212877e-17,1.8469071272970753e-17,1.1988357336872368e-11,-1.3576162410327075e-12,9.61168191051927e-13,-6.222959539412809e-12
0.027000000000000017,0.19888004642432164,0.22281818698702296,-1.4503443090370514e-05,6.942742307410044e-15,-0.27467999999999326,-1.3805790807148716e-14,1.5949922239301643e-11,-9.80999999999721,-1.7877424755671928e-11,0.0,0.0,1.0,7.614217091381285e-18,-1.5840213400542782e-17,5.666260156010137e-18,7.577574231124438e-12,7.481317807989329e-14,-4.383804186118293e-12,2.1399770618140082e-12
0.028000000000000018,0.19888004642432164,0.22253369698702297,-1.4503443090384321e-05,6.9428901261443456e-15,-0.28448999999999325,-1.3805932414573985e-14,1.4781873430128414e-16,-9.809999999999985,-1.416074252681938e-16,0.0,0.0,1.0,2.0560198490594144e-17,-1.9250661104620136e-17,-7.134350872770169e-18,4.339732874697551e-17,6.426984106459231e-17,3.713431347197105e-17,-6.277183411144076e-17
0.02900000000000002,0.19888004642432167,0.22223939698702297,-1.4503443090372026e-05,1.4088876289333624e-14,-0.29429999999999645,1.22949158514047e-14,7.145986163189279e-12,-9.810000000003205,2.6100848265978686e-11,0.0,0.0,1.0,9.737435561943009e-18,-1.4297226117815012e-17,-3.0166834921521416e-18,8.217036175188107e-13,4.736243539458868e-12,1.4713215918665707e-12,-1.3009090093823252e-12
0.03000000000000002,0.19888004642432167,0.22193528698702297,-1.4503443090360879e-05,-6.208608213229218e-15,-0.3041099999999963,1.1146861055099666e-14,-2.0297484502562844e-11,-9.809999999999874,-1.148054796305034e-12,0.0,0.0,1.0,6.028374336668463e-18,-1.3453542264366279e-17,-7.874951280931073e-19,-1.2504822771258078e-12,2.0205285729383017e-12,-1.3486899125127251e-12,-8.110678496332781e-13
0.03100000000000002,0.19888004642432167,0.22162136698702298,-1.450344309034836e-05,-9.371281043888917e-15,-0.31392000000000764,1.2519268469880479e-14,-3.1626728306596993e-12,-9.81000000001131,1.372407414780813e-12,0.0,0.0,1.0,1.8982859070728542e-17,1.8647112441265257e-17,-9.107419926482874e-19,-3.2404130449724835e-12,2.0276692466665583e-13,2.3754544324701426e-12,1.6124891879203175e-12
0.03200000000000002,0.19888004642432164,0.22129763698702296,-1.4503443090353103e-05,-2.2625764099474038e-14,-0.3237300000000121,-4.743148357537173e-15,-1.3254483055585121e-11,-9.810000000004482,-1.726241682741765e-11,0.0,0.0,1.0,9.540146116831525e-18,1.0218941227392424e-17,-6.714695832235323e-19,1.827532660750108e-12,-4.531039210268332e-12,-3.3371778634254363e-12,-1.3791747177901716e-12
0.03300000000000002,0.19888004642432164,0.22096409698702296,-1.4503443090359701e-05,9.122598592902942e-15,-0.3335399999999822,-6.599063393966391e-15,3.1748362692376977e-11,-9.809999999970065,-1.8559150364292175e-12,0.0,0.0,1.0,3.306067842659707e-18,7.589198186338776e-18,1.1114377571306132e-19,-1.3256646961138165e-12,-5.866929592205512e-13,5.346394103930814e-13,-2.581508133567942e-13
0.03400000000000002,0.19888004642432167,0.22062074698702297,-1.450344309036096e-05,1.719040514874411e-14,-0.343349999999993,-1.2584726485761897e-15,8.067806555841168e-12,-9.81000000001081,5.340590745390201e-12,0.0,0.0,1.0,1.4642830948654402e-18,1.948503366574826e-18,1.0327492056437068e-19,-3.224318806802025e-12,4.780506553937857e-13,5.721154281178379e-13,-5.664565500325679e-13
0.035000000000000024,0.19888004642432167,0.22026758698702298,-1.450344309035343e-05,2.3628535618374747e-15,-0.35316000000000514,7.530577237409992e-15,-1.4827551586906636e-11,-9.810000000012142,8.789049885986181e-12,0.0,0.0,1.0,4.777648814720536e-18,9.535354240010912e-18,1.9865167608499495e-18,9.681662849424036e-12,-1.6286413995330572e-12,9.780445696219289e-13,1.7660457038784955e-12
0.036000000000000025,0.19888004642432164,0.219904616987023,-1.4503443090387982e-05,-1.731635225154117e-14,-0.3629700000000031,-3.45517454089967e-14,-1.9679205813378645e-11,-9.809999999997988,-4.2082322646406695e-11,0.0,0.0,1.0,-1.8205747703398545e-18,2.0896552481466572e-18,2.4292629052503768e-18,-4.4442399116636865e-12,-6.623214637869938e-13,-1.0834035059420265e-12,-4.3529786037887526e-13
0.037000000000000026,0.19888004642432172,0.219531836987023,-1.4503443090292194e-05,8.155881309324975e-14,-0.37277999999998573,9.578702416831283e-14,9.887516534479092e-11,-9.80999999998261,1.3033876957730953e-10,0.0,0.0,1.0,4.019330971643999e-18,5.6757109480708125e-18,-2.5790440862030343e-18,-3.853255841658793e-12,2.1420276459774847e-11,7.647546347850968e-12,-1.0846869430823608e-11
0.03800000000000003,0.19888004642432164,0.21914924698702298,-1.4503443090352508e-05,-7.755339815354128e-14,-0.3825900000000157,-6.031424844207882e-14,-1.5911221124679101e-10,-9.810000000029962,-1.5610127261039164e-10,0.0,0.0,1.0,1.311875607512436e-18,3.0316798125487724e-18,-5.4357926015188225e-18,1.0410408728892478e-11,-3.278595646808547e-11,-6.165566295563908e-12,2.4863587491933873e-11
0.03900000000000003,0.19888004642432164,0.21875684698702297,-1.4503443090354951e-05,1.3873217704767599e-14,-0.3924000000000107,-2.4431872350366097e-15,9.142661585830888e-11,-9.80999999999499,5.7871061207042204e-11,0.0,0.0,1.0,4.299343366004773e-18,-2.9245459514990478e-18,-2.9700646522151837e-17,-1.1267412336528492e-11,1.3168365765371428e-11,-9.407194662006002e-12,-1.6786902547087363e-11
0.04000000000000003,0.19888004642432167,0.21835463698702298,-1.4503443090381738e-05,1.6073760761323547e-14,-0.4022099999999933,-2.67868628842466e-14,2.200543056555948e-12,-9.80999999998261,-2.434367564920999e-11,0.0,0.0,1.0,6.814448786604043e-18,7.506818386551864e-18,-2.353115236736206e-17,1.3976745661653759e-12,-1.7819275439347578e-12,1.3673587166208277e-11,3.3868767118335052e-12
0.04100000000000003,0.19888004642432164,0.21794261698702297,-1.4503443090369315e-05,-1.6251871479741068e-14,-0.41202000000000927,1.2422949587015098e-14,-3.232563224106461e-11,-9.810000000015972,3.92098124712617e-11,0.0,0.0,1.0,5.383652724539003e-18,2.7948116228128268e-18,-1.2835311318907516e-17,-1.269202782500267e-12,5.8678499470206896e-12,-1.0968341916330257e-11,1.9718825956711774e-12
0.04200000000000003,0.19888004642432164,0.21752078698702296,-1.4503443090374694e-05,1.3307025557162999e-14,-0.42183000000000787,-5.37926547189963e-15,2.9558897036904064e-11,-9.809999999998597,-1.780221505891473e-11,0.0,0.0,1.0,9.686332318151495e-20,-6.545019460614984e-19,-7.237386545572925e-18,9.233482507698924e-12,-5.6175143155711076e-12,4.076335757048424e-12,-5.187580729528953e-12
0.04300000000000003,0.19888004642432167,0.21708914698702303,-1.450344309028146e-05,3.192083178260115e-14,-0.4316399999999209,9.323260164203208e-14,1.861380622543815e-11,-9.809999999913055,9.861186711393172e-11,0.0,0.0,1.0,1.3989236376838075e-17,-2.7234056910144318e-17,-8.796354769535974e-18,2.2027021690256045e-11,6.148651634903231e-13,-1.1702927940017007e-13,-2.584813008945963e-11
0.04400000000000003,0.19888004642432164,0.21664769698702296,-1.450344309037182e-05,-3.2044590320134626e-14,-0.4414500000000639,-9.036046180707562e-14,-6.396542210273577e-11,-9.810000000142981,-1.8359306344910768e-10,0.0,0.0,1.0,1.8182247411434163e-17,-3.900247340163953e-17,-2.7961066203865297e-18,-4.871580790672907e-11,5.8295821520223996e-12,5.0584411221861576e-12,5.5654412126970076e-11
0.04500000000000003,0.19888004642432164,0.21619643698702298,-1.4503443090357948e-05,5.759403590106231e-15,-0.4512599999999903,1.387347341239415e-14,3.7803993910240854e-11,-9.809999999926378,1.0423393521946977e-10,0.0,0.0,1.0,1.234215571549002e-17,-2.235294921314839e-17,-2.701556203947143e-18,1.677194156804587e-11,-5.8101878205936305e-12,-5.90145232320327e-12,-2.6977012657228728e-11
0.046000000000000034,0.19888004642432167,0.21573536698702298,-1.4503443090289553e-05,1.6808498897346716e-14,-0.46107000000000903,6.839424254486826e-14,1.1049095307240484e-11,-9.810000000018748,5.452076913247412e-11,0.0,0.0,1.0,8.927016921515832e-18,-9.320436040464231e-18,-2.0978480335619888e-18,2.3200186491068596e-13,-1.4788568795269093e-12,4.887548782034372e-12,1.8745537461315603e-12
0.047000000000000035,0.19888004642432164,0.21526448698702297,-1.4503443090365412e-05,-1.8648401625831672e-14,-0.4708800000000015,-7.585898264738642e-14,-3.5456900523178386e-11,-9.809999999992492,-1.4425322519225468e-10,0.0,0.0,1.0,1.2750742530883636e-18,-7.622060856867664e-18,3.347926169360594e-18,3.07485833729978e-12,7.707677070402302e-12,-3.969014638010005e-12,-5.242880261707802e-12
0.048000000000000036,0.19888004642432167,0.21478379698702296,-1.4503443090374716e-05,1.3959686829473875e-14,-0.4806899999999968,-9.30343773686149e-15,3.260808845530555e-11,-9.809999999995267,6.655554491052493e-11,0.0,0.0,1.0,3.284047717783799e-19,-3.298581327033305e-18,1.7031830013858127e-18,5.327989035398152e-12,-7.388472688382966e-12,1.4791335797271183e-12,8.00683643602675e-12
0.04900000000000004,0.19888004642432164,0.21429329698702296,-1.4503443090350726e-05,-1.814642525230467e-14,-0.49049999999999955,2.3990286586284135e-14,-3.210611208177855e-11,-9.810000000002761,3.329372432314562e-11,0.0,0.0,1.0,2.4407136305701647e-18,-3.505363607576928e-18,-6.742901026890653e-19,-6.702530412366688e-12,7.48940913727972e-12,-1.9017776525970844e-14,-5.208706627021684e-12
0.05000000000000004,0.19888004642432164,0.21379298698702295,-1.4503443090365222e-05,1.2871624189339803e-14,-0.5003099999999945,-1.4496858463233085e-14,3.101804944164447e-11,-9.809999999994934,-3.848714504951722e-11,0.0,0.0,1.0,-6.1464687531355324e-18,-1.5873140777256695e-17,-1.0711165169194687e-19,5.133577560740472e-12,-4.361432868275339e-12,-2.2668960595977436e-12,-3.4673941463010076e-12
0.05100000000000004,0.19888004642432164,0.21328286698702298,-1.4503443090366957e-05,6.905714620366277e-15,-0.5101199999999888,-1.7343977458769952e-15,-5.965909568973526e-12,-9.809999999994323,1.2762460717356091e-11,0.0,0.0,1.0,4.920859225034603e-18,-1.1005298236555729e-18,1.5656283619780896e-17,-7.479005390510616e-13,2.2975571519025153e-14,1.4991055955515267e-11,1.1336678705483004e-11
0.05200000000000004,0.19888004642432164,0.21276293698702298,-1.4503443090367453e-05,4.576672507064974e-15,-0.5199300000000148,-4.967144427918332e-16,-2.3290421133013025e-12,-9.810000000025966,1.2376833030851619e-12,0.0,0.0,1.0,3.0019197680657558e-18,-2.6188930944952238e-18,7.789950015322402e-18,4.004620784457999e-12,-2.1494377115818445e-12,-2.4028746346878245e-11,-1.3375203235918063e-11
0.05300000000000004,0.19888004642432164,0.21223319698702298,-1.4503443090364e-05,-2.968433642919695e-15,-0.5297400000000064,3.452931346465354e-15,-7.54510614998467e-12,-9.809999999991659,3.949645789257187e-12,0.0,0.0,1.0,1.404650503037703e-18,-1.1778679786253218e-18,5.002286009760375e-18,-5.793909191197929e-12,1.3096035660447791e-12,1.0736094125376133e-11,6.773705366396581e-12
0.05400000000000004,0.19888004642432164,0.21169364698702298,-1.4503443090361876e-05,-7.542968359523257e-15,-0.5395500000000077,2.124075882684877e-15,-4.5745347166035624e-12,-9.810000000001317,-1.328855463780477e-12,0.0,0.0,1.0,4.741173150813119e-19,-4.621651336877086e-19,2.3719879179599876e-18,5.09899491803068e-13,-2.8324927155083437e-13,9.246700284421402e-13,8.045842158124906e-13
0.05500000000000004,0.19888004642432164,0.21114428698702298,-1.4503443090360121e-05,-1.232436967203472e-14,-0.5493600000000024,1.7557616096528236e-15,-4.781401312511463e-12,-9.809999999994655,-3.6831427303205343e-13,0.0,0.0,1.0,-2.5752242016275438e-19,-4.2170352728872697e-19,2.2877902469953744e-18,-1.953951667926069e-12,-5.573216585656038e-13,-1.1205675511506974e-12,-3.750408717686829e-12
0.05600000000000004,0.19888004642432164,0.21058511698702298,-1.4503443090360899e-05,5.979008172348768e-15,-0.5591700000000007,-7.767728463171448e-16,1.8303377844383486e-11,-9.80999999999832,-2.5325344559699685e-12,0.0,0.0,1.0,-3.0747028404593704e-20,-8.054991999394902e-19,7.537276709325616e-19,3.690516388547444e-12,3.105001681453869e-13,2.2737559095350348e-12,4.265965554320568e-12
0.057000000000000044,0.19888004642432164,0.21001613698702298,-1.4503443090361675e-05,5.979168604289643e-15,-0.5689800000000008,-7.766274808660806e-16,1.6043194087502086e-16,-9.810000000000096,1.4536545106411682e-16,0.0,0.0,1.0,1.9526377111973362e-19,-1.189469724332218e-18,-7.801916938178834e-19,8.375165606369143e-17,-9.306250167080807e-18,6.4770819605226e-17,-2.891721994972164e-17
0.058000000000000045,0.19888004642432164,0.209437346987023,-1.4503443090347157e-05,-7.336385949411544e-15,-0.5787900000000065,1.4517720172716502e-14,-1.3315554553701187e-11,-9.810000000005648,1.529434765358258e-11,0.0,0.0,1.0,2.5960220222615074e-19,1.3456237534720166e-18,3.5446518571759273e-19,-1.5918103418611542e-13,6.323980620289972e-13,-7.393635726253113e-12,-3.713304197178109e-12
0.059000000000000045,0.19888004642432164,0.208848746987023,-1.4503443090363118e-05,-1.0116677893946698e-14,-0.5886000000000068,-1.59619584207673e-14,-2.780291944535155e-12,-9.810000000000318,-3.0479678593483804e-11,0.0,0.0,1.0,-3.1419911320153194e-18,3.0222448178914288e-18,1.0281679723730517e-18,-8.92597409124418e-13,-1.7038889113992646e-12,8.956009514428267e-12,3.6184481470596984e-12
0.060000000000000046,0.19888004642432164,0.208250336987023,-1.4503443090366986e-05,9.229081476339304e-16,-0.5984099999999999,-3.8672268868647805e-15,1.103958604158063e-11,-9.809999999993103,1.2094731533902519e-11,0.0,0.0,1.0,-5.560937754720153e-18,4.409288039102633e-18,8.638451756598433e-19,3.369352987647745e-12,3.0308020124419346e-13,-2.9480362074814042e-12,5.612660024417493e-12
0.06100000000000005,0.19888004642432164,0.20764211698702298,-1.450344309035685e-05,2.519510018017338e-15,-0.6082200000000186,1.0135208651995063e-14,1.5966018703834074e-12,-9.810000000018748,1.4002435538859844e-11,0.0,0.0,1.0,-3.224540018757345e-18,1.2992453792575266e-18,-1.9647523830574404e-18,-1.2447900140201274e-11,-2.063641738649136e-12,-2.779923792770817e-12,-2.4180717205515906e-11
0.06200000000000005,0.19888004642432164,0.207024086987023,-1.4503443090339826e-05,1.1278757028738785e-14,-0.6180299999999873,1.7024035599248173e-14,8.759247010721447e-12,-9.809999999968678,6.88882694725311e-12,0.0,0.0,1.0,-2.8824115698722018e-18,-1.3884659830973386e-17,-9.057431243230973e-19,2.2936819539478484e-11,7.303315903361536e-12,2.8168061711306145e-12,2.1936674902881474e-11
0.06300000000000004,0.19888004642432164,0.20639624698702297,-1.4503443090360502e-05,1.1938411904935237e-15,-0.6278400000000132,-2.06754259304339e-14,-1.0084915838245261e-11,-9.810000000025854,-3.7699461529682076e-11,0.0,0.0,1.0,-7.682521618159536e-19,-8.51433581089884e-18,-3.793579539802049e-18,-1.9802163400061648e-11,-3.76169977637383e-12,3.671207707774358e-12,-3.8431323557181786e-12
0.06400000000000004,0.19888004642432164,0.20575859698702298,-1.4503443090347463e-05,-4.972799339735947e-15,-0.637649999999987,1.30397091348546e-14,-6.1666405302294705e-12,-9.809999999973783,3.3715135065288503e-11,0.0,0.0,1.0,-7.060838247883131e-19,-3.4931370791483e-18,-2.1424944660600006e-18,4.674267693156344e-13,7.835029582562464e-13,-3.5851532420664027e-12,-7.307012795989907e-12
0.06500000000000004,0.1988800464243216,0.205111136987023,-1.4503443090365429e-05,-2.1567781729901093e-14,-0.6474600000000009,-1.7966095578605478e-14,-1.6594982390165147e-11,-9.810000000013975,-3.1005804713460073e-11,0.0,0.0,1.0,2.3459122456290968e-18,-5.872072519636811e-18,-6.795939178097377e-19,1.4665057081699356e-12,6.603900939366324e-13,-1.4571518020996182e-12,1.1656975672616775e-11
0.06600000000000004,0.19888004642432164,0.204453866987023,-1.4503443090311859e-05,2.4212682605717763e-14,-0.6572699999999939,5.356997472500603e-14,4.578046433561885e-11,-9.809999999992991,7.153607030361151e-11,0.0,0.0,1.0,2.6835415779357194e-18,-1.3520962614667733e-18,-1.5724883118519788e-18,5.445473479546573e-12,-3.400313566106987e-12,9.524282952007775e-13,-8.190670506975553e-12
0.06700000000000005,0.19888004642432167,0.20378678698702302,-1.450344309025829e-05,2.4212718270827275e-14,-0.6670799999999939,5.35696211977112e-14,3.566510951192716e-17,-9.809999999999985,-3.53527294836065e-16,0.0,0.0,1.0,3.0221295078775505e-18,3.1676355986621097e-18,-2.464559896799628e-18,8.128555890523163e-17,-6.490846307925098e-19,-3.575030237299548e-17,1.8801346332880007e-17
0.06800000000000005,0.19888004642432167,0.20310989698702298,-1.4503443090319042e-05,7.799140655234722e-15,-0.6768900000000296,-6.075232185128164e-14,-1.641357761559255e-11,-9.810000000035735,-1.1432194304899282e-10,0.0,0.0,1.0,9.919095241054508e-18,3.7170724201776506e-18,-1.2367863929310743e-18,2.8216087539742993e-12,2.151347996453943e-12,-2.46288694890912e-12,1.114028435452621e-12
0.06900000000000005,0.19888004642432158,0.20242319698702296,-1.4503443090364553e-05,-7.874218996665034e-14,-0.6866999999999989,-4.551169628706349e-14,-8.654133062188507e-11,-9.809999999969232,1.5240625564218147e-11,0.0,0.0,1.0,4.572846638663648e-18,-1.9802329917334088e-20,-2.6494211332707104e-19,-9.834143744937638e-12,6.7242269634315505e-12,-5.490688833341747e-13,9.673607938460707e-12
0.07000000000000005,0.19888004642432164,0.20172668698702298,-1.4503443090358917e-05,4.444092331971838e-14,-0.6965099999999806,5.635456989342586e-15,1.2318311328636873e-10,-9.809999999981777,5.1147153276406076e-11,0.0,0.0,1.0,2.8892488041656115e-18,-1.3858801922047526e-18,1.4033360138647516e-18,8.9176077109635e-12,-1.5897682587864145e-12,7.882381837350959e-12,-1.2954047203608469e-11
0.07100000000000005,0.19888004642432164,0.20102036698702297,-1.4503443090354743e-05,-1.3312066657142546e-14,-0.7063199999999974,4.173524980217941e-15,-5.775298997686093e-11,-9.81000000001675,-1.4619320091246452e-12,0.0,0.0,1.0,3.2137124003426204e-18,-3.073073814432883e-18,-7.206768815888695e-18,-7.920695921483753e-12,-5.9503452447850876e-12,-4.2742196567420314e-12,4.8730338319912935e-12
0.07200000000000005,0.19888004642432164,0.20030423698702296,-1.4503443090350568e-05,-1.331198107874056e-14,-0.7161299999999974,4.173369462773417e-15,8.557840198590092e-17,-9.809999999999985,-1.555174445241507e-16,0.0,0.0,1.0,3.5384352357249045e-18,-4.758420810223989e-18,-1.5814374324574806e-17,4.2542696409973064e-17,1.9643372984317942e-17,1.41170659841658e-16,-1.3017324911657775e-17
0.07300000000000005,0.19888004642432164,0.19957829698702298,-1.4503443090365698e-05,-1.6501064857673425e-15,-0.7259399999999856,-1.513035424818322e-14,1.1661874592973218e-11,-9.809999999988218,-1.9303723710956635e-11,0.0,0.0,1.0,-5.003838397459841e-19,-1.757503254462791e-18,-8.413612280381878e-18,8.129854639574008e-12,2.81072980359075e-12,6.547169704806893e-13,-2.7076442602480533e-12
0.07400000000000005,0.19888004642432164,0.19884254698702294,-1.4503443090365537e-05,1.0515359594019095e-14,-0.7357500000000282,1.6121942301671535e-16,1.2165466079786438e-11,-9.810000000042617,1.5291573671199936e-11,0.0,0.0,1.0,-4.6735230958944795e-18,4.974598587425574e-18,-3.782163229126412e-18,4.0077405236048455e-12,-1.1271516277503303e-12,-3.3108760261820167e-12,1.1287979137497926e-11
0.07500000000000005,0.19888004642432164,0.19809698698702297,-1.4503443090368034e-05,4.712292420542282e-15,-0.7455599999999686,-2.4977065524418195e-15,-5.8030671734768126e-12,-9.809999999940366,-2.6589259754585347e-12,0.0,0.0,1.0,-9.525848230634319e-19,7.434216626623796e-19,-1.5651146747336936e-18,-1.6972776058996024e-11,-2.260487074610264e-12,8.816862346707405e-13,-1.9155895457838534e-11
0.07600000000000005,0.19888004642432164,0.19734161698702296,-1.4503443090371236e-05,-1.0634317934020467e-14,-0.7553700000000071,-3.2018010378482023e-15,-1.534661035456275e-11,-9.81000000003851,-7.040944854063828e-13,0.0,0.0,1.0,-5.399295043186957e-20,-2.3897304438565084e-18,-1.2989308748094915e-18,1.2825375398782757e-11,-6.558023554030671e-12,1.6909225256567671e-12,1.6904935122401334e-11
0.07700000000000005,0.19888004642432164,0.19657643698702298,-1.4503443090362791e-05,-9.436752823986425e-15,-0.7651799999999834,8.44419205255711e-15,1.1975651100340428e-12,-9.809999999976338,1.1645993090405313e-11,0.0,0.0,1.0,-6.17120162947824e-19,6.070490677561902e-19,-1.4634171858887838e-18,-5.633595804883727e-12,2.3923709396774983e-11,4.004743153786616e-12,-1.0975799452213124e-11
0.07800000000000006,0.19888004642432164,0.19580144698702298,-1.4503443090352342e-05,-6.55482552195194e-15,-0.774989999999998,1.0448539418340767e-14,2.8819273020344843e-12,-9.81000000001453,2.0043473657836576e-12,0.0,0.0,1.0,1.4508192828265455e-18,3.375587795758853e-19,-8.676655438885837e-19,-1.0585952377549897e-13,-1.7358768940818577e-11,-9.63776175243275e-12,-8.309831737190361e-13
0.07900000000000006,0.1988800464243216,0.19501664698702295,-1.4503443090373701e-05,-2.0248991231989317e-14,-0.7848000000000199,-2.1359599811080674e-14,-1.3694165710037377e-11,-9.810000000021969,-3.180813922942145e-11,0.0,0.0,1.0,9.621460330775937e-18,-2.3676172587045394e-19,2.104416261835764e-18,1.4800905307147274e-12,-1.5170553557670004e-12,8.595388014138796e-12,1.0444459609551022e-11
0.08000000000000006,0.19888004642432164,0.19422203698702298,-1.4503443090356559e-05,1.5860272680526457e-14,-0.79460999999998,1.71417790034106e-14,3.610926391251577e-11,-9.809999999960128,3.850137881449128e-11,0.0,0.0,1.0,3.705853006209858e-18,-1.659840379175642e-18,3.914693651315855e-18,9.312874568580603e-13,6.648334730001845e-14,-4.1442855298055374e-12,-6.029891489655129e-12
0.08100000000000006,0.19888004642432164,0.19341761698702298,-1.450344309034133e-05,1.0903871530238872e-14,-0.8044200000000049,1.5227629748056213e-14,-4.956401150287585e-12,-9.810000000024854,-1.9141492553543876e-12,0.0,0.0,1.0,5.310375602536698e-18,7.01696840695562e-18,5.6120572577266315e-18,2.0568420075041226e-12,7.86841459913622e-12,2.1710360096438032e-12,2.230718333426436e-12
0.08200000000000006,0.19888004642432164,0.19260338698702298,-1.4503443090365903e-05,-3.2420675696851836e-16,-0.8142299999999988,-2.4572421177652327e-14,-1.122807828720739e-11,-9.80999999999388,-3.980005092570854e-11,0.0,0.0,1.0,2.411045969224888e-18,8.996022511800707e-19,3.02193352036571e-18,-7.652369432417092e-12,-6.1189385453283304e-12,-3.200839984838717e-12,-3.8076112091461304e-12
0.08300000000000006,0.19888004642432164,0.19177934698702298,-1.4503443090348744e-05,5.89935463565726e-15,-0.8240399999999974,1.715903341839153e-14,6.223561392625778e-12,-9.809999999998652,4.1731454596043854e-11,0.0,0.0,1.0,5.651908743271713e-18,-3.594894193994401e-18,-3.2247250273617896e-18,2.204461767177992e-12,-5.983492696454056e-13,3.5397193355081844e-12,6.337228665201257e-12
0.08400000000000006,0.19888004642432164,0.19094549698702298,-1.4503443090359952e-05,1.0903797265015894e-14,-0.8338499999999884,-1.120829320607499e-14,5.004442629358634e-12,-9.809999999990993,-2.836732662446652e-11,0.0,0.0,1.0,3.639012690939748e-18,-4.537285401778211e-18,-3.626572049425842e-18,-4.823889708484346e-13,-5.622999224103608e-13,-3.902468121859467e-12,-7.020744105723291e-12
0.08500000000000006,0.19888004642432164,0.19010183698702296,-1.450344309034419e-05,9.332621822509287e-15,-0.8436600000000133,1.5761068864460766e-14,-1.5711754425066068e-12,-9.810000000024854,2.6969362070535757e-11,0.0,0.0,1.0,-2.496832469361067e-18,-3.9883102067232284e-18,9.043237437281208e-19,-1.0214482009149995e-12,9.582482522090609e-12,2.3506676640789892e-12,1.3511695478574084e-11
0.08600000000000006,0.19888004642432164,0.18924836698702296,-1.4503443090351473e-05,-3.1482876632673887e-16,-0.8534699999999872,-7.282471352701438e-15,-9.647450588836027e-12,-9.809999999973895,-2.3043540217162205e-11,0.0,0.0,1.0,-2.4620457933325637e-18,-2.936661415451429e-18,-1.8903984266196855e-18,9.411824628258399e-12,-1.179167940298364e-11,2.698176331200835e-12,-1.881555647446708e-11
0.08700000000000006,0.19888004642432164,0.18838508698702297,-1.4503443090357866e-05,-6.718016896220772e-16,-0.8632799999999896,-6.393636102161364e-15,-3.5697292329533834e-13,-9.810000000002429,8.888352505400744e-13,0.0,0.0,1.0,-9.382099553090688e-19,1.2337223002945405e-18,1.3598519056975524e-19,-2.8681838487473575e-12,7.252265519318718e-12,-4.140801434326193e-12,8.189183096379677e-12
0.08800000000000006,0.19888004642432164,0.18751199698702298,-1.4503443090359606e-05,3.2990611055938436e-15,-0.8730899999999925,-1.73923581037526e-15,3.970862795215921e-12,-9.810000000002873,4.654400291786104e-12,0.0,0.0,1.0,-3.705177832618641e-18,4.43168304959359e-18,-1.999150022453581e-18,-9.304941564025058e-12,-1.5804182358543917e-12,1.578028755441933e-12,-1.9380315699260782e-12
0.08900000000000007,0.19888004642432164,0.18662909698702299,-1.4503443090342181e-05,8.712174479824963e-15,-0.8828999999999978,1.7425023534882206e-14,5.413113374231119e-12,-9.810000000005314,1.9164259345257466e-11,0.0,0.0,1.0,-6.659817694590594e-18,-1.4439425510025027e-18,-1.0978230589740919e-18,1.6631140345522545e-11,-2.394170251626369e-12,5.059406768572684e-13,2.2579865106034184e-12
0.09000000000000007,0.19888004642432164,0.185736386987023,-1.45034430903372e-05,4.130280094211284e-15,-0.8927100000000029,4.981197594148441e-15,-4.581894385613679e-12,-9.810000000005093,-1.2443825940733764e-11,0.0,0.0,1.0,-3.958395610335724e-18,-8.892520251909479e-19,-1.495107673449911e-18,-1.1802897208673238e-11,-1.4993887357227998e-12,8.52129552709999e-13,-1.5054226940880798e-12
0.09100000000000007,0.19888004642432164,0.18483386698702298,-1.4503443090358337e-05,-5.642230777278187e-15,-0.9025200000000102,-2.1136680945838167e-14,-9.77251087148947e-12,-9.810000000007314,-2.6117878539986608e-11,0.0,0.0,1.0,-8.99819554140118e-19,3.711909727639142e-18,-9.076661217356111e-19,-3.4027673755878905e-12,5.39507066463856e-12,-4.248260161984015e-12,3.58751176020273e-12
0.09200000000000007,0.19888004642432164,0.183921536987023,-1.4503443090349628e-05,8.62481848677334e-15,-0.9123299999999885,8.709158449895359e-15,1.4267049264051526e-11,-9.809999999978336,2.9845839395733526e-11,0.0,0.0,1.0,6.388202767321868e-19,9.513005563013805e-19,-4.0228947790072733e-19,6.439147980891007e-12,-1.3390195983915805e-12,3.8886361740612075e-12,-3.214074829985374e-12
0.09300000000000007,0.19888004642432164,0.182999396987023,-1.450344309038255e-05,-1.2848396598009099e-15,-0.9221399999999975,-3.292167326690408e-14,-9.90965814657425e-12,-9.810000000008978,-4.163083171679944e-11,0.0,0.0,1.0,-3.0310966156305252e-18,1.6317877749336964e-17,-1.6520326584154282e-18,-3.26707274819645e-13,-4.053535930349723e-12,1.5641391357673415e-12,3.9957488513308627e-13
0.09400000000000007,0.19888004642432164,0.18206744698702299,-1.4503443090392761e-05,6.231714382765493e-15,-0.931950000000007,-1.0210608354002616e-14,7.516554042566402e-12,-9.810000000009534,2.271106491290146e-11,0.0,0.0,1.0,-1.9764172996738688e-18,1.6738313067623155e-17,-9.098984482235694e-19,-9.570700771508699e-12,6.5657125174698854e-12,-4.1992229535179643e-13,1.3045526808609926e-13
0.09500000000000007,0.19888004642432164,0.181125686987023,-1.4503443090377047e-05,1.2408978856275363e-14,-0.9417599999999816,1.5714936274995714e-14,6.1772644735098705e-12,-9.809999999974561,2.592554462899833e-11,0.0,0.0,1.0,1.5556329481176056e-18,1.143188833718487e-17,1.5471355720719024e-18,1.688120423266316e-11,-1.2939182232902936e-12,-5.864498981291462e-12,2.296098098128503e-12
0.09600000000000007,0.19888004642432164,0.180174116987023,-1.4503443090368786e-05,-4.2494998872980026e-16,-0.9515699999999999,8.260403375002132e-15,-1.2833928845005163e-11,-9.810000000018304,-7.454532899993581e-12,0.0,0.0,1.0,-2.170754030286112e-18,7.423630258880251e-18,-6.317441949658533e-19,-1.086285382493566e-12,-1.8109136800294743e-12,2.89025010288562e-13,-3.152555465392529e-12
0.09700000000000007,0.19888004642432164,0.179212736987023,-1.4503443090358127e-05,-5.442642187213866e-15,-0.9613799999999917,1.0659737926475007e-14,-5.017692198484066e-12,-9.80999999999177,2.3993345514728753e-12,0.0,0.0,1.0,-3.9056386605117747e-19,3.3397533791573817e-18,1.0962377549094549e-18,-1.7176270604163563e-11,-1.3891056496872214e-12,4.509614427530143e-12,2.1298547358870452e-12
0.09800000000000007,0.19888004642432164,0.17824154698702302,-1.4503443090347468e-05,-5.4425886806853065e-15,-0.9711899999999916,1.0659789266852752e-14,5.350652855983205e-17,-9.809999999999874,5.1340377744689756e-17,0.0,0.0,1.0,1.3895073668760376e-18,-7.43006147064945e-19,2.8240699401252465e-18,7.760519261714132e-17,-2.3058806276597784e-17,-3.978371300049372e-18,2.6416145230161988e-18
0.09900000000000007,0.19888004642432164,0.177260546987023,-1.4503443090370384e-05,-1.6200918090864996e-15,-0.9810000000000094,-2.2916065963984707e-14,3.8224968715988075e-12,-9.81000000001786,-3.357585523083746e-11,0.0,0.0,1.0,1.0912402829929164e-17,1.583496855497173e-17,-1.2148955410079298e-18,2.6876480941855565e-11,4.343888754600411e-13,-3.6391257078876825e-12,-5.747368256689357e-12
0.10000000000000007,0.19888004642432164,0.176269736987023,-1.4503443090378007e-05,5.68041465546899e-15,-0.9908100000000042,-7.622840713997838e-15,7.30050646455549e-12,-9.809999999994767,1.529322524998687e-11,0.0,0.0,1.0,3.500916613310249e-18,-1.2479501652205575e-19,-8.838209285217587e-19,-7.811992563264444e-12,4.683862713675412e-13,4.0906839337802366e-12,9.63465681210164e-12
0.10100000000000008,0.19888004642432164,0.17526911698702302,-1.4503443090391922e-05,-1.235806103740121e-14,-1.0006199999999887,-1.391520727609888e-14,-1.80384756928702e-11,-9.809999999984553,-6.292366562101042e-12,0.0,0.0,1.0,3.0325364609414175e-18,-3.872194453115308e-18,-1.3685472279352967e-18,-2.1826282934971355e-11,4.946113426187676e-13,-4.3767332187269255e-12,-5.4508988538782e-12
0.10200000000000008,0.19888004642432164,0.17425868698702304,-1.4503443090388868e-05,-1.0139077660642147e-15,-1.0104299999999913,3.0541447309992745e-15,1.1344153271336996e-11,-9.810000000002539,1.6969352007098155e-11,0.0,0.0,1.0,-1.3204780436028311e-17,-1.1858426915893447e-17,-4.914406071354471e-19,1.3982111165250584e-11,1.0488109197402089e-12,8.008334030665964e-13,4.252544831963469e-12
0.10300000000000008,0.19888004642432167,0.173238446987023,-1.4503443090379293e-05,2.3825905333122035e-14,-1.0202400000000196,9.575638140085385e-15,2.483981309918625e-11,-9.810000000028296,6.52149340908611e-12,0.0,0.0,1.0,-5.607081028672521e-18,-1.1756109096315792e-18,-1.8986832830998304e-18,-3.508964600444148e-13,-4.0737420040268876e-12,1.678807099685825e-11,-8.508963189132198e-12
0.10400000000000008,0.1988800464243216,0.17220839698702303,-1.450344309040219e-05,-5.4738763256972876e-14,-1.030049999999976,-2.289779068273748e-14,-7.856466859009491e-11,-9.809999999956354,-3.2473428822822864e-11,0.0,0.0,1.0,-2.8598575365312572e-18,-2.8460821608262754e-18,-3.454675940879019e-19,-3.536355274007978e-12,1.0914156807141832e-11,-3.0123267798293314e-11,3.864953802075064e-13
0.10500000000000008,0.19888004642432158,0.17116853698702306,-1.4503443090383416e-05,-2.1614168924775587e-14,-1.0398599999999714,1.877435950179657e-14,3.3124594332197285e-11,-9.809999999995433,4.1672150184534046e-11,0.0,0.0,1.0,-3.2480136226479843e-18,-3.831419125258252e-18,-2.965962078709121e-19,6.273971447557637e-12,-1.2876439230333039e-11,2.432225039613266e-11,8.386670310654636e-13
0.10600000000000008,0.1988800464243216,0.17011886698702305,-1.4503443090364423e-05,1.99306898063615e-14,-1.0496699999999917,1.899451329825281e-14,4.154485873113709e-11,-9.810000000020302,2.2015379645623994e-13,0.0,0.0,1.0,-1.7161775009128241e-18,-2.383448593847458e-18,2.6322416752873432e-18,-7.096851149171075e-12,4.210463524649122e-12,-1.1007094425722358e-11,8.022546113113877e-12
0.10700000000000008,0.1988800464243216,0.16905938698702308,-1.4503443090356025e-05,5.832861753490898e-15,-1.0594799999999758,8.397513290190632e-15,-1.4097828052870601e-11,-9.80999999998411,-1.0597000008062178e-11,0.0,0.0,1.0,5.855987915160569e-18,3.031992927700912e-19,4.5023969778586064e-18,3.86949141493659e-12,1.3788999317614744e-12,6.210616848894265e-13,-7.85336379007551e-12
0.10800000000000008,0.1988800464243216,0.16799009698702302,-1.4503443090364599e-05,6.8920686586562774e-15,-1.0692900000000671,-8.574081417975351e-15,1.0592069051653797e-12,-9.810000000091357,-1.6971594708165982e-11,0.0,0.0,1.0,1.3819125124392591e-18,-1.07810700030324e-18,1.6832492172564706e-18,-1.1297985808602047e-12,-6.2352840520928784e-12,-1.5867602121752562e-12,1.1678304352112996e-11
0.10900000000000008,0.1988800464243216,0.16691099698702305,-1.4503443090369683e-05,1.1927237969056558e-14,-1.0790999999999822,-5.084705799605916e-15,5.035169310400281e-12,-9.809999999915053,3.4893756183694346e-12,0.0,0.0,1.0,-5.537429332853651e-19,-1.1740023227999292e-18,9.112506766403578e-19,-2.5233410383901706e-13,6.1149730617549065e-12,6.813736420434707e-13,-8.557591144315416e-12
0.11000000000000008,0.19888004642432164,0.16582208698702305,-1.4503443090386522e-05,2.1367802077174252e-14,-1.0889100000000027,-1.6839803328548392e-14,9.440564108117695e-12,-9.810000000020525,-1.1755097528942475e-11,0.0,0.0,1.0,-6.125386674359232e-19,-2.1719152157620252e-18,3.3661652621136896e-19,-2.85569072908323e-12,-1.09300523856336e-12,4.393213385297093e-12,-2.6155247140296896e-12
0.11100000000000008,0.19888004642432164,0.16472336698702306,-1.4503443090380782e-05,2.4798491040932983e-15,-1.098720000000003,5.738891495151668e-15,-1.888795297308095e-11,-9.810000000000318,2.257869482370006e-11,0.0,0.0,1.0,-3.786135597772318e-18,-6.098935549900179e-19,-1.6353854424308231e-18,6.167930779807864e-12,1.0257264634198741e-13,-8.001799755990944e-13,2.311137178642579e-12
0.11200000000000009,0.19888004642432164,0.16361483698702306,-1.4503443090375043e-05,2.4799924151159155e-15,-1.108530000000003,5.738864180068576e-15,1.4331102261718822e-16,-9.809999999999874,-2.7315083092112207e-17,0.0,0.0,1.0,-6.958836324855913e-18,9.519675343820085e-19,-3.606444645271955e-18,6.223254967711966e-17,1.5713229506621705e-17,-2.1641926323152416e-16,-6.178413619584868e-17
0.11300000000000009,0.19888004642432164,0.16249649698702306,-1.4503443090375209e-05,-9.5101014832878e-16,-1.1183399999999997,-1.6528145855945368e-16,-3.4310025634446957e-12,-9.809999999996766,-5.90414563862803e-12,0.0,0.0,1.0,-9.095771949515123e-18,6.0621288658560504e-18,-2.1557142663740803e-18,-9.427632823166906e-13,-4.096054983564149e-13,2.0356926882897997e-12,1.5206447081161576e-12
0.11400000000000009,0.19888004642432164,0.16136834698702307,-1.4503443090382408e-05,-1.4715666130118936e-15,-1.1281499999999907,-7.199436414962327e-15,-5.205564646831135e-13,-9.809999999990993,-7.034154956402873e-12,0.0,0.0,1.0,-4.339829687025838e-18,-2.076527162469701e-18,-1.9407104383906484e-18,1.358769931163228e-12,6.155776670678432e-13,-1.1815565092567889e-11,2.0072271166066545e-12
0.11500000000000009,0.19888004642432164,0.16023038698702308,-1.4503443090391124e-05,-6.725713204632003e-15,-1.1379599999999888,-8.715459170775584e-15,-5.25414659162011e-12,-9.809999999998098,-1.5160227558132573e-12,0.0,0.0,1.0,-2.424283501858626e-18,-4.2128077185784715e-18,-1.3042761592400037e-18,-3.777650653444633e-12,2.155115973509441e-13,1.09635912071996e-11,-1.961495061002836e-12
0.11600000000000009,0.19888004642432164,0.15908261698702308,-1.4503443090405436e-05,-7.834905093742055e-15,-1.1477699999999973,-1.4312297837661858e-14,-1.1091918891100519e-12,-9.810000000008534,-5.596838666886274e-12,0.0,0.0,1.0,1.0403698880496334e-18,-1.2022789535598481e-17,-9.022832787347331e-19,2.408033029407133e-13,2.7174823103796477e-12,-4.273990535565487e-12,1.1379863075850337e-12
0.11700000000000009,0.19888005158890526,0.15793047876151536,-1.4503344115853544e-05,5.1645836280205685e-06,-1.1521382255077317,9.897455189213174e-08,0.005164583635855474,-4.368225507734413,9.897456620442959e-05,0.0,0.0,1.0,1.9000734680618328e-13,-8.522874318931374e-11,2.043024305491258e-11,0.00031080199104972566,0.06656302923466632,-0.0007102071870941455,-0.003077318930331294
0.11800000000000009,0.1988800621645296,0.15677678213771806,-1.4504209653743714e-05,1.0575624360288129e-05,-1.1536966237973056,-8.655378901704545e-07,0.005411040732267561,-1.5583982895739368,-0.0009645124420625862,0.0,0.0,1.0,-7.856910156621468e-11,-4.094989125090032e-10,4.395186756802188e-11,-2.141711677224585,0.06821154153275347,-0.0011653479781674025,-0.004667651938142823
0.11900000000000009,0.19888007862984172,0.15562706015721162,-1.4505694896471402e-05,1.6465312104782762e-05,-1.14972198050645,-1.485242727688594e-06,0.005889687744494634,3.9746432908556173,-0.0006197048375181395,0.0,0.0,1.0,2.5611939718606473e-09,7.805929088740188e-10,-2.6283757801616567e-10,-2.1676779527590204,0.06741506231349702,0.06389862234932621,-0.003955966224172392
0.12000000000000009,0.19888009967572284,0.15448141650207803,-1.450856947838438e-05,2.1045881123157722e-05,-1.1456436551335767,-2.874581912977483e-06,0.00458056901837496,4.078325372873337,-0.0013893391852888887,0.0,0.0,1.0,1.4728661178358005e-11,-1.0587800164489778e-09,-5.334262527855102e-12,-2.1854529670711216,0.07025445023426284,0.06423944365757843,-0.004027073777892457
0.1210000000000001,0.19888012428245586,0.1533399623302305,-1.4512136003884152e-05,2.4606733013994136e-05,-1.1414541718475226,-3.5665254997720078e-06,0.0035608518908364136,4.189483286054063,-0.000691943586794525,0.0,0.0,1.0,-2.45356743978909e-10,-9.127622341730023e-10,6.204182559392519e-10,-2.2037866377905067,0.06925199961912637,0.06496128945318314,-0.004126758656508339
0.1220000000000001,0.19888015578113352,0.15220281380959633,-1.4516250489544449e-05,3.1498677656298665e-05,-1.1371485206341772,-4.114485660296539e-06,0.0068919446423045296,4.305651213345474,-0.0005479601605245311,0.0,0.0,1.0,3.6330746908231126e-11,-3.4285684956349976e-10,-1.7018755767159284e-11,-2.220640645969612,0.06957123810273007,0.06339062935370364,-0.0037718294978737192
0.1230000000000001,0.1988801924460852,0.15107008679403716,-1.4521222209501061e-05,3.66649516733781e-05,-1.1327270155591698,-4.971719956611572e-06,0.005166274017079437,4.421505075007381,-0.0008572342963150335,0.0,0.0,1.0,-2.7784116557813693e-11,-1.1658879119433266e-10,-3.1154812206686976e-11,-2.2399973956849735,0.07030006079817028,0.06501560762172424,-0.00416780617263038
0.1240000000000001,0.19888023536066354,0.14994189977206315,-1.4526745795871702e-05,4.291457833146221e-05,-1.1281870219740204,-5.523586370642104e-06,0.006249626658084108,4.539993585149338,-0.0005518664140305314,0.0,0.0,1.0,-7.476374816156505e-11,-1.584977838361265e-10,-1.3315858390561778e-10,-2.2583932549654255,0.07091264992184987,0.06485290860782965,-0.004045564738794609
0.12500000000000008,0.19888028324141996,0.14881837148187924,-1.4533134123648588e-05,4.788075642486071e-05,-1.123528290183905,-6.3883277768860865e-06,0.004966178093398501,4.658731790115445,-0.0008647414062439828,0.0,0.0,1.0,6.665610253807991e-11,-3.1900190862492035e-10,6.180389908336946e-12,-2.277083410617443,0.07163052506535222,0.06562687875943568,-0.004008919575929553
0.12600000000000008,0.1988803354849494,0.14770492849995148,-1.453999558583778e-05,5.2243529451123244e-05,-1.113442981927753,-6.861462189190893e-06,0.004362773026262532,10.085308256152059,-0.00047313441230480613,0.0,0.0,1.0,-2.059633441299361e-10,-4.709951196482664e-10,6.54515151168926e-11,-2.2952193840490964,-4.069506968030778,0.06534861515850955,4.234888176228553
0.12700000000000009,0.19888039478083797,0.14660163534995993,-1.4547551095349266e-05,5.929588854942291e-05,-1.1032931499915628,-7.555509511487356e-06,0.007052359098299666,10.149831936190123,-0.0006940473222964632,0.0,0.0,1.0,1.1472377717808253e-10,-1.6820109462307625e-10,-1.926346342854788e-10,-2.3050783962342285,-4.0768173925226225,0.06499735903308551,4.242275638932869
0.12800000000000009,0.1988804588634593,0.14550855891388056,-1.4555646915244784e-05,6.408262131684917e-05,-1.0930764360793521,-8.095819895517411e-06,0.004786732767426257,10.216713912210684,-0.0005403103840300554,0.0,0.0,1.0,-5.8064621546881715e-11,-3.598277467668785e-11,3.484843438199442e-11,-2.3127254374054584,-4.084434998311868,0.06538165233873355,4.25218982363983
0.1290000000000001,0.1988805287603293,0.1444309279094937,-1.4564719150539794e-05,6.98968700103454e-05,-1.0776310043868886,-9.072235295009668e-06,0.005814248693496239,15.445431692463485,-0.0009764153994922568,0.0,0.0,1.0,-5.855476970027957e-11,-2.6042916115276793e-10,4.448681449212656e-12,-2.3217840223929485,-4.01057279729501,0.06495935877856447,4.263643132554324
0.1300000000000001,0.19888060474310432,0.1433763366365184,-1.4574109543571889e-05,7.598277500446008e-05,-1.0545912729753064,-9.390393032094693e-06,0.006085904994114676,23.03973141158222,-0.00031815773708502524,0.0,0.0,1.0,-1.1146639521651996e-10,-6.415591792616144e-11,2.920653075388771e-11,-2.2501555237073703,-4.003620713629976,-1.9259376982483773,4.257276368050597
0.1310000000000001,0.1988806845148036,0.1423445136109168,-1.4584718813194674e-05,7.977169926042098e-05,-1.0318230256016034,-1.0609269622785598e-05,0.0037889242559608943,22.768247373702977,-0.0012188765906909049,0.0,0.0,1.0,-3.798458407859084e-11,-1.1853656920976573e-10,-3.018433076109321e-12,-2.2340403083896514,-3.9657355047703993,-1.9035157163992038,4.220290670392381
0.1320000000000001,0.19888076665215348,0.1413400409395852,-1.4595906350745198e-05,8.213734990018442e-05,-1.0044726713316146,-1.1187537550524304e-05,0.002365650639763443,27.350354269988884,-0.0005782679277387062,0.0,0.0,1.0,1.312507860030468e-09,4.535972371669811e-11,1.813699413923862e-10,3.6197783898941367,-3.934494831532111,0.08523269434196913,4.185834141056218
0.1330000000000001,0.1988808596465572,0.1403624335864182,-1.460807936316647e-05,9.29944037188767e-05,-0.9776073531669929,-1.2173012421271025e-05,0.01085705381869228,26.865318164621677,-0.0009854748707467205,0.0,0.0,1.0,4.5291949388592533e-10,-6.108912741544811e-10,1.0083372463583234e-11,3.5466873683683002,-3.88330160342381,0.08176817185603696,4.132068456774022
0.1340000000000001,0.19888094746647236,0.13941122292511038,-1.4620339782108619e-05,8.781991516259998e-05,-0.9512106613078115,-1.2260418942148995e-05,-0.005174488556276721,26.396691859181367,-8.740652087797097e-05,0.0,0.0,1.0,2.8860465735890897e-11,1.180988053190318e-10,5.723767290200567e-11,3.477982705843527,-3.831731428682266,0.07648200924266069,4.0798023719376575
0.1350000000000001,0.19888105012550114,0.13848820250116128,-1.4633748344274109e-05,0.00010265902876439028,-0.923020423949084,-1.3408562165489633e-05,0.0148391136017903,28.1902373587275,-0.0011481432233406376,0.0,0.0,1.0,3.2588887732826005e-10,-2.414235565714841e-10,-1.1237264696387775e-10,-1.9511304737867423,-3.7856388959376908,0.07497693089264111,4.028788629234223
0.1360000000000001,0.19888115410683577,0.1375971656884447,-1.4647715994774416e-05,0.0001039813346320709,-0.8910368127165739,-1.396765050030676e-05,0.0013223058676806285,31.983611232510146,-0.0005590883348171264,0.0,0.0,1.0,-8.926373347257111e-12,-1.4066120654513327e-09,1.0183547006555622e-10,-1.918981272131434,-0.16485445984950323,0.06894284650406149,0.501303341259173
0.1370000000000001,0.19888125683223348,0.13674150839624236,-1.4662072209587637e-05,0.00010272539770696071,-0.855657292202357,-1.435621481322038e-05,-0.0012559369251101957,35.37952051421689,-0.00038856431291362,0.0,0.0,1.0,-5.973934431098991e-11,-3.0651467959265193e-10,5.594689398356529e-10,-1.883450990295754,-3.4721019247876557,0.06793491920362385,3.880130981360647
0.1380000000000001,0.1988813645297256,0.13592013191255686,-1.4676731147605031e-05,0.00010769749210888463,-0.8213764836854912,-1.4658938017394252e-05,0.004972094401923919,34.28080851686577,-0.00030272320417387255,0.0,0.0,1.0,-7.943653784156859e-14,-4.584005037268681e-10,9.190245331805987e-12,-1.8386192160972619,-3.3917735653332532,0.06253815671750498,3.7865149146597012
0.1390000000000001,0.19888147570067166,0.13513198298933732,-1.4691885609620103e-05,0.00011117094604874688,-0.7881489232195528,-1.5154462015071958e-05,0.003473453939862247,33.227560465938446,-0.0004955239976777063,0.0,0.0,1.0,2.40040085607794e-10,-4.4051445784816825e-10,1.2596599045851209e-10,-1.7991266836073598,-3.3116142053251143,0.059196657758234475,3.6995696709553965
0.1400000000000001,0.1988815893762711,0.13437604142786133,-1.4707238524649867e-05,0.00011367559943503653,-0.7559415614759774,-1.5352915029763556e-05,0.0025046533862896547,32.20736174357541,-0.00019845301469159805,0.0,0.0,1.0,1.8394040231778578e-10,-8.077794831457045e-11,3.6266464161711815e-10,-1.7599500722381403,-3.2340718539503377,0.056296515003467905,3.615333455768149
0.1410000000000001,0.19888170219238172,0.13365131850421488,-1.4722555358830287e-05,0.00011281611061370431,-0.7247229236464411,-1.53168341804201e-05,-0.0008594888213322207,31.218637829536267,3.6080849343456454e-05,0.0,0.0,1.0,-2.0513965650970017e-10,-1.3241262478890037e-09,-7.287907126518463e-11,-1.7190982878927383,-3.158513998750897,0.051739287943686235,3.533370754459958
0.1420000000000001,0.19888182260024778,0.13295856290622002,-1.4738952161893246e-05,0.00012040786607219005,-0.6927555979948707,-1.6396803062957777e-05,0.007591755458485742,31.967325651570345,-0.0010799688825376772,0.0,0.0,1.0,-2.2276687274579077e-09,3.1342993378245714e-09,4.02952411342486e-10,-0.30132906650221347,-3.087505616999534,0.05146569923704262,3.454476114448027
0.1430000000000001,0.19888194112142465,0.13229670421098225,-1.4754963416064312e-05,0.00011852117687141802,-0.6618586952377712,-1.60112541710659e-05,-0.0018866892007720296,30.896902757099554,0.0003855488918918761,0.0,0.0,0.9999999999999999,8.535821848886545e-09,1.2029643521636996e-08,1.260191044027821e-10,-0.30856389746062324,-3.0104323175276777,0.04570505454013179,3.3704929895237803
0.1440000000000001,0.19888206473553574,0.1316647091375815,-1.4771365331278377e-05,0.000123614111093442,-0.6319950734007623,-1.640191521406472e-05,0.005092934222023985,29.863621837008857,-0.0003906610429988173,0.0,0.0,1.0,-5.836386210403899e-11,-1.6025741633592656e-10,-2.8066072855610022e-11,-0.31792460542251616,-2.9363235420245544,0.04421928018650337,3.2894138733135576
0.1450000000000001,0.19888218403658905,0.13106157704832816,-1.4787710673905498e-05,0.00011930105332076176,-0.603132089253347,-1.6345342627120127e-05,-0.0043130577726802465,28.862984147415283,5.657258694459155e-05,0.0,0.0,1.0,3.623085554310834e-11,-1.6177012059619641e-09,-2.486606736255095e-10,-0.32354331138616627,-2.8636694942439065,0.03934513512290378,3.2105204471479882
0.1460000000000001,0.19888230558996225,0.13048633681047997,-1.4803746439171758e-05,0.00012155337321055379,-0.575240237848177,-1.6035765266260827e-05,0.0022523198897920283,27.89185140517003,0.00030957736085930013,0.0,0.0,1.0,-4.105706502816461e-12,-7.187531886688735e-10,1.534983924225319e-11,-0.33114910408948806,-2.794869030837491,0.0381522761570574,3.134389055791247
0.1470000000000001,0.19888243127033137,0.12993804737910766,-1.4820719744264848e-05,0.00012568036911635296,-0.5482894313722926,-1.6973305093090614e-05,0.004126995905799174,26.950806475884438,-0.0009375398268297875,0.0,0.0,1.0,1.4239542393662174e-11,-2.589582098525123e-10,3.957779718468909e-12,-0.33807779111927233,-2.7282500482752017,0.03626205355536125,3.0602439059205024
0.1480000000000001,0.19888255566429458,0.12941708741676275,-1.4837449746485546e-05,0.00012439396321562078,-0.5209599623449075,-1.673000222069867e-05,-0.0012864059007321887,27.329469027385088,0.00024330287239194512,0.0,0.0,1.0,7.302390883305737e-10,-1.4089414392637436e-10,1.4914666921836362e-10,-0.34239914785702097,-0.5604866380536392,0.03152258974588457,2.988430392543218
0.1490000000000001,0.1988826808686869,0.1289249228059614,-1.4854000990782013e-05,0.00012520439233599343,-0.4921646108013508,-1.655124429646748e-05,0.0008104291203726594,28.79535154355667,0.0001787579242311893,0.0,0.0,1.0,-2.3412539697418814e-10,-8.907139613845985e-10,-7.618075920294775e-11,-0.3487096456232673,3.3937970178151167,0.029329616806076955,-1.019699189631566
0.1500000000000001,0.19888280231368488,0.12846035437591313,-1.4871292250223896e-05,0.00012144499796176201,-0.46456843004828424,-1.729125944188257e-05,-0.003759394374231421,27.59618075306658,-0.00074001514541509,0.0,0.0,1.0,3.1421622044039586e-10,-4.4177639959035523e-10,-4.4122544936357926e-11,-0.3542999418203247,3.1982054588399675,0.02721988840357276,-0.9225386919542635
0.1510000000000001,0.1988829266416897,0.12802223065846782,-1.4887928972535717e-05,0.000124328004812226,-0.43812371744531947,-1.663672231182079e-05,0.002883006850463982,26.44471260296477,0.0006545371300617801,0.0,0.0,1.0,1.3830657862607883e-10,-7.120352754113446e-10,-3.496820402853651e-11,-0.35962889024203465,3.010259368242744,0.023722144694061902,-0.8315330389447175
0.1520000000000001,0.19888304707443416,0.12760943430463667,-1.49044680776575e-05,0.00012043274447363556,-0.4127963538311627,-1.6539105121783954e-05,-0.0038952603385904367,25.327363614156774,9.761719003683621e-05,0.0,0.0,1.0,7.999069737373697e-11,-7.921470639742988e-10,-3.6065657684241892e-12,-0.36517507679274525,2.8332867160667146,0.02181148816252681,-0.7444375920905187
0.1530000000000001,0.19888316946595339,0.12722188030288986,-1.4920643699279815e-05,0.00012239151922734676,-0.38755400174681365,-1.617562162231407e-05,0.001958774753711202,25.24235208434905,0.0003634834994698851,0.0,0.0,1.0,5.998810447697592e-10,-5.537813150724985e-09,-9.608575008959433e-10,-0.36957554334885917,2.6622868446202705,2.3522167498226345,-0.662094756948102
0.1540000000000001,0.19888328886304069,0.12685934490221717,-1.493729977712871e-05,0.00011939708729419574,-0.3625354006726772,-1.6656077848894605e-05,-0.002994431933151022,25.01860107413645,-0.00048045622658053703,0.0,0.0,1.0,4.461379980270487e-11,-8.984209279549148e-10,-5.211775724080991e-11,-0.37507291500183765,2.4939089829086356,2.2274488895771163,-2.0383666776763065
0.1550000000000001,0.19888340595749227,0.1265206635656074,-1.4953360061386584e-05,0.00011709445156717196,-0.3386813366097667,-1.6060284257873955e-05,-0.0023026357270237775,23.854064062910517,0.0005957935910206502,0.0,0.0,1.0,-8.469404477948096e-10,-2.492102826968304e-09,1.0479215673863179e-10,-0.37985064922850087,2.3250701733762433,2.1042832820943924,-1.8740223327544494
0.1560000000000001,0.19888352420730301,0.12620547794334022,-1.4969766876719814e-05,0.00011824981074704023,-0.315185622267164,-1.6406815333230864e-05,0.0011553591798682734,23.495714342602668,-0.0003465310753569085,0.0,0.0,0.9999999999999991,2.414871691569518e-08,3.5950410906311634e-08,-1.4022075333019427e-09,-2.2852358383018414,2.1604135578292585,1.984643092942976,-1.7199548123127202
0.1570000000000001,0.19888364117655347,0.12591262188331848,-1.4985182628686526e-05,0.00011696925044921483,-0.29285606002173276,-1.5415751966711915e-05,-0.0012805602978254035,22.329562245431255,0.0009910633665189492,0.0,0.0,1.0,3.232085632743752e-10,-2.2726605965720974e-09,-2.5206387055489946e-10,-2.1757174116125757,2.0015054342211087,1.8702458302782325,-1.567505267073645
0.1580000000000001,0.1988837567626009,0.12564097043013153,-1.5000781331000374e-05,0.00011558604741704562,-0.2716514531869544,-1.5598702313847373e-05,-0.0013832030321692123,21.20460683477837,-0.00018295034713545854,0.0,0.0,1.0,-4.425708319328781e-09,2.2578367468591513e-09,-2.245351622749416e-09,-2.0707430927532693,1.8482753958941864,1.7593897855931708,-1.4220865828891918
0.1590000000000001,0.19888386662748397,0.12538945274288776,-1.5015960655535778e-05,0.00010986488308544001,-0.2515176872437715,-1.5179324535404614e-05,-0.00572116433160561,20.13376594318289,0.0004193777784427588,0.0,0.0,1.0,2.9539858058195213e-10,-2.680592061757213e-10,-7.892665258116516e-12,-1.97299442291423,1.704281547973118,1.6563813748656235,-1.2843562984996852
0.16000000000000011,0.19888397778024489,0.12515702859674877,-1.5030866841444197e-05,0.0001111527609203943,-0.232424146139012,-1.4906185908418687e-05,0.0012878778349542934,19.0935411047595,0.00027313862698592696,0.0,0.0,1.0,-5.337412747781835e-10,-1.1565786370310867e-09,-5.5378806630581794e-11,-1.8774944324528111,1.56309072567744,1.5538608898067248,-1.1576429943292874
0.16100000000000012,0.19888408522589698,0.12494272333728672,-1.5045276459532068e-05,0.0001074456520923033,-0.21430525946205337,-1.4409618087871353e-05,-0.003707108828090999,18.118886676958628,0.0004965678205473342,0.0,0.0,1.0,-8.366122055742853e-11,-6.924489949284001e-10,-5.037784727541028e-11,-1.7893577311035316,1.4330148087752779,1.4609134689155625,-1.0328794960349772
0.16200000000000012,0.19888419074240143,0.1247456102897732,-1.5059700340348064e-05,0.00010551650444444091,-0.19711304751352335,-1.4423880815996994e-05,-0.0019291476478623891,17.192211948530016,-1.4262728125640734e-05,0.0,0.0,1.0,2.326880283143851e-10,-3.4750296342084114e-10,-7.740681966828275e-11,-1.7041930515979855,1.3068688737513592,1.3701696741683853,-0.9142472552228084
0.16300000000000012,0.19888429552667566,0.1245648016079777,-1.507359287585661e-05,0.00010478427423887212,-0.18080868179550486,-1.3892535508546373e-05,-0.0007322302055687925,16.30436571801849,0.0005313453074506211,0.0,0.0,1.0,-4.011142842612417e-10,2.6504203718954452e-11,-8.382148538674042e-11,-1.6232860906494613,1.1872093846953937,1.2839137948195976,-0.8014574511383914
0.16400000000000012,0.19888439791028903,0.1243998811197625,-1.5087436256169972e-05,0.00010238361337773008,-0.16492048821520972,-1.384338031336307e-05,-0.0024006608611420455,15.888193580295141,4.915519518330268e-05,0.0,0.0,1.0,-1.604383545337053e-11,-4.89542168138045e-10,-2.488099932683859e-12,-1.5465357991519832,1.0732612010064355,0.18475145795691247,-0.6939670115975647
0.16500000000000012,0.19888449645936263,0.12424996156054707,-1.5101173468093652e-05,9.854907360430941e-05,-0.14991955921541905,-1.3737211923680149e-05,-0.0038345397734206666,15.000928999790663,0.00010616838968292151,0.0,0.0,1.0,3.265788040949501e-10,-5.656487158943056e-10,1.0830208869491595e-10,-1.4711220228132542,0.9635232677342742,0.1850205323369065,-0.5884803402984635
0.16600000000000012,0.19888459600224637,0.12411421702751736,-1.5113849576556445e-05,9.954288374394717e-05,-0.13574453302971357,-1.267610846279255e-05,0.0009938101396377566,14.175026185705486,0.0010611034608875984,0.0,0.0,1.0,1.1113938851410432e-11,-5.853967269883479e-10,-2.2404781051754476e-10,-1.3990823106470818,0.857020276838007,0.18439086947652256,-0.48847764160855006
0.16700000000000012,0.19888468927716424,0.12399186823762848,-1.5126492483136793e-05,9.327491787728765e-05,-0.12234878988889132,-1.2642906580347523e-05,-0.00626796586665952,13.395743140822244,3.3201882445027514e-05,0.0,0.0,1.0,-1.6520024831100092e-09,-2.9702975098698322e-09,-9.94590923107714e-10,-1.3317577942974017,0.7569421488746427,0.18485856981107493,-0.39349231342897256
0.16800000000000012,0.19888478233601165,0.12388245931768617,-1.5138889619254776e-05,9.305884739282947e-05,-0.10940891994231268,-1.2397136117982791e-05,-0.00021607048445818088,12.939869946578641,0.0002457704623647316,0.0,0.0,1.0,1.8535543376185506e-11,-3.2029846301630396e-10,1.9140446345634043e-12,-1.2662524410619398,0.6595766223377749,-0.5055740339998157,-0.30338624893731075
0.16900000000000012,0.19888487276841865,0.12378523467537397,-1.5150859258712689e-05,9.043240700620732e-05,-0.0972246423121918,-1.1969639457912077e-05,-0.0026264403866221465,12.18427763012088,0.00042749666007071356,0.0,0.0,1.0,-6.318874838995331e-12,-6.549650847316443e-11,-7.562530310408753e-11,-1.2037792103991076,0.5669307653498986,-0.438699575317916,-0.21559510947218596
0.17000000000000012,0.19888496093488212,0.1236994795536605,-1.5162630238027015e-05,8.816646345735833e-05,-0.0857551217134856,-1.1770979314327456e-05,-0.00226594354884899,11.469520598706207,0.00019866014358462154,0.0,0.0,0.9999999999999999,-1.0127270645718285e-08,-1.4954152339284214e-08,-1.4884112766640595e-10,-1.14396710605571,0.47814064759003466,-0.3766430120029986,-0.1324863555961741
0.17100000000000012,0.1988850464219933,0.12362451501933489,-1.5174084315145788e-05,8.548711120305058e-05,-0.07496453432560952,-1.1454077118773269e-05,-0.0026793522543077466,10.79058738787607,0.0003169021955541873,0.0,0.0,1.0,-2.542359159631059e-11,-2.3223527687956222e-10,-1.3577400877327813e-11,-1.0873975042607402,0.39435436738869917,-0.31787374001950364,-0.05384681947422089
0.17200000000000013,0.19888512886735485,0.12355969803255122,-1.5185284577096462e-05,8.244536153119787e-05,-0.06481698678366364,-1.120026195067495e-05,-0.0030417496718527126,10.147547541945883,0.0002538151680983185,0.0,0.0,1.0,9.029685802764481e-11,-3.3673904686818204e-10,-1.5351940056406366e-11,-1.0339286640635976,0.3148472301852869,-0.2627020184468872,0.020643935781887467
0.17300000000000013,0.19888521055349515,0.12350441765067995,-1.5195996030009443e-05,8.168614029368641e-05,-0.05528038187127615,-1.0711452912981384e-05,-0.0007592212375114623,9.536604912387489,0.0004888090376935666,0.0,0.0,1.0,9.452004282836826e-11,-2.898291172515522e-10,5.63327046314597e-12,-0.9830133299434219,0.23958476300411588,-0.21047403709089682,0.09118834286040804
0.17400000000000013,0.1988852881570997,0.12345809818124817,-1.5206422964519604e-05,7.760360455606322e-05,-0.046319469431774965,-1.0426934510162397e-05,-0.004082535737623188,8.960912439501186,0.00028451840281898606,0.0,0.0,1.0,-4.52624323308091e-12,-7.888764168033826e-11,6.781794154836775e-12,-0.9355589009522347,0.16869849864852812,-0.1607697565236139,0.15779181522557378
0.17500000000000013,0.19888536462822906,0.1234201811825761,-1.5216530364082743e-05,7.647112937650228e-05,-0.03791699867206781,-1.0107399563139213e-05,-0.0011324751795609438,8.402470759707153,0.00031953494702318487,0.0,0.0,1.0,-4.08078062327131e-09,3.2486442890721668e-09,-1.2106097058994268e-09,-0.8887001978066843,0.10030718996758005,-0.11554107787159001,0.22138721795274624
0.17600000000000013,0.19888543783333443,0.123390164471003,-1.522654541923605e-05,7.32051053580839e-05,-0.030016711573104666,-1.0015055153308087e-05,-0.003266024018418377,7.900287098963146,9.234440983112609e-05,0.0,0.0,1.0,6.363763881250368e-11,-2.1728771195246349e-10,-4.904492512820083e-11,-0.8472207413640431,0.03755854072244231,-0.06986251913446222,0.280541377230602
0.17700000000000013,0.19888550847308628,0.12336754205131555,-1.523594807110782e-05,7.06397518654983e-05,-0.022622419687456072,-9.402651871769392e-06,-0.0025653534925855993,7.3942918856485935,0.0006124032815386941,0.0,0.0,1.0,1.2116009121743366e-11,-1.5773437264770558e-10,-2.799395410710997e-12,-0.8054121990719244,-0.023443979633291666,-0.029968562691693432,0.3373855938058258
0.17800000000000013,0.19888557685178046,0.12335185148729434,-1.5245085184259481e-05,6.837869418287645e-05,-0.015690564021198616,-9.13711315166123e-06,-0.0022610576826218465,6.931855666257456,0.00026553872010816196,0.0,0.0,1.0,1.3684910239355063e-11,-6.086177867949379e-11,3.147145368961492e-12,-0.7673940893193781,-0.08068679299390576,0.010078674753568792,0.3907539124304058
0.17900000000000013,0.19888564348740098,0.12334265078750849,-1.5253940791952921e-05,6.663562051269251e-05,-0.009200699785854827,-8.8556076934393e-06,-0.00174307367018394,6.48986423534379,0.0002815054582219301,0.0,0.0,1.0,6.770231537773373e-11,-1.7124832740417764e-10,-8.120795583799064e-12,-0.730459039617019,-0.13486061210149075,0.04644785205186703,0.44136542696633957
0.18000000000000013,0.19888570707738587,0.12333951951707003,-1.5262425730271803e-05,6.35899848948107e-05,-0.003131270438452202,-8.484938318882858e-06,-0.0030456356178818096,6.069429347402625,0.00037066937455644284,0.0,0.0,1.0,2.1340920652060042e-11,-6.903525670000789e-11,5.6422430161496514e-12,-0.6958990885463282,-0.18581070878089465,0.08166407455684097,0.4891893206143278
0.18100000000000013,0.19888576869407987,0.1233420623571923,-1.5270596167141513e-05,6.161669399114926e-05,0.002542840122270127,-8.170436869709436e-06,-0.0019732909036614464,5.67411056072233,0.0003145014491734213,0.0,0.0,1.0,2.6171974422510965e-11,-6.096681797948775e-11,8.896697738631578e-12,-0.663301852732231,-0.2344417113065177,0.11399113682398947,0.5343184742866969
0.18200000000000013,0.19888582793980514,0.12334968279212229,-1.5278451416548546e-05,5.924572525684643e-05,0.007620434929983641,-7.855249407031659e-06,-0.0023709687343028306,5.077594807713513,0.0003151874626777776,0.0,0.0,1.0,2.9655927611780214e-11,-1.3834563668079958e-10,3.774534711153682e-12,-0.6140114236546965,-0.30676383897778486,0.16362668414866305,0.6019277411339423
0.18300000000000013,0.19888588503741503,0.12336142837312068,-1.5286104754384487e-05,5.7097609897874424e-05,0.011745580998395726,-7.653337835940246e-06,-0.0021481153589720022,4.125146068412085,0.00020191157109141291,0.0,0.0,1.0,3.8333941490589174e-10,4.1390523546474035e-10,8.769268967338784e-12,-0.531243132016262,-0.4293914694392142,0.12273398925654573,0.7158388068761287
0.18400000000000014,0.1988859403138579,0.1233760912086862,-1.52935061166852e-05,5.5276442862412206e-05,0.014662835565520558,-7.4013623007146316e-06,-0.0018211670354622187,2.9172545671248327,0.0002519755352256142,0.0,0.0,1.0,3.657640223041714e-11,-6.060918597827549e-11,-2.43281511462964e-11,-0.42344455266738396,-0.5885166609190723,0.009144867237853032,0.863665792316531
0.18500000000000014,0.19888599345467944,0.12339244592708591,-1.5300460809026058e-05,5.314082155615064e-05,0.0163547183997129,-6.954692340858836e-06,-0.002135621306261565,1.6918828341923406,0.00044666995985579577,0.0,0.0,1.0,2.10538981618011e-10,1.399043485965377e-10,2.3609861157601238e-12,-0.45489341480124285,-0.7690481561402928,-0.028479901061068034,0.9586726212719919
0.18600000000000014,0.19888604528549964,0.12340922301207123,-1.530728327954568e-05,5.183082019624206e-05,0.016777084985315365,-6.8224705196193935e-06,-0.001310001359908584,0.4223665856024662,0.00013222182123944227,0.0,0.0,1.0,-5.472279736723767e-13,-4.6824922218976994e-11,6.5379757994253506e-12,-0.4588948290407104,-0.9578088515137857,-0.03034408592702926,1.0463091305248866
0.18700000000000014,0.1988860961164272,0.12342543162092255,-1.5314008294467638e-05,5.083092758852739e-05,0.016208608851322977,-6.725014921957139e-06,-0.0009998926077146658,-0.5684761339923884,9.745559766225449e-05,0.0,0.0,1.0,3.1561636919964874e-11,-2.3242695197930623e-10,-4.8229749594755153e-11,-0.4624351595084552,-0.7474253578189759,-0.03315654473376284,0.8670007732973528
0.18800000000000014,0.19888614548160277,0.12344008330443314,-1.532055945282211e-05,4.9365175546184616e-05,0.0146516835105829,-6.551158354474612e-06,-0.0014657520423427745,-1.5569253407400774,0.0001738565674825274,0.0,0.0,1.0,2.8746391095324583e-11,-4.047894990373791e-11,-8.028208260482602e-13,-0.4658118199401746,-0.676150551489113,-0.03499614128464363,0.7876501380469325
0.18900000000000014,0.19888619422073422,0.12345238265932779,-1.532701545676917e-05,4.873913145245319e-05,0.012299354894644076,-6.456003947059654e-06,-0.0006260440937314233,-2.3523286159388235,9.51544074149579e-05,0.0,0.0,1.0,-6.643280551633245e-12,-7.558406176244989e-12,-2.139234346247108e-12,-0.4280306916943692,-0.6157545384743458,-0.03678134155858497,0.7199659708789348
0.19000000000000014,0.19888624181569473,0.12346170232239091,-1.533334205209963e-05,4.75949605011313e-05,0.009319663063130987,-6.326595330461547e-06,-0.0011441709513218931,-2.979691831513089,0.0001294086165981068,0.0,0.0,1.0,1.129811107234667e-11,2.7759476913492684e-11,4.079508827427982e-11,-0.40334464879175624,-0.5683453289539792,-0.03847521135141609,0.6669761775987568
0.19100000000000014,0.19888628867735056,0.12346762076029308,-1.5339544800874942e-05,4.6861655831054574e-05,0.0059184379021631145,-6.202748775310058e-06,-0.0007333046700767256,-3.4012251609678725,0.00012384655515148928,0.0,0.0,1.0,5.3501360013712705e-12,-1.3883030236103736e-10,-6.0082765858000925e-12,-0.3867325045681185,-0.5363909953339339,-0.03880014923410672,0.631657630412575
0.19200000000000014,0.19888633514408052,0.12346993750889602,-1.5345694747244746e-05,4.646672995007568e-05,0.0023167486029522354,-6.149946369803976e-06,-0.00039492588097889744,-3.601689299210879,5.280240550608174e-05,0.0,0.0,1.0,2.835206757005e-11,-4.7222461737660224e-11,-2.750976122821202e-11,-0.3792644619107517,-0.5218896867095674,-0.03983020400902867,0.6142243774854136
0.19300000000000014,0.19888638069134074,0.12346867359252284,-1.5351734633020865e-05,4.554726020648072e-05,-0.0012639163731914755,-6.0398857761180786e-06,-0.0009194697435949562,-3.580664976143711,0.00011006059368589732,0.0,0.0,1.0,1.1663487891583892e-11,-6.464754005182275e-11,2.856881679624674e-13,-0.37963575256159143,-0.5227073978350468,-0.03962876824872355,0.6161879725225555
0.19400000000000014,0.19888642553745617,0.12346406601229845,-1.535765654265022e-05,4.4846115437297725e-05,-0.0046075802243889935,-5.921909629357354e-06,-0.0007011447691829956,-3.343663851197518,0.00011797614676072458,0.0,0.0,1.0,5.049010259294965e-10,2.2646702243940462e-09,-2.648558717052838e-10,-0.38942962412807935,-0.5412641100066186,-0.03892967316660914,0.6365271346353722
0.19500000000000015,0.19888646947940508,0.12345653881041704,-1.536348090417293e-05,4.3941948900246205e-05,-0.007527201881413595,-5.824361522708638e-06,-0.0009041665370515205,-2.919621657024601,9.754810664871557e-05,0.0,0.0,1.0,-2.4443082407094356e-12,-2.5210986204672498e-11,-2.020116273967737e-11,-0.4054965267042572,-0.572546080703358,-0.03830989743777283,0.6719540562661355
0.19600000000000015,0.19888651218584727,0.12344666923015127,-1.536917121866233e-05,4.270644219724059e-05,-0.009869580265774723,-5.6903144893996555e-06,-0.0012355067030056146,-2.342378384361128,0.00013404703330898294,0.0,0.0,1.0,6.860665416858034e-12,-4.693923208870034e-11,1.349759244553303e-12,-0.4285321671309391,-0.6164303772836379,-0.03702531871395924,0.7212219794060184
0.19700000000000015,0.19888655357366739,0.12343514993801988,-1.5374641874629564e-05,4.13878201292555e-05,-0.011519292131393275,-5.470655967235549e-06,-0.0013186220679850917,-1.6497118656185523,0.00021965852216410657,0.0,0.0,1.0,5.471928292424121e-10,7.740860128307591e-10,4.1552684401380104e-13,-0.4551933990437649,-0.6684801798710946,-0.035736507058498165,0.7796451668604819
0.19800000000000015,0.19888659376750514,0.12342274099806969,-1.5379948419340357e-05,4.019383776240282e-05,-0.012408939950199073,-5.306544710792991e-06,-0.0011939823668526799,-0.8896478188057978,0.00016411125644255777,0.0,0.0,1.0,9.170390559538152e-13,-4.423278554496139e-11,1.447905049060388e-13,-0.48531846916315796,-0.7259752999572578,-0.03384008844675314,0.8438193148574248
0.19900000000000015,0.19888663183419641,0.12341028772108759,-1.5384954853608935e-05,3.806669126301172e-05,-0.012453276982099495,-5.00643426857686e-06,-0.002127146499391098,-0.044337031900421736,0.0003001104422161309,0.0,0.0,1.0,7.866354541588531e-12,-8.753990557204274e-11,2.176975713870059e-11,-0.4606042856049501,-0.7840593185973802,-0.03266763081827032,0.909473984455772
0.20000000000000015,0.1988866683559038,0.12339857429753248,-1.5389778114194904e-05,3.6521707381265005e-05,-0.011713423555108397,-4.823260585970383e-06,-0.0015449838817467153,0.7398534269910974,0.00018317368260647754,0.0,0.0,1.0,4.4159229311621316e-11,-6.055026701644176e-11,-5.369471661808576e-12,-0.4586523105594417,-0.8403555451311447,-0.030733627946492374,0.9723947243498702
0.20100000000000015,0.19888670247900708,0.12338829898559901,-1.5394321398222135e-05,3.4123103274770997e-05,-0.01027531193346525,-4.54328402723197e-06,-0.002398604106494009,1.4381116216431473,0.00027997655873841256,0.0,0.0,1.0,-1.5455142345023943e-11,-3.416496644983319e-11,-7.266540064046962e-11,-0.45569077994448587,-0.8903993047144554,-0.02948296690905746,1.028735513092402
0.20200000000000015,0.19888673445635652,0.12338018515246116,-1.5398312454836317e-05,3.197734942258068e-05,-0.008113833137851566,-3.991056614183287e-06,-0.0021457538521903147,2.161478795613684,0.000552227413048683,0.0,0.0,1.0,-2.4880422784018073e-11,-2.49030295883259e-10,7.60080009241793e-12,-0.4537288769754803,-0.6982084347919324,-0.028249403912666785,0.927092692243784
0.20300000000000015,0.198886764026965,0.12337469829258743,-1.5402065233169126e-05,2.9570608486277647e-05,-0.005486859873730417,-3.7527783328104196e-06,-0.0024067409363030348,2.626973264121149,0.0002382782813728675,0.0,0.0,1.0,-9.99443461080922e-10,-3.0222150367450072e-09,2.503399681626264e-09,-0.4528457516364037,-0.6291593407168763,-0.027586670981441044,0.8950374632243142
0.20400000000000015,0.19888679090136116,0.12337210605599913,-1.5405546340873444e-05,2.6874396154236603e-05,-0.0025922365883011816,-3.4811077043159247e-06,-0.0026962123320410447,2.8946232854292355,0.0002716706284944949,0.0,0.0,0.9999999999999999,7.41202571926521e-09,1.149059067521578e-08,-1.4045778302682484e-10,-0.451723273953682,-0.5912897681460846,0.005024621908554992,0.8777081625686691
0.20500000000000015,0.19888681510155107,0.12337244783183582,-1.5408668225254202e-05,2.4200189895184398e-05,0.00034177583669013726,-3.121884380757325e-06,-0.0026742062590522048,2.9340124249913186,0.0003592233235585995,0.0,0.0,0.9999999999999999,5.057471346903931e-11,-6.358675934039797e-11,-4.4181769135819833e-13,-0.4523415126355135,-0.586516812160959,0.008280034993382772,0.8644217946746544
0.20600000000000016,0.1988868366787709,0.12337552482057035,-1.541145497623228e-05,2.1577219839997708e-05,0.003076988734523749,-2.786750978075701e-06,-0.00262297005518669,2.7352128978336117,0.00033513340268162415,0.0,0.0,0.9999999999999999,4.1610392578215433e-10,-1.1128436866805934e-09,2.939075927433659e-10,-0.45221624804316424,-0.6137879851018854,-0.01188979255128928,0.8879549989985426
0.20700000000000016,0.19888685614609233,0.12338096144704504,-1.541354472996106e-05,1.9467321414331963e-05,0.005436626474684003,-2.0897537287778682e-06,-0.0021098984256657446,2.359637740160254,0.0006969972492978328,0.0,0.0,0.9999999999999999,1.3290081634844563e-10,-2.977800778684513e-11,1.2444607671814486e-11,-0.4523235142940312,-0.6684891855868881,-0.027768766869633536,0.9134688223865272
0.20800000000000016,0.19888687331548757,0.1233882372392523,-1.5415485567172974e-05,1.716939523939568e-05,0.007275792207256783,-1.940837211915322e-06,-0.002297926174936283,1.8391657325727795,0.00014891651686254608,0.0,0.0,0.9999999999999999,-2.3897652804950397e-11,-9.72671881665217e-11,-9.768296085664846e-12,-0.45515709828368295,-0.746185694743096,-0.02907487273803162,0.9496693786767394
0.20900000000000016,0.19888688790609999,0.12339672919302766,-1.5417195465985952e-05,1.4590612401095794e-05,0.008491953775361986,-1.7098988129762682e-06,-0.0025787828382998856,1.2161615681052038,0.00023093839893905391,0.0,0.0,0.9999999999999999,6.9564149194876105e-12,-1.784227558184856e-10,6.651314709674037e-13,-0.4574190302168107,-0.8385623254402861,-0.030316952538183187,0.9924898229934511
0.21000000000000016,0.19888690079888463,0.12340580819780858,-1.541863268599252e-05,1.2892784650460726e-05,0.009079004780914597,-1.4372200065667545e-06,-0.0016978277506350683,0.5870510055526104,0.0002726788064095137,0.0,0.0,0.9999999999999999,2.196686209887402e-11,-1.3438009699937362e-10,2.9421870373991904e-11,-0.45942262101657,-0.8590358654214812,-0.03148394151844032,0.9619934770991562
0.21100000000000016,0.19888691193744923,0.12341489511202523,-1.5419755302243546e-05,1.1138564603802914e-05,0.009086914216653384,-1.1226162510262782e-06,-0.0017542200466578127,0.007909435738787454,0.00031460375554047637,0.0,0.0,0.9999999999999999,-1.4458804501576859e-10,1.084362654888188e-09,-9.297186392732453e-12,-0.46100104584918516,-0.7878334035058149,-0.03200290904521828,0.9139732286370041
0.21200000000000016,0.1988869211597678,0.12342341958756675,-1.542070330901762e-05,9.222318589200078e-06,0.008524475541519373,-9.480067740736287e-07,-0.0019162460146028358,-0.5624386751340114,0.00017460947695264943,0.0,0.0,0.9999999999999999,-1.0140047028347134e-10,-1.8848855694632485e-10,-5.602622246126536e-11,-0.46270574895105365,-0.7468206021873351,-0.034177362683532136,0.8683362380366586
0.21300000000000016,0.19888692867866645,0.12343087436377273,-1.5421517997882977e-05,7.518898642171834e-06,0.007454776205975075,-8.146888653553813e-07,-0.0017034199470282437,-1.0696993355442976,0.00013331790871824742,0.0,0.0,0.9999999999999999,4.029281945471921e-10,4.3661856109131245e-10,-2.6530594750133144e-11,-0.4646183541685276,-0.710483092114805,-0.03485671759689203,0.8275831230846206
0.21400000000000016,0.19888693471723842,0.12343684314560101,-1.5422113034148724e-05,6.038571967074356e-06,0.005968781828272455,-5.950362657475976e-07,-0.0014803266750974787,-1.48599437770262,0.0002196525996077837,0.0,0.0,0.9999999999999999,-2.45438101335609e-09,-3.945005272715005e-09,-2.687219163326456e-11,-0.4658502906295712,-0.6805931873727662,-0.035592092516115836,0.7939490697796212
0.21500000000000016,0.19888693948415517,0.12344103881075616,-1.542225899158101e-05,4.766916737624124e-06,0.0041956651551574384,-1.4595743228280063e-07,-0.001271655229450232,-1.7731166731150168,0.000449078833464797,0.0,0.0,0.9999999999999999,7.796912412784603e-12,-8.345478589888157e-11,-1.0368313091481987e-11,-0.4508539137438247,-0.6591599638899334,-0.036097529517792805,0.7698617177399821
0.21600000000000016,0.19888694276485816,0.1234432918586401,-1.5423646739699468e-05,3.28070298003455e-06,0.0022530478839451443,-1.3877481184606357e-06,-0.0014862137575895737,-1.9426172712122942,-0.001241790686177835,0.0,0.0,0.9999999999999999,1.0360552834925314e-09,1.5880404884648177e-09,-1.7158878219816443e-11,-0.4435469291537903,-0.6424764347073116,-0.034612200643585105,0.7547043730428604
0.21700000000000016,0.19888694498903817,0.12344355550337237,-1.5424204287739343e-05,2.2241800112844792e-06,0.0002636447322641679,-5.57548039875718e-07,-0.0010565229687500709,-1.9894031516809763,0.0008302000785849178,0.0,0.0,0.9999999999999999,-1.2794959997308883e-09,-2.4495927396137255e-09,-6.83140660865313e-11,-0.4424931834458107,-0.642407688235678,-0.03558557536397014,0.7505185436567353
0.21800000000000017,0.1988869473350288,0.1234419026204599,-1.5424449414908232e-05,2.345990632654933e-06,-0.001652882912472617,-2.451271688893757e-07,0.00012181062137045382,-1.916527644736785,0.00031242087098634223,0.0,0.0,0.9999999999999999,-8.868448653237267e-12,-9.106743999045069e-11,-3.2101925342061744e-12,-0.43792576198000793,-0.6481886395605058,-0.03648436857016861,0.7574358125630023
0.21900000000000017,0.19888694782487049,0.1234385168802106,-1.5424586613135207e-05,4.898416901774938e-07,-0.003385740249306104,-1.3719822697422755e-07,-0.0018561489424774391,-1.7328573368334867,0.00010792894191514817,0.0,0.0,0.9999999999999999,3.6364998543333337e-10,-2.6029616319448987e-10,1.0979978397562988e-11,-0.451997966866994,-0.6616124088986236,-0.03643497998458265,0.7730802344571153
0.22000000000000017,0.19888694925738887,0.1234336780018265,-1.542464264940327e-05,1.4325183876431432e-06,-0.00483887838408864,-5.603626806274012e-08,0.0009426766974656493,-1.4531381347825358,8.116195891148744e-05,0.0,0.0,0.9999999999999999,-1.0610422139938786e-11,-3.553843572006285e-12,-3.3881665457428056e-12,-0.45568268481271623,-0.6833089472120156,-0.03517057416996307,0.7963594543705739
0.22100000000000017,0.19888695014610935,0.1234277529987195,-1.5424691598257945e-05,8.887204953955752e-07,-0.00592500310699906,-4.8948854673579417e-08,-0.000543797892247568,-1.0861247229104198,7.087413389160704e-06,0.0,0.0,0.9999999999999999,-1.1624442235757205e-12,-1.1548629787272255e-10,6.306038944291588e-12,-0.464113874705819,-0.7029376669626524,-0.02631193965881359,0.8217236560237249
0.22200000000000017,0.1988869510052351,0.12342116559110192,-1.542489480571371e-05,8.591257431145849e-07,-0.0065874076175858765,-2.032074557647557e-07,-2.9594752280990284e-05,-0.6624045105868168,-0.0001542586010911763,0.0,0.0,0.9999999999999999,8.182709398485198e-12,-3.73025297865661e-11,-2.4994784949545142e-12,-0.4548059259303467,-0.7395811881189785,-0.03383161682852693,0.8602669080761414
0.22300000000000017,0.19888695105288517,0.12341435957040318,-1.5425215483204223e-05,4.765007359109363e-08,-0.006806020698725759,-3.206774905122979e-07,-0.0008114756695234913,-0.21861308113988245,-0.0001174700347475422,0.0,0.0,0.9999999999999999,1.2857923260369303e-12,-2.739256585654656e-10,7.249123950017325e-12,-0.4614723177333469,-0.7650884839293083,-0.023929462944095637,0.892741950572611
0.22400000000000017,0.19888695185344069,0.12340777092217278,-1.542548669912982e-05,8.00555523406668e-07,-0.006588648230400974,-2.712159255969926e-07,0.0007529054498155743,0.21737246832478474,4.9461564915305316e-05,0.0,0.0,0.9999999999999999,3.3243821772213425e-10,-6.013647933743261e-10,-9.282080392985504e-11,-0.45073507351759784,-0.8029462074801303,-0.03180044336809474,0.9309015637599117
0.22500000000000017,0.19888695274282892,0.12340180505631616,-1.5426565206941926e-05,8.893882387080382e-07,-0.00596586585662372,-1.0785078121084502e-06,8.883271530137028e-05,0.6227823737772544,-0.0008072918865114577,0.0,0.0,0.9999999999999999,1.5370401857317826e-11,-3.269710765235111e-11,-5.326184253959808e-12,-0.45886589543709766,-0.8265341626191833,-0.021205823030691316,0.958332940103371
0.22600000000000017,0.19888695256848848,0.12339680308312091,-1.5425918388212584e-05,-1.7434042557059598e-07,-0.005001973195248603,6.468187293424507e-07,-0.0010637286642786344,0.9638926613751171,0.001725326541450901,0.0,0.0,0.9999999999999999,7.12128440679595e-11,-1.4279272177282778e-11,-1.218417016386483e-11,-0.4579007747314618,-0.8513011713829544,-0.02167974224834684,0.9873134808524224
0.22700000000000017,0.19888695104451146,0.12339305120096827,-1.54266101119336e-05,-1.5239770261974784e-06,-0.0037518821526359458,-6.917237210181933e-07,-0.0013496366006268822,1.250091042612657,-0.001338542450360644,0.0,0.0,0.9999999999999999,-1.0151636194841425e-11,-1.9504256369804926e-10,1.3211747114919845e-12,-0.45488253837502063,-0.8474883998974543,-0.02553766221333907,1.010221347936388
0.22800000000000017,0.19888695036537604,0.12339076300884336,-1.5426399552123755e-05,-6.791354050068514e-07,-0.002288192124921623,2.105598098469527e-07,0.000844841621190627,1.4636900277143228,0.0009022835308651459,0.0,0.0,0.9999999999999999,5.665817379874886e-11,-1.9044189771116436e-10,9.819542059025047e-12,-0.44582587495935794,-0.8022548902539084,-0.02960302962119336,0.9732644068200532
0.22900000000000018,0.19888694998664952,0.12339002546120399,-1.5426372053038217e-05,-3.787265131182125e-07,-0.0007375476393598777,2.7499085537310064e-08,0.0003004088918886389,1.5506444855617452,-0.00018306072430964262,0.0,0.0,0.9999999999999999,-7.560673336681124e-11,-1.8030450660306468e-11,2.479861485279284e-11,-0.45620452000961703,-0.7835427752330513,-0.018785431312465503,0.9628638798377398
0.23000000000000018,0.19888694929858455,0.12339080783555761,-1.542656775117229e-05,-6.880649744530291e-07,0.0007823743536195214,-1.9569813407377e-07,-0.00030933846133481663,1.5199219929793992,-0.00022319721961108006,0.0,0.0,0.9999999999999999,9.148107541534237e-13,-1.248900111744213e-10,7.478938958335297e-13,-0.45585906976137824,-0.7875159512901236,-0.019145367163529575,0.9653712496427643
0.23100000000000018,0.19888694903139478,0.12339297103416601,-1.54252382103371e-05,-2.671897750615657e-07,0.0021631986083971706,1.329540835190937e-06,0.00042087519939146343,1.3808242547776493,0.001525238969264707,0.0,0.0,0.9999999999999999,-7.126324268007346e-11,-1.8207644646153907e-11,1.7694650350327387e-10,-0.44604791444876324,-0.8085697560835055,-0.027798116698356072,0.9767583159261911
0.23200000000000018,0.19888694833116827,0.1233962852431792,-1.5424902892942374e-05,-7.002265141589259e-07,0.0033142090131837287,3.353173947225918e-07,-0.0004330367390973601,1.1510104047865581,-0.0009942234404683454,0.0,0.0,0.9999999999999999,-1.0490155881163016e-10,-7.336937420061113e-11,1.8855363854896266e-10,-0.45705642989995393,-0.8429056717538659,-0.020508575698832125,0.992551690415376
0.23300000000000018,0.19888694825066544,0.12340047094923694,-1.542379575471163e-05,-8.050282142562536e-08,0.004185706057747799,1.107138230745435e-06,0.0006197236927333005,0.8714970445640701,0.0007718208360228434,0.0,0.0,0.9999999999999999,1.68013991966231e-10,1.0587245877379144e-10,-6.214130294262669e-11,-0.4476637255481536,-0.8554680769246344,-0.030984903467798044,0.9800916261001578
0.23400000000000018,0.198886948808137,0.12340522740057673,-1.542382739442874e-05,5.574715648377352e-07,0.004756451339797906,-3.163971710740294e-08,0.0006379743862633605,0.5707452820501073,-0.001138777947852838,0.0,0.0,0.9999999999999999,5.918215519090952e-12,-1.0477183982752723e-10,-4.374195480470347e-12,-0.4495968211537678,-0.8276988757040841,-0.030665399406658248,0.9574658135744695
0.23500000000000018,0.19888694897938888,0.12341023291967963,-1.5422547266071845e-05,1.7125188119846252e-07,0.005005519102904127,1.280128356894154e-06,-0.00038621968363927267,0.24906776310622097,0.0013117680740015569,0.0,0.0,0.9999999999999999,2.3530100239113812e-11,-1.1978043532612156e-10,2.497983960241022e-12,-0.45960466677817174,-0.8011864321150132,-0.02477341908817783,0.9297640844762308
0.23600000000000018,0.19888694810603502,0.12341515926151532,-1.5422810831158874e-05,-8.733538676142829e-07,0.004926341835681318,-2.635650870299851e-07,-0.0010446057488127454,-0.07917726722280871,-0.0015436934439241393,0.0,0.0,0.9999999999999999,4.123184298268835e-11,-7.824405381643428e-11,-6.12680968311667e-13,-0.46070940681267514,-0.7779199790263894,-0.028353088270075873,0.9052876579757009
0.23700000000000018,0.19888694731881434,0.12341970230440122,-1.5422592690877387e-05,-7.872206686372827e-07,0.004543042885899714,2.1814028148676324e-07,8.613319897700025e-05,-0.3832989497816047,0.0004817053685167483,0.0,0.0,0.9999999999999999,-3.649303345677504e-11,-1.7277806515502454e-10,-2.5179795136774e-11,-0.46183260701176193,-0.753372382945887,-0.024022159394859518,0.8775679173697654
0.23800000000000018,0.19888694705214935,0.12342359508588449,-1.5422899869498048e-05,-2.6666499664687255e-07,0.0038927814832755204,-3.071786206627288e-07,0.0005205556719904102,-0.6502614026241932,-0.000525318902149492,0.0,0.0,0.9999999999999999,-6.890649567556808e-12,-4.3183357412684866e-11,-7.883711613594657e-13,-0.4545626922656248,-0.7408158737491303,-0.033877897847071514,0.8597016331184248
0.23900000000000018,0.1988869467113122,0.12342662461499326,-1.5422990459682264e-05,-3.4083712331456534e-07,0.003029529108768754,-9.059018421461016e-08,-7.41721266676928e-05,-0.8632523745067664,0.00021658843644811865,0.0,0.0,0.9999999999999999,-1.507883317008836e-11,-1.8793141958068506e-12,8.30766940849763e-12,-0.463727724307826,-0.7190692070355927,-0.025427530997120626,0.8394787512148962
0.24000000000000019,0.1988869464899088,0.12342864069365354,-1.5423719890216884e-05,-2.2140341683764778e-07,0.00201607866027392,-7.294305346216964e-07,0.00011943370647691756,-1.0134504484948341,-0.0006388403504070863,0.0,0.0,0.9999999999999999,-7.83814430607756e-11,-2.597045909093412e-10,7.561996633130955e-13,-0.45639739953742153,-0.7103526798292552,-0.03486556700338332,0.8277248483830559
0.2410000000000002,0.1988869462730576,0.12342956519731284,-1.5423319790561322e-05,-2.1685117124324227e-07,0.0009245036592903517,4.00099655562788e-07,4.552245594405518e-06,-1.0915750009835683,0.0011295301901844844,0.0,0.0,0.9999999999999999,-4.042942279489674e-12,-1.2934899737666055e-10,2.855037480928907e-12,-0.4575899355576522,-0.7073903045735266,-0.033790984420963746,0.8243897568710666
0.2420000000000002,0.1988869459903747,0.12342939153286575,-1.5422849760998965e-05,-2.8268290172619864e-07,-0.00017366444708305604,4.7002956235830074e-07,-6.583173048295638e-05,-1.0981681063734077,6.992990679551272e-05,0.0,0.0,0.9999999999999999,-1.512418644325394e-10,-4.863881399095926e-10,4.4600076575536e-12,-0.4562728807424377,-0.708461048762634,-0.034985853301074045,0.8254221933513683
0.2430000000000002,0.19888694638866936,0.1234281817055285,-1.5422642879107576e-05,3.982946395390584e-07,-0.0012098273372591062,2.0688189139057953e-07,0.000680977541265257,-1.0361628901760502,-0.0002631476709677212,0.0,0.0,0.9999999999999999,9.345316306432315e-13,-4.799913633111019e-11,-1.8564601090910227e-12,-0.45642437345401354,-0.7133426275467735,-0.03449174793540341,0.830326537725996
0.2440000000000002,0.1988869461270979,0.12342606107601885,-1.5422198865775575e-05,-2.615714526186731e-07,-0.0021206295096529914,4.440133320014767e-07,-0.0006598660921577315,-0.9108021723938853,0.00023713144061089715,0.0,0.0,0.9999999999999999,1.8802357335007094e-12,-1.9899085600594418e-10,3.934108509536537e-12,-0.46362813088576965,-0.7154184157926684,-0.02579659518071387,0.8356759001886919
0.2450000000000002,0.19888694623328743,0.12342320437358821,-1.5422130477063404e-05,1.0618953935166931e-07,-0.0028567024306345333,6.838871217033909e-08,0.00036776099197034236,-0.7360729209815419,-0.00037562461983113755,0.0,0.0,0.9999999999999999,3.901998616351162e-11,-2.556596524719446e-10,2.9818351629593626e-11,-0.4549232175347438,-0.7342920777589957,-0.033923839703905584,0.8540776427824667
0.2460000000000002,0.19888694742066662,0.12341982401381565,-1.5422359347665762e-05,1.187379192482948e-06,-0.0033803597725569554,-2.288706023575565e-07,0.0010811896531312789,-0.5236573419224221,-0.0002972593145278956,0.0,0.0,0.9999999999999999,3.631424792105743e-11,-4.5172335926089786e-11,-3.0316836310444374e-11,-0.46241134981220283,-0.7497912138136056,-0.024333967403156517,0.8671364545562433
0.2470000000000002,0.19888694779023813,0.12341616133128591,-1.5423789955583156e-05,3.695715077664056e-07,-0.0036626825297447563,-1.4306079173937282e-06,-0.0008178076847165425,-0.282322757187801,-0.0012017373150361717,0.0,0.0,0.9999999999999999,1.3724827201420993e-12,-6.222558713627812e-11,-2.0902613276160504e-12,-0.4617979965624844,-0.7614970325160891,-0.024641316948362815,0.8889848961240653
0.2480000000000002,0.19888694719591396,0.12341245583291974,-1.5423345661329442e-05,-5.94324167368083e-07,-0.003705498366169462,4.4429425371556357e-07,-0.0009638956751344886,-0.042815836424705836,0.0018749021711092918,0.0,0.0,0.9999999999999999,4.41920229642644e-12,-7.184188019716781e-11,3.1918516075489646e-13,-0.4606005480960397,-0.7812027024501168,-0.02818004373144531,0.9075981010247138
0.2490000000000002,0.1988869476281583,0.12340894158724784,-1.5421588375453895e-05,4.3224434874576164e-07,-0.0035142456718993097,1.7572858755463223e-06,0.0010265685161138446,0.19125269427015248,0.0013129916218307587,0.0,0.0,0.9999999999999999,-2.3591244636980703e-11,-5.430524205171694e-11,-3.471265459447495e-12,-0.4512788509113694,-0.79876465009496,-0.029270677117308973,0.9242965990286748
0.25000000000000017,0.19888694787787678,0.12340583072429812,-1.542195473327008e-05,2.4971845904080836e-07,-0.0031108629497293397,-3.6635781618399025e-07,-0.00018252588970495327,0.40338272216996995,-0.0021236436917303125,0.0,0.0,0.9999999999999999,-4.8748709209880567e-11,-8.605892370740927e-12,-1.591694018365237e-11,-0.4543727664204831,-0.8141546805615488,-0.02819387920910571,0.9435974876850154
0.25100000000000017,0.19888694667199439,0.12340329847236477,-1.542114852037083e-05,-1.2058823969253715e-06,-0.002532251933351634,8.062128992508857e-07,-0.00145560085596618,0.5786110163777057,0.0011725707154348758,0.0,0.0,0.9999999999999999,3.9557685668141323e-10,-8.477450896921608e-10,1.8885050050691588e-10,-0.4594125617226664,-0.8264499774908411,-0.027237058150245713,0.9590439179242776
0.25200000000000017,0.19888694598797615,0.12340147791478506,-1.5420923923385977e-05,-6.840182355326086e-07,-0.0018205575797060319,2.2459698485469966e-07,0.0005218641613927629,0.7116943536456021,-0.000581615914396186,0.0,0.0,0.9999999999999999,-1.9921311046411967e-10,1.362743030479254e-10,6.207713380951278e-11,-0.4583222985046409,-0.8318588206415646,-0.02105260693468118,0.9648830920401772
0.25300000000000017,0.19888694687035738,0.12340044809414756,-1.5420955483662383e-05,8.823812348974139e-07,-0.0010298206375001422,-3.156027640588807e-08,0.0015663994704300224,0.7907369422058897,-0.00025615726126058773,0.0,0.0,0.9999999999999999,-1.0872177420732263e-12,-2.2786299982858895e-10,5.877344089827752e-12,-0.448269723321556,-0.8376776625070136,-0.020721975384515607,0.9711269405117741
0.25400000000000017,0.19888694580929894,0.12340023792825673,-1.542099673217086e-05,-1.0610584457097114e-06,-0.00021016589083427083,-4.124850847733277e-08,-0.001943439680607125,0.8196547466658713,-9.688232071444696e-06,0.0,0.0,0.9999999999999999,-2.4418078512637506e-10,3.9752851123459824e-10,-4.2422072224301055e-11,-0.4581736229018696,-0.8453731337746386,-0.03097008827858369,0.9792706843353943
0.25500000000000017,0.19888694670843055,0.12340082004312325,-1.5421225726548286e-05,8.991315898875079e-07,0.0005821148665200112,-2.2899437742489688e-07,0.001960190035597219,0.792280757354282,-0.00018774586894756412,0.0,0.0,0.9999999999999999,-4.090677236581046e-09,-3.012164852731297e-09,-7.654875953869528e-10,-0.45163631561137196,-0.8433132264241441,-0.021642146407451577,0.972202111616925
0.25600000000000017,0.19888694685334757,0.12340212275098941,-1.5420907957401644e-05,1.4491702001920909e-07,0.0013027078661636293,3.177691466413694e-07,-0.0007542145698682988,0.720592999643618,0.0005467635240662663,0.0,0.0,0.9999999999999999,1.7844851967673372e-12,-4.804796177359345e-11,1.7790658284819962e-12,-0.4497600041533876,-0.8339032940219019,-0.030765694684814087,0.9705332446740306
0.2570000000000002,0.19888694664516013,0.12340402857440919,-1.5421777453725947e-05,-2.081874292465216e-07,0.0019058234197670803,-8.694963243035513e-07,-0.0003531044492657307,0.603115553603451,-0.0011872654709449207,0.0,0.0,0.9999999999999999,-2.035459003325571e-11,-3.4552903794622986e-11,1.0386203623844546e-11,-0.4574216828897762,-0.8270463268399517,-0.023891108248044492,0.9593036998191855
0.2580000000000002,0.19888694592962888,0.12340639214141827,-1.5421276398148418e-05,-7.155312522097992e-07,0.002363567009085706,5.010555775301132e-07,-0.0005073438229632775,0.45774358931862585,0.0013705519018336646,0.0,0.0,0.9999999999999999,-7.840274486844491e-12,-4.235222700438091e-11,-3.5238912519070053e-12,-0.4591524128495018,-0.8145282805470637,-0.02392965663200603,0.9462491139173218
0.2590000000000002,0.19888694497396195,0.12340904242614462,-1.54213379441312e-05,-9.556669219636761e-07,0.0026502847263453026,-6.154598278103787e-08,-0.00024013566975387694,0.2867177172595965,-0.000562601560311151,0.0,0.0,0.9999999999999999,3.580437012958917e-10,-3.715701251007013e-10,-9.17910812956588e-11,-0.4503066361893622,-0.8010510760018185,-0.031020737030440185,0.9327811519181607
0.2600000000000002,0.19888694374580132,0.12341179990652903,-1.542120712732857e-05,-1.228160619450284e-06,0.002757480384424881,1.308168026270566e-07,-0.00027249369748660776,0.10719565807957827,0.0001923627854080945,0.0,0.0,0.9999999999999999,5.940885804731278e-12,-1.0895890486020306e-10,-4.212775108991377e-12,-0.4508664287685566,-0.7869919137995223,-0.032216071936817664,0.9168814677664413
0.2610000000000002,0.1988869443586742,0.12341448691523271,-1.542148050477346e-05,6.128728929277689e-07,0.0026870087036815543,-2.7337744488968246e-07,0.0018410335123780527,-0.07047168074332663,-0.00040419424751673907,0.0,0.0,0.9999999999999999,3.023719324844388e-13,-1.9684832284276795e-10,4.3876875893248296e-12,-0.45181476796963727,-0.7758480517779791,-0.023241447487711998,0.9024309628781433
0.2620000000000002,0.19888694533288584,0.12341693780751821,-1.5421451398416093e-05,9.74211627192837e-07,0.0024508922854974443,2.9106357366715057e-08,0.0003613387342650682,-0.23611641818410992,0.00030248380225639753,0.0,0.0,0.9999999999999999,2.9482173050576846e-11,-1.0507528644855459e-10,1.3491228733197734e-11,-0.45245145050338254,-0.770176926351915,-0.03288757211644976,0.8945466415325992
0.2630000000000002,0.19888694600734436,0.1234190103771489,-1.5421360434721668e-05,6.744585083471979e-07,0.0020725696306911185,9.096369442604016e-08,-0.0002997531188456392,-0.3783226548063259,6.18573370593251e-05,0.0,0.0,0.9999999999999999,-1.415744701967879e-11,-1.4511112185713088e-10,-7.436951631129523e-12,-0.4622300354787357,-0.7538195636984162,-0.024213321914979883,0.8783092183771218
0.2640000000000002,0.19888694625176542,0.12342059281997811,-1.542138913733597e-05,2.4442106211827857e-07,0.0015824428292042973,-2.8702614305307667e-08,-0.0004300374462289193,-0.49012680148682114,-0.00011966630873134782,0.0,0.0,0.9999999999999999,-9.125425434909999e-11,-3.681843439132134e-10,7.133488972106513e-12,-0.45345646810631746,-0.7516999890908661,-0.03393495863349111,0.8741921871713663
0.2650000000000002,0.198886947445057,0.12342160848363067,-1.542147637141422e-05,1.1932915792934155e-06,0.0010156636525507894,-8.723407824735828e-08,0.000948870517175137,-0.5667791766535079,-5.853146394205061e-05,0.0,0.0,0.9999999999999999,9.714397775246549e-11,-6.659857982269393e-11,-5.05848320680172e-11,-0.45448000790419124,-0.7468473035891569,-0.033623712336334655,0.8681750292546175
0.2660000000000002,0.1988869479059032,0.12342202084824003,-1.5421633915154015e-05,4.608461905103038e-07,0.00041236460936270984,-1.575437397949925e-07,-0.0007324453887831117,-0.6032990431880796,-7.030966154763421e-05,0.0,0.0,0.9999999999999999,-1.4682903099231415e-12,-1.6777909962880152e-10,1.341691867401585e-12,-0.4630480344783619,-0.7377148871385867,-0.024870370457661786,0.8606312605670753
0.2670000000000002,0.19888694870181117,0.1234218316975998,-1.5421590669897688e-05,7.959079861433832e-07,-0.000189150640236248,4.324525632726006e-08,0.00033506179563307944,-0.6015152495989579,0.00020078899612225256,0.0,0.0,0.9999999999999999,-4.5766057540513965e-11,-1.9552817591896864e-10,-3.86762518696839e-11,-0.45417631736294123,-0.7440978203979336,-0.03394203798866455,0.8653647322802063
0.2680000000000002,0.19888694935157797,0.12342108127379199,-1.542141577837864e-05,6.497668039381412e-07,-0.0007504238078041074,1.7489151904953936e-07,-0.00014614118220524207,-0.5612731675678594,0.0001316462627222793,0.0,0.0,0.9999999999999999,-5.719438477386603e-11,-1.9299956419757818e-10,-3.73933631871255e-12,-0.46328888258190576,-0.7409723818881584,-0.024488802331084195,0.8638025405711832
0.2690000000000002,0.19888694774119145,0.12341984311210691,-1.5422360700108808e-05,-1.6103865252014088e-06,-0.001238161685080097,-9.449217301710608e-07,-0.00226015332913955,-0.4877378772759896,-0.0011198132492206002,0.0,0.0,0.9999999999999999,-3.123641010442525e-10,8.074063442581805e-12,-2.3072173715779827e-10,-0.4630041401240361,-0.7462238064688805,-0.031399948835091875,0.873824674966605
0.2700000000000002,0.19888694556302988,0.1234182174626369,-1.5422622445371012e-05,-2.178161563782004e-06,-0.0016256494700043623,-2.6174526220456607e-07,-0.0005677750385805951,-0.3874877849242653,0.0006831764679664948,0.0,0.0,0.9999999999999999,3.4783773987354717e-10,-8.687200559531379e-11,2.2484441311534951e-10,-0.46185586176920707,-0.7531988836484561,-0.024553105288724224,0.8775166163582797
0.2710000000000002,0.19888694447371794,0.12341632285127833,-1.5422756934330857e-05,-1.089311953876068e-06,-0.0018946113585626445,-1.3448895984497854e-07,0.001088849609905936,-0.2689618885582821,0.00012725630235958752,0.0,0.0,0.9999999999999999,4.034464587157124e-11,-2.4744443424284e-10,-2.0717097618494327e-12,-0.4530423410454944,-0.7681758244305211,-0.032910655013566686,0.8912859428710496
0.2720000000000002,0.1988869429858454,0.12341429575753335,-1.5423498292479715e-05,-1.4878725390874714e-06,-0.0020270937449818095,-7.41358148856701e-07,-0.0003985605852114035,-0.13248238641916507,-0.0006068691890117225,0.0,0.0,0.9999999999999999,4.387707424485896e-10,-2.7047670407137146e-11,2.291872448539205e-11,-0.46138057604719,-0.771627244222321,-0.023356155175007415,0.8978231842375795
0.2730000000000002,0.19888694140566188,0.12341226488271044,-1.542329305636005e-05,-1.5801835079893338e-06,-0.0020308748229119432,2.0523611966460874e-07,-9.231096890186238e-05,-0.0037810779301337104,0.0009465942685213097,0.0,0.0,0.9999999999999999,-3.9977500196855164e-12,-8.63398002444937e-11,1.3254299278584428e-14,-0.4604986176841726,-0.7816835612758688,-0.023995712018452797,0.908994759845064
0.2740000000000002,0.19888693985222533,0.1234103580518347,-1.5422173119099072e-05,-1.5534365504337885e-06,-0.001906830875732551,1.1199372609768455e-06,2.674695755554527e-05,0.12404394717939232,0.0009147011413122368,0.0,0.0,0.9999999999999999,1.1225498809888127e-10,-4.353706056867198e-10,-1.538736297962917e-10,-0.45059964112505796,-0.7905626685743415,-0.03245921797244619,0.9182443569046703
0.2750000000000002,0.1988869387221379,0.1234086912302951,-1.5423309773102305e-05,-1.1300874467421681e-06,-0.0016668215395935144,-1.136654003232437e-06,0.00042334910369162034,0.24000933613903655,-0.0022565912642092826,0.0,0.0,0.9999999999999999,-5.79890244742449e-12,-8.450757459418647e-11,3.054885001407577e-13,-0.45067204077331413,-0.7987350693426039,-0.028668822797322413,0.9295154310882879
0.2760000000000002,0.1988869374429189,0.12340735649410352,-1.5423710855209526e-05,-1.2792189805347389e-06,-0.001334736191587468,-4.0108210722048226e-07,-0.00014913153379257077,0.3320853480060463,0.0007355718960119547,0.0,0.0,0.9999999999999999,-3.85428549157988e-13,-9.313529244474092e-11,-7.232460153602091e-13,-0.45982172690871587,-0.8049751665131923,-0.022706883061170247,0.9350943029858699
0.2770000000000002,0.19888693824194234,0.12340642040599127,-1.5424132559445557e-05,7.990234433022559e-07,-0.000936088112250963,-4.217042360304984e-07,0.0020782424238369947,0.3986480793365051,-2.062212881001615e-05,0.0,0.0,0.9999999999999999,-1.5329889582417915e-10,-1.460399643932037e-10,3.8622109352019286e-11,-0.44993300849902895,-0.8096849269434152,-0.021659286205026704,0.9398505865458089
0.2780000000000002,0.19888693981359273,0.12340592596302706,-1.5423073249554196e-05,1.571650398849404e-06,-0.0004944429642140644,1.059309891361142e-06,0.0007726269555471481,0.44164514803689864,0.0014810141273916405,0.0,0.0,0.9999999999999999,2.3828658595352997e-11,-2.3342083089552338e-11,1.3013913639465797e-10,-0.45960326354881625,-0.819896261177222,-0.022329852003545574,0.9455972146451778
0.2790000000000002,0.1988869407207598,0.12340587961858064,-1.5422057442134937e-05,9.071670656176033e-07,-4.6344446425933684e-05,1.0158074192603087e-06,-0.0006644833332318007,0.4480985177881307,-4.35024721008333e-05,0.0,0.0,0.9999999999999999,1.417705337647065e-12,-4.8319678941504394e-11,2.020415704036056e-12,-0.45239703881286647,-0.8183152253784616,-0.03177139370222192,0.9498073497415208
0.2800000000000002,0.19888694066050386,0.1234062660907084,-1.5422675779045772e-05,-6.025595260847863e-08,0.00038647212776257435,-6.18336910834678e-07,-0.0009674230182260819,0.43281657418850805,-0.0016341443300949866,0.0,0.0,0.9999999999999999,1.9043227658161052e-10,3.234146304045988e-10,-2.826540258077918e-10,-0.459194231627403,-0.8149335863331426,-0.025681423498254384,0.9460729538254332
0.2810000000000002,0.19888694107130692,0.12340704124257222,-1.5422336374792555e-05,4.1080304467613265e-07,0.0007751518638224064,3.3940425321706766e-07,0.0004710589972846113,0.388679736059832,0.0009577411640517456,0.0,0.0,0.9999999999999999,8.953509862729365e-12,-9.21972345048398e-11,2.8843047455631585e-11,-0.4500350439126815,-0.8149387874421374,-0.03156805579426,0.9429892661769889
0.2820000000000002,0.1988869414448882,0.12340813546778247,-1.5421065104396043e-05,3.7358126570593364e-07,0.0010942252102494239,1.2712703965112244e-06,-3.7221778970199e-05,0.3190733464270175,0.0009318661432941568,0.0,0.0,0.9999999999999999,-9.158529791219383e-11,-1.9423881059104308e-10,4.843732079381538e-11,-0.45998547703740433,-0.805765973378065,-0.02216214263226897,0.9355767030953803
0.2830000000000002,0.19888694228287634,0.12340946706614993,-1.5421362380493075e-05,8.379881397524867e-07,0.0013315983674661344,-2.972760970339326e-07,0.00046440687404655307,0.23737315721671048,-0.001568546493545157,0.0,0.0,0.9999999999999999,-9.552893910548028e-12,-8.125607960425615e-11,-1.0018967239672118e-11,-0.45056441018734056,-0.8032543880980739,-0.03116736227910417,0.9307550011006681
0.2840000000000002,0.19888694256592232,0.123410941407186,-1.5421684054286865e-05,2.830459824500024e-07,0.001474341036070002,-3.216737937876319e-07,-0.0005549421573024843,0.14274266860386753,-2.4397696753699275e-05,0.0,0.0,0.9999999999999999,-3.5563738897324014e-11,-3.30491830640509e-10,-6.138891365237669e-11,-0.4609107443824599,-0.7931481426397983,-0.022556472099961637,0.9241184436001305
0.2850000000000002,0.19888694282401378,0.12341245917958896,-1.542152812516285e-05,2.5809146433879414e-07,0.0015177724029472276,1.5592912401433687e-07,-2.495451811120828e-05,0.04343136687722567,0.00047760291780196874,0.0,0.0,0.9999999999999999,6.280985520356431e-12,-1.5576931951138893e-10,-1.119440824279384e-11,-0.45354957799794593,-0.7900511497564328,-0.032701783955638074,0.9139349560605579
0.2860000000000002,0.19888694316694783,0.12341392298051822,-1.5421787754217137e-05,3.42934040934212e-07,0.0014638009292573528,-2.5962905428429085e-07,8.484257659541788e-05,-0.05397147368987475,-0.0004155581782986277,0.0,0.0,0.9999999999999999,-4.9787090166589655e-11,1.0915038565021058e-10,-2.7722991774232572e-11,-0.45379951257852796,-0.7830673976075216,-0.03291911333681333,0.9080662254803339
0.2870000000000002,0.19888694341142163,0.123415243952183,-1.542181752723629e-05,2.444738013234301e-07,0.0013209716647874345,-2.9773019155004714e-08,-9.846023961078192e-05,-0.1428292644699183,0.0002298560351292861,0.0,0.0,0.9999999999999999,2.6422093683529403e-10,-2.0380967091936934e-10,-5.3648660962819866e-11,-0.46129017109926146,-0.774737665679222,-0.02463718125459417,0.8986102960253293
0.2880000000000002,0.19888694331889065,0.12341634611168698,-1.5422631355013028e-05,-9.253099129959021e-08,0.001102159503968734,-8.13827776738588e-07,-0.0003370047926230203,-0.21881216081870045,-0.0007840547575835833,0.0,0.0,0.9999999999999999,6.490737350740158e-11,-1.5345939594001834e-10,-4.411588147144877e-11,-0.4530339942364494,-0.7689469428376091,-0.03331749524083223,0.8951420354907156
0.2890000000000002,0.1988869443227925,0.12341717063490149,-1.5422399399244186e-05,1.0039018394343132e-06,0.0008245232145049643,2.3195576884287451e-07,0.0010964328307339036,-0.2776362894637697,0.0010457835455814624,0.0,0.0,0.9999999999999999,-4.584338846434229e-13,-1.3420530744810155e-12,-3.194533925453881e-11,-0.45243944831656213,-0.7669957082457881,-0.03280142091389478,0.8894801725577821
0.2900000000000002,0.19888694439987958,0.12341767778452604,-1.5421154827627275e-05,7.708708122420321e-08,0.0005071496245536171,1.2445716169098985e-06,-0.00092681475821011,-0.31737358995134723,0.001012615848067024,0.0,0.0,0.9999999999999999,2.7887175684003634e-12,-2.989226321696969e-10,-6.543567014842036e-10,-0.4595415867017751,-0.7622621461413932,-0.02621741569473166,0.8846577188320263
0.2910000000000002,0.1988869464196308,0.12341785186314946,-1.542088980145355e-05,2.019751215513865e-06,0.00017407862341689464,2.65026173725382e-07,0.0019426641342896618,-0.33307100113672244,-0.0009795454431845165,0.0,0.0,0.9999999999999999,1.1651595909349094e-11,-1.7452022630157056e-11,8.220142883828114e-12,-0.4533191347751361,-0.7631202894201511,-0.03254267409908908,0.8861271476925058
0.2920000000000002,0.1988869471748205,0.12341769739027861,-1.5420603750618213e-05,7.551896764540856e-07,-0.00015447287085582187,2.8605083533518757e-07,-0.0012645615390597794,-0.3285514942727165,2.1024661609805574e-05,0.0,0.0,0.9999999999999999,3.9746935941199914e-10,-2.0022955894679494e-10,1.745326855461518e-11,-0.4620471065689407,-0.7573565568197486,-0.0242232462149859,0.8821761330125684
0.2930000000000002,0.19888694831507442,0.12341723919130598,-1.542020535598087e-05,1.1402539066709223e-06,-0.00045819897263095927,3.9839463734456236e-07,0.0003850642302168367,-0.3037261017751374,0.00011234380200937478,0.0,0.0,0.9999999999999999,9.292042174696754e-11,-1.2662002829230052e-10,-2.9552394740829325e-12,-0.45250224375209985,-0.7652308469165082,-0.03335589490540205,0.8892329334710141
0.2940000000000002,0.1988869483213744,0.12341652004041456,-1.5421437116855712e-05,6.29997730831898e-09,-0.0007191508914177322,-1.2317608748429892e-06,-0.0011339539293626032,-0.2609519187867729,-0.0016301555121875516,0.0,0.0,0.9999999999999999,-7.148014169032223e-11,8.196122857882483e-11,-5.6079198623429365e-11,-0.46150754418559226,-0.7683395999664169,-0.031156672770414392,0.891793139056974
0.2950000000000002,0.19888694825161535,0.12341559709468199,-1.5422276178783475e-05,-6.97590535003599e-08,-0.0009229457325809226,-8.390619277617504e-07,-7.605903080867888e-05,-0.2037948411631904,0.00039269894708123876,0.0,0.0,0.9999999999999999,3.942711884431555e-12,-1.0232131645465564e-10,-5.330456365604547e-12,-0.46167587103857277,-0.7670251527857528,-0.023570018317656222,0.8922363557592716
0.2960000000000002,0.19888694739362042,0.12341453945469237,-1.5421051565154602e-05,-8.579949250773531e-07,-0.0010576399896108904,1.2246136288719476e-06,-0.0007882358715769932,-0.13469425702996782,0.002063675556633698,0.0,0.0,0.9999999999999999,-2.629174061949481e-10,-1.1106367294435998e-10,4.351899340399772e-11,-0.4581863275662239,-0.772554689331554,-0.02880383139643279,0.9006756769723592
0.2970000000000002,0.1988869467564943,0.1234134181378386,-1.5420054481152294e-05,-6.371261235826922e-07,-0.001121316853776568,9.970840023069744e-07,0.00022086880149466088,-0.06367686416567753,-0.00022752962656497313,0.0,0.0,0.9999999999999999,-2.1896833280242262e-10,-4.832084899317164e-10,-4.2734540786693994e-11,-0.4614197351296767,-0.7772161502652182,-0.02308816676289764,0.9031395276603401
0.2980000000000002,0.19888694701281387,0.12341230696433811,-1.542072358586338e-05,2.5631956497202294e-07,-0.0011111735004861593,-6.691047110856474e-07,0.0008934456885547152,0.010143353290408648,-0.0016661887133926218,0.0,0.0,0.9999999999999999,-2.4532682728751886e-10,-2.4311114909265613e-10,-1.7624013068138325e-10,-0.4525761597780192,-0.7835081455507638,-0.027655962001675482,0.9097675169693761
0.2990000000000002,0.19888694708801943,0.12341127489842128,-1.542153983525646e-05,7.520556888039425e-08,-0.001032065916827268,-8.162493930780441e-07,-0.0001811139960916287,0.07910758365889131,-0.00014714468199239662,0.0,0.0,0.9999999999999999,1.3624272187385465e-11,-1.1829441445941832e-10,2.2767688816247114e-12,-0.4511694194181403,-0.7920664168237057,-0.03279964878281023,0.9199438689994093
0.3000000000000002,0.1988869479420907,0.12341038315981233,-1.5420951793736102e-05,8.540712452482281e-07,-0.0008917386089537391,5.880415203587885e-07,0.0007788656763678339,0.14032730787352884,0.0014042909134368326,0.0,0.0,0.9999999999999999,2.02739497809302e-10,-2.441278085316742e-10,-9.122862560642802e-11,-0.45078936577386575,-0.797267794837131,-0.031689673899311904,0.9226558767194446
0.3010000000000002,0.19888694809208743,0.12340968110358574,-1.5420878371680646e-05,1.4999674059266914e-07,-0.0007020562265817318,7.342205545783844e-08,-0.0007040745046555589,0.18968238237200727,-0.0005146194649009501,0.0,0.0,0.9999999999999999,-3.5165395708893854e-11,5.383397327159457e-11,-4.0889573661546057e-11,-0.46032852958917564,-0.795163883028421,-0.022466754199731914,0.9257880135967834
0.3020000000000002,0.19888694836687218,0.12340920387454365,-1.5420894777047026e-05,2.747847643145372e-07,-0.0004772290420841133,-1.640536638077522e-08,0.00012478802372186808,0.22482718449761854,-8.982742183861366e-05,0.0,0.0,0.9999999999999999,1.0735141460060807e-09,-2.4137469362617907e-12,-1.6329396093999257e-11,-0.4506190572251191,-0.8030546613304596,-0.032304583085728804,0.9313899539840631
0.3030000000000002,0.19888694904944676,0.12340897091768897,-1.5421546114823455e-05,6.82574591173548e-07,-0.00023295685468748204,-6.513377764291293e-07,0.0004077898268590108,0.24427218739663123,-0.000634932410048354,0.0,0.0,0.9999999999999999,-1.915964539167625e-11,1.2635441334365776e-11,3.786981254088903e-12,-0.46027500122565196,-0.8006259471846496,-0.022126752331906422,0.9282227008032389
0.3040000000000002,0.1988869489145582,0.12340898458578753,-1.542294610640743e-05,-1.3488856734222019e-07,1.366809855270302e-05,-1.3999915839748316e-06,-0.0008174631585157682,0.24662495324018505,-0.0007486538075457023,0.0,0.0,0.9999999999999999,-3.14305339520778e-12,-7.770276254972783e-11,9.289021789756607e-12,-0.4602691865728336,-0.7990451874451814,-0.02222504535522733,0.931781027723488
0.3050000000000002,0.19888694956988684,0.12340923263502068,-1.5423187104362285e-05,6.553286584510224e-07,0.0002480492331527417,-2.40997954853446e-07,0.0007902172257932426,0.2343811346000387,0.0011589936291213857,0.0,0.0,0.9999999999999999,-4.571617792744362e-13,-8.445944321686698e-11,-5.432319932964613e-13,-0.45055864695678993,-0.8039336609836493,-0.031542295562441244,0.9301934799953728
0.3060000000000002,0.1988869501275911,0.12340968836104417,-1.5423086906926836e-05,5.577042759622548e-07,0.00045572602349464925,1.0019743544981004e-07,-9.762438248876761e-05,0.20767679034190753,0.000341195390303256,0.0,0.0,0.9999999999999999,-1.7019552734253837e-11,-5.084827081639521e-11,-2.6087670006035392e-12,-0.4607991020570441,-0.8015429795329986,-0.022243893812927386,0.9299192436847993
0.3070000000000002,0.1988869500054532,0.12341031407749294,-1.542381317695285e-05,-1.2213790209619962e-07,0.0006257164487631567,-7.26270026010724e-07,-0.0006798421780584543,0.1699904252685075,-0.000826467461460534,0.0,0.0,0.9999999999999999,3.350437671555212e-13,-1.0594212479280446e-10,9.320913223501765e-12,-0.4605838842044583,-0.7931581661434451,-0.022397240412941586,0.9243504796158392
0.3080000000000002,0.19888695061361794,0.12341106208103209,-1.5423290091379017e-05,6.081647419684747e-07,0.0007480035391485801,5.230855738305414e-07,0.0007303026440646743,0.12228709038542332,0.0012493555998412654,0.0,0.0,0.9999999999999999,5.551060368974918e-10,2.1996974704851906e-10,-1.9664915160897385e-10,-0.45104050124505557,-0.7955832737557165,-0.031735401422561996,0.9209238628262623
0.3090000000000002,0.19888695140822604,0.12341188059854642,-1.542387180471596e-05,7.946080893964096e-07,0.0008185175143360358,-5.817133369434165e-07,0.00018644334742793495,0.07051397518745577,-0.0011047989107739577,0.0,0.0,0.9999999999999999,8.361917765414264e-10,-7.337206314135692e-10,-1.5745881775029156e-10,-0.4525583822437923,-0.7902455804060864,-0.030373528283300467,0.9180518953951006
0.3100000000000002,0.19888695089210393,0.12341271362964407,-1.542315162971156e-05,-5.161221114113172e-07,0.0008330310976428648,7.201750043984805e-07,-0.0013107302008077268,0.014513583306829014,0.001301888341341897,0.0,0.0,0.9999999999999999,1.691577430555901e-12,-1.30545432082096e-10,1.4414810192385382e-12,-0.4612356428240974,-0.7875610668634537,-0.03003555380484794,0.9132818315088724
0.3110000000000002,0.19888695099514062,0.12341350912480772,-1.542316091821465e-05,1.0303670115267638e-07,0.0007954951636636874,-9.28850308992943e-09,0.0006191588125639935,-0.03753593397917741,-0.0007294635074884099,0.0,0.0,0.9999999999999999,6.310858758668339e-11,-2.8912141939689954e-11,-9.708321309144679e-12,-0.45157244185684436,-0.783381813749659,-0.03258021131803246,0.9072878960501023
0.3120000000000002,0.19888695110815285,0.1234142187263069,-1.5422767258913527e-05,1.1301225016135869e-07,0.0007096014991664993,3.936593011228599e-07,9.975549008682313e-06,-0.08589366449718815,0.00040294780421278937,0.0,0.0,0.9999999999999999,9.392803037534802e-12,2.4890700270673493e-10,1.5278703451400058e-12,-0.4615571150096486,-0.7751833461864903,-0.023046012845657906,0.9018751041285039
0.3130000000000002,0.19888695068713233,0.12341480270255956,-1.542306767587822e-05,-4.2102052054806555e-07,0.0005839762526657526,-3.0041696469155183e-07,-0.0005340327707094243,-0.12562524650074666,-0.0006940762658144118,0.0,0.0,0.9999999999999999,2.5075215121833884e-12,-5.344768321068388e-11,9.746951724045263e-13,-0.461904027307932,-0.7720749176366323,-0.023428658522961613,0.8998885593308987
0.3140000000000002,0.19888695051237348,0.12341522958041115,-1.5423179585606512e-05,-1.747588478001142e-07,0.0004268778515926431,-1.1190972829421611e-07,0.0002462616727479513,-0.15709840107310952,0.0001885072363973357,0.0,0.0,0.9999999999999999,-5.996713653397488e-12,-3.469053498361379e-11,-3.5791871127602648e-12,-0.4619533026172567,-0.7706673650841217,-0.02323409464094121,0.8964800672331579
0.3150000000000002,0.19888695035141454,0.12341548048709587,-1.5422967682987698e-05,-1.6095894569920838e-07,0.000250906684720909,2.1190261881406913e-07,1.379990210090581e-05,-0.1759711668717341,0.00032381234710828524,0.0,0.0,0.9999999999999999,9.856408323729045e-13,-3.6758237395522285e-11,-3.992900125730724e-12,-0.4616039807984155,-0.7686275336770675,-0.023338097732500892,0.8942050277838725
0.3160000000000002,0.19888695105317575,0.12341554735837501,-1.542210695509338e-05,7.017612086564353e-07,6.687127913485529e-05,8.607278943163118e-07,0.0008627201543556437,-0.18403540558605372,0.0006488252755022426,0.0,0.0,0.9999999999999999,-3.9598835051999513e-10,3.1530312269171006e-10,-4.8531281311221066e-11,-0.4525862633031827,-0.7732998987976412,-0.03312305396978819,0.8946004855165908
0.3170000000000002,0.19888695089378863,0.12341543508273378,-1.542272198049936e-05,-1.5938711346943417e-07,-0.00011227564123055112,-6.15025405978844e-07,-0.0008611483221258694,-0.17914692036540641,-0.0014757533002951557,0.0,0.0,0.9999999999999999,9.674107270994214e-11,-3.041221506982405e-10,2.78432340620364e-11,-0.46173223046286604,-0.7740276436745346,-0.026833966991737436,0.896710440625793
0.3180000000000002,0.19888695138598841,0.12341515891810576,-1.5423070115118204e-05,4.92199788877491e-07,-0.0002761646280323092,-3.481346188447267e-07,0.0006515869023469252,-0.16388898680175804,0.00026689078713411726,0.0,0.0,0.9999999999999999,9.383936919738316e-11,4.7189933796904375e-11,5.5004775870225076e-11,-0.4522302485638102,-0.7754277118721078,-0.03300883893554221,0.8999482677064707
0.31900000000000023,0.1988869517759631,0.12341474394835751,-1.542296869894346e-05,3.899746809907352e-07,-0.00041496974824159824,1.0141617474341748e-07,-0.0001022251078867558,-0.13880512020928906,0.00044955079358814415,0.0,0.0,0.9999999999999999,2.3336604789580276e-12,-3.073869044828611e-11,-1.952504248636165e-12,-0.46190460873388794,-0.770995021362922,-0.023007903093724497,0.8991820523919347
0.32000000000000023,0.1988869513989041,0.12341422268479627,-1.542328689760577e-05,-3.77058986240678e-07,-0.0005212635612387549,-3.1819866231187594e-07,-0.0007670336672314132,-0.10629381299715666,-0.0004196148370552934,0.0,0.0,0.9999999999999999,-9.936244150162773e-11,-1.8639000023150877e-10,-3.768181783530707e-11,-0.4612611342616636,-0.7733528216149147,-0.02330149705142,0.9002942093743969
0.32100000000000023,0.19888695152698307,0.12341363291044188,-1.5423089512717454e-05,1.2807895190179122e-07,-0.0005897743543832565,1.973848883168986e-07,0.0005051379381424693,-0.0685107931445016,0.0005155835506287745,0.0,0.0,0.9999999999999999,-6.949504891314247e-11,-4.567872247863931e-11,-7.640866765269365e-12,-0.4518646160716586,-0.7822445652024232,-0.0328760138785556,0.9073121041845853
0.32200000000000023,0.19888695160051542,0.1234130143076832,-1.5423207533107816e-05,7.353236062428121e-08,-0.0006186027586903851,-1.1802039036399025e-07,-5.454659127751001e-05,-0.02882840430712863,-0.00031540527868088885,0.0,0.0,0.9999999999999999,-1.1666747887888672e-10,-8.169218747570054e-11,-2.519962275342579e-11,-0.46151607176226306,-0.7791662107034796,-0.022981626977977516,0.9063855759799322
0.32300000000000023,0.1988869504235483,0.12341240742660298,-1.542299599451378e-05,-1.176967128596177e-06,-0.0006068810802270238,2.1153859403563913e-07,-0.0012504994892204582,0.011721678463361357,0.0003295589843996294,0.0,0.0,0.9999999999999999,1.1068972076212903e-11,-4.9405823446512825e-11,-2.8231312970871904e-12,-0.453864875557027,-0.7818934744923801,-0.03119187434463612,0.914087434934806
0.32400000000000023,0.19888695141118634,0.12341184984702185,-1.5422877698834394e-05,9.87638054291286e-07,-0.0005575795811343271,1.1829567938705171e-07,0.002164605182887463,0.04930149909269672,-9.324291464858742e-05,0.0,0.0,0.9999999999999999,1.0398211795121319e-11,-5.33321263553306e-11,6.214521719389108e-12,-0.4507596665644932,-0.7847127040965165,-0.022698740199269676,0.9120389308529626
0.32500000000000023,0.19888695024821104,0.12341137369480129,-1.5423114973563667e-05,-1.1629753007241703e-06,-0.0004761522205609335,-2.3727472927245218e-07,-0.0021506133550154563,0.08142736057339359,-0.0003555704086595039,0.0,0.0,0.9999999999999999,1.7934203010695397e-09,8.701242942500702e-11,1.7726701667681799e-09,-0.4604871129254438,-0.7929943210863157,-0.032765630569911004,0.9201280432572257
0.32600000000000023,0.19888695146448687,0.12341100612895634,-1.5424804954145094e-05,1.2162758172250788e-06,-0.0003675658449552203,-1.689980581425735e-06,0.0023792511179492495,0.10858637560571317,-0.0014527058521532827,0.0,0.0,0.9999999999999999,-1.2683334418175738e-09,9.380378559874453e-10,1.2265722582123669e-10,-0.4508718702469186,-0.7911961534680426,-0.023418318265330983,0.9171548990940698
0.32700000000000023,0.19888695123469524,0.12341076437670218,-1.5424902925746836e-05,-2.2979161950121e-07,-0.00024175225415483251,-9.797160174240035e-08,-0.001446067436726289,0.1258135908003878,0.0015920089796833345,0.0,0.0,0.9999999999999999,3.5405759377953076e-11,-8.078859834674746e-11,-9.171842937914382e-13,-0.4601023124466612,-0.7915305277820783,-0.027247744331138097,0.9224177363083316
0.32800000000000024,0.1988869522557221,0.12341065757050183,-1.5423616242905156e-05,1.021026854829458e-06,-0.00010680620034704781,1.2866828416811024e-06,0.001250818474330668,0.1349460538077847,0.0013846544434235027,0.0,0.0,0.9999999999999999,2.4092294067522393e-12,-3.3937445022201146e-11,-3.851617181151613e-12,-0.45130664325290126,-0.7960503814420097,-0.029010146019382167,0.920879171791281
0.32900000000000024,0.19888695202314566,0.12341068673638847,-1.5423683948390678e-05,-2.3257643526695527e-07,2.9165886633273514e-05,-6.770548552212077e-08,-0.001253603290096413,0.13597208698032132,-0.001354388327203223,0.0,0.0,0.9999999999999999,1.8035725142798266e-10,1.6062372570738287e-10,1.1885355562921603e-10,-0.46085478908600347,-0.7925207348910359,-0.026757394941332877,0.923029043058939
0.33000000000000024,0.19888695193909336,0.12341084271460868,-1.542322453409079e-05,-8.40522791244356e-08,0.00015597822021919146,4.5941429988653495e-07,0.00014852415614251968,0.12681233358591795,0.0005271197854086557,0.0,0.0,0.9999999999999999,-4.485563642347635e-12,-8.498245043067447e-11,4.560529504694438e-13,-0.45087182668100895,-0.7959209401938002,-0.03259731614901112,0.9221083101991061
0.33100000000000024,0.19888695291810157,0.12341110981207572,-1.5422004287882734e-05,9.790082136440041e-07,0.00026709746703654436,1.220246208055726e-06,0.0010630604927684398,0.1111192468173529,0.000760831908169191,0.0,0.0,0.9999999999999999,-7.70678363945526e-11,-1.8318302813247592e-10,5.3549430490570325e-11,-0.4554185547978572,-0.7933544786748832,-0.026346946100892728,0.9176164087448028
0.33200000000000024,0.1988869527660347,0.12341146690337512,-1.542207668616601e-05,-1.5206685162352273e-07,0.0003570912994046289,-7.239828327385085e-08,-0.001131075065267527,0.08999383236808452,-0.0012926444913295768,0.0,0.0,0.9999999999999999,-1.5928435186458306e-10,1.9769608081499637e-11,-1.660835568907227e-11,-0.46125840164607146,-0.7888885586828226,-0.025542880028020486,0.9193473770976106
0.33300000000000024,0.1988869531388128,0.12341188714964299,-1.5421665939148488e-05,3.727780872260602e-07,0.0004202462678651571,4.107470175194048e-07,0.0005248449388495829,0.06315496846052825,0.00048314530079325563,0.0,0.0,0.9999999999999999,1.482574034190705e-10,1.290541570995732e-10,-4.5992939912819576e-12,-0.4508538859226329,-0.7916095932332856,-0.03265842374793427,0.9162810838672537
0.33400000000000024,0.19888695277449656,0.12341234083425172,-1.5422361336038235e-05,-3.6431624040272996e-07,0.0004536846087263481,-6.953968897467e-07,-0.0007370943276287902,0.033438340861191,-0.0011061439072661047,0.0,0.0,0.9999999999999999,-9.66764241803878e-11,4.054360534239445e-10,1.0134542518778606e-10,-0.46118157193893705,-0.783586548862531,-0.023231826320002872,0.9140632457843745
0.33500000000000024,0.1988869531487654,0.12341279774307472,-1.5422386500218426e-05,3.742688414977889e-07,0.00045690882300460935,-2.5164180190854387e-08,0.0007385850819005189,0.0032242142782612265,0.0006702327095558456,0.0,0.0,0.9999999999999999,-4.2132492572090824e-10,-7.067600858764041e-10,-9.708593809507799e-12,-0.45157953834944803,-0.7872633947768796,-0.03284718437447988,0.9099003714609211
0.33600000000000024,0.19888695306279963,0.12341322949931725,-1.5422855971773373e-05,-8.596576857181547e-08,0.00043175624253747507,-4.6947155494798086e-07,-0.00046023461006960433,-0.025152580467134283,-0.0004443073747571265,0.0,0.0,0.9999999999999999,4.697254581936202e-11,-1.4973361137243262e-10,-2.998625289890784e-11,-0.4612736012788489,-0.7830463202454716,-0.02303048306721146,0.9114322717466345
0.33700000000000024,0.19888695355335687,0.12341360953392887,-1.5422478067528455e-05,4.905572209988401e-07,0.00038003461161259506,3.779042449176204e-07,0.0005765229895706556,-0.05172163092488001,0.0008473757998656013,0.0,0.0,0.9999999999999999,1.1409319483444244e-11,-7.91420536910147e-11,-6.362300896778896e-12,-0.45173610551505644,-0.7832260787833325,-0.03272494797705142,0.9073613979354392
0.33800000000000024,0.19888695344638005,0.12341391670179148,-1.5422800931933242e-05,-1.0697680328043677e-07,0.0003071678626240385,-3.228644047863175e-07,-0.0005975340242792769,-0.07286674898855655,-0.0007007686497039378,0.0,0.0,0.9999999999999999,-7.426027363652723e-10,4.581595745438505e-10,-3.33407753465446e-10,-0.4617704006313598,-0.7758741021679284,-0.023084716887166096,0.9046311009747181
0.33900000000000025,0.19888695333360312,0.12341413639717008,-1.542371246842723e-05,-1.1277692297035153e-07,0.00021969537859286824,-9.115364939884835e-07,-5.800119689914762e-06,-0.08747248403117026,-0.0005886720892021661,0.0,0.0,0.9999999999999999,5.199096378424886e-11,3.4214319774624797e-11,-3.1605709185076795e-11,-0.45177702798182706,-0.7796431699209628,-0.032994343530783725,0.9063021704434527
0.34000000000000025,0.19888695260551487,0.12341425833263008,-1.5423932990845038e-05,-7.280882615342189e-07,0.00012193545999580122,-2.205224178082734e-07,-0.0006153113385638673,-0.09775991859706702,0.0006910140761802101,0.0,0.0,0.9999999999999999,2.4777914599155944e-09,-4.877763927385141e-10,-3.161437766852373e-10,-0.4613652636334401,-0.774369783616144,-0.023559600635271082,0.9017428378068039
0.34100000000000025,0.19888695260311004,0.12341427821786485,-1.542346861163553e-05,-2.4048139899966345e-09,1.988523477682034e-05,4.6437920950600443e-07,0.0007256834475442222,-0.10205022521898087,0.0006849016273142779,0.0,0.0,0.9999999999999999,5.798960394497199e-12,-8.321316291495366e-11,-6.584701942102935e-12,-0.45201437264664623,-0.7795888304767218,-0.03262537974181697,0.9042088639682102
0.34200000000000025,0.1988869521253387,0.12341420136860479,-1.542367674031188e-05,-4.777713398820696e-07,-7.684926006209009e-05,-2.0812867635014866e-07,-0.000475366525892073,-0.09673449483891043,-0.0006725078858561531,0.0,0.0,0.9999999999999999,-3.9069420572225403e-10,-7.199995142674869e-10,3.582339096792323e-12,-0.4613586123483481,-0.7739956998603348,-0.02335011233198577,0.9013291148219618
0.34300000000000025,0.19888695158364614,0.12341403661092143,-1.5422239532377503e-05,-5.416925397238482e-07,-0.0001647576833520677,1.4372079343768127e-06,-6.392119984177856e-05,-0.0879084232899776,0.0016453366107269613,0.0,0.0,0.9999999999999999,6.706675469910386e-13,-2.492537444629007e-10,8.193131396444897e-12,-0.45116365184470764,-0.7769287453562421,-0.03198050754956498,0.9030734069360054
0.34400000000000025,0.19888695197539102,0.12341379844946826,-1.5421255220360278e-05,3.917448837246813e-07,-0.00023816145316605684,9.843120172257918e-07,0.0009334374234485296,-0.07340376981398915,-0.00045289591715102096,0.0,0.0,0.9999999999999999,1.5680045246306454e-11,-4.476081517680986e-11,1.6225165645388353e-12,-0.4518982577055109,-0.7818084556435194,-0.03266166322077159,0.9074778575625391
0.34500000000000025,0.19888695164241493,0.12341350525821321,-1.5420394565980733e-05,-3.3297610024656266e-07,-0.00029319125505622873,8.606543795439045e-07,-0.000724720983971244,-0.05502980189017189,-0.0001236576376818873,0.0,0.0,0.9999999999999999,-2.660143226199136e-10,-6.431263849265832e-10,-9.120103336413839e-11,-0.4611872614660663,-0.7771708550565766,-0.023136710908076556,0.9038930483441314
0.34600000000000025,0.1988869513586077,0.12341317786744234,-1.5420255667684592e-05,-2.838072260341606e-07,-0.0003273907708636687,1.3889829614023556e-07,4.9168874212402034e-05,-0.03419951580743995,-0.000721756083403669,0.0,0.0,0.9999999999999999,4.1174814140508885e-12,9.277131685000514e-13,-6.518957364537536e-12,-0.4511745833360043,-0.7792152149832234,-0.03226999129371935,0.9095926991049467
0.34700000000000025,0.19888695020249905,0.12341283872273262,-1.542049804023925e-05,-1.1561086461804598e-06,-0.0003391447097162268,-2.423725546569536e-07,-0.0008723014201462992,-0.011753938852558123,-0.00038127085079718917,0.0,0.0,0.9999999999999999,2.099992060661283e-11,-5.4770904259269365e-11,-4.438813990686599e-12,-0.46136951500436374,-0.7801426062573088,-0.02292177451987928,0.9076116597035432
0.34800000000000025,0.1988869489236322,0.1234125094661214,-1.541981014596081e-05,-1.2788668436069087e-06,-0.00032925661123215397,6.878942784397898e-07,-0.0001227581974264489,0.009888098484072837,0.0009302668330967433,0.0,0.0,0.9999999999999999,-7.038131977050197e-10,4.4731973312598455e-10,1.8000630339576544e-10,-0.45315953019045163,-0.781751791145487,-0.030372887695822963,0.9117209014219859
0.34900000000000025,0.19888694879241223,0.12341220990718381,-1.5419562399957004e-05,-1.3121998438835685e-07,-0.0002995589375807768,2.4774600380495646e-07,0.001147646859218552,0.029697673651377165,-0.00044014827463483334,0.0,0.0,0.9999999999999999,1.0237935484700407e-12,-8.835282706345205e-11,-1.0660097149197952e-13,-0.4510266640839726,-0.7887919676284902,-0.032464511351227694,0.9108268918442554
0.35000000000000026,0.1988869486652562,0.12341195717610795,-1.541983412348393e-05,-1.2715603946710843e-07,-0.00025273107585830327,-2.7172352692595374e-07,4.063944921248424e-06,0.04682786172247353,-0.0005194695307309102,0.0,0.0,0.9999999999999999,-6.297473714697855e-14,-5.096941154933086e-11,-9.100652096670252e-13,-0.46137964291426287,-0.7847870403481914,-0.02262430770255182,0.9126430891432461
0.35100000000000026,0.19888694815245128,0.12341176537282732,-1.5419601868523325e-05,-5.128049107547338e-07,-0.00019180328062833485,2.3225496060330533e-07,-0.00038564887128762537,0.06092779522996842,0.000503978487529259,0.0,0.0,0.9999999999999999,-1.499718781229371e-10,-2.6064287749584454e-10,1.9590905451422522e-11,-0.46142022407704064,-0.7854119074828135,-0.02258723901264881,0.9130323306509159
0.35200000000000026,0.19888694769274626,0.12341164318940691,-1.5419920268083227e-05,-4.597050349992909e-07,-0.00012218342040912214,-3.1839955990073577e-07,5.3099875755442896e-05,0.06961986021921271,-0.000550654520504041,0.0,0.0,0.9999999999999999,4.2873902413275656e-10,2.4818322276581185e-10,-1.0775250736715517e-10,-0.46174260353480645,-0.7860070413585256,-0.02243614294702247,0.9150039093823421
0.35300000000000026,0.1988869477165636,0.12341159499183463,-1.5420015439311367e-05,2.381734299013003e-08,-4.8197572284767304e-05,-9.517122814212983e-08,0.00048352237798942097,0.07398584812435484,0.00022322833175860595,0.0,0.0,0.9999999999999999,-3.230025548797756e-11,-2.1104844705225566e-10,8.258999628940869e-12,-0.4501708702982111,-0.7926026117091773,-0.0328184457056319,0.917621708490939
0.35400000000000026,0.19888694946918545,0.12341162116218767,-1.5419608391439355e-05,1.7526218411891466e-06,2.617035304259839e-05,4.0704787201285456e-07,0.0017288044981990166,0.07436792532736569,0.0005022191001549845,0.0,0.0,0.9999999999999999,1.0941030934378685e-12,-7.16197463595534e-11,-5.7122021134543764e-12,-0.45174651073226924,-0.7924138896633361,-0.027174404691627532,0.9164505161843155
0.35500000000000026,0.19888695007682988,0.12341171588324934,-1.5420058611494345e-05,6.076444433081426e-07,9.472106167229688e-05,-4.502200549889168e-07,-0.001144977397881004,0.0685507086296985,-0.0008572679270017715,0.0,0.0,0.9999999999999999,1.0215375616287387e-10,-3.1837157974190715e-11,-1.7739480149309818e-11,-0.4615788751646032,-0.7858388070374358,-0.02279029263861482,0.9180509899699153
0.35600000000000026,0.19888695090113134,0.12341187044478412,-1.5419667904504516e-05,8.243014705840117e-07,0.0001545615347780039,3.907069898300363e-07,0.00021665702727586905,0.059840473105707004,0.0008409270448189531,0.0,0.0,0.9999999999999999,1.19721935825904e-11,-6.156748969416845e-11,3.9213653249284166e-12,-0.4512256448758534,-0.7910885003977142,-0.03282116204102564,0.9165931649349388
0.35700000000000026,0.19888695131098139,0.12341207268741196,-1.541947471285774e-05,4.0985003663528366e-07,0.00020224262783724342,1.9319164677680342e-07,-0.000414451433948728,0.04768109305923953,-0.00019751534305323287,0.0,0.0,0.9999999999999999,7.148766403561564e-11,-5.035570108467674e-11,2.2091944357471785e-11,-0.46120405369765155,-0.7898727942372528,-0.024167059337465074,0.9170902866057463
0.35800000000000026,0.19888695147106913,0.12341230686363405,-1.5419222586400814e-05,1.600877537180374e-07,0.0002341762221001106,2.5212645692557135e-07,-0.00024976228291724627,0.03193359426286718,5.893481014876793e-05,0.0,0.0,0.9999999999999999,-5.899658147347517e-10,-8.09353539166211e-10,-1.8477126553241384e-10,-0.4508569658324607,-0.7890708721917932,-0.032992133745429746,0.9164411352888533
0.35900000000000026,0.19888695206608661,0.12341255710012593,-1.5419028885006934e-05,5.950174876146603e-07,0.00025023649187655287,1.937013938814125e-07,0.0004349297338966229,0.016060269776442267,-5.842506304415886e-05,0.0,0.0,0.9999999999999999,4.913957807007798e-12,-1.0654037453500216e-11,-1.170808883145983e-12,-0.45194516627509024,-0.7881912008482226,-0.03275726424604981,0.9144443339153092
0.36000000000000026,0.19888695230273992,0.12341280667840467,-1.5419203866072345e-05,2.3665330274248188e-07,0.0002495782787381136,-1.7498106540901087e-07,-0.0003583641848721784,-0.00065821313843925,-0.00036868245929042335,0.0,0.0,0.9999999999999999,1.798387115202452e-10,-1.1186181188322633e-10,-2.6573005190140897e-11,-0.4613699527440133,-0.7809519568861675,-0.022964302822458975,0.9089510040068641
0.36100000000000027,0.19888695281014823,0.12341304086787545,-1.5418520523573074e-05,5.074083206015332e-07,0.0002341894707937837,6.833424992724128e-07,0.0002707550178590513,-0.015388807944329924,0.0008583235646814236,0.0,0.0,0.9999999999999999,1.10089278312022e-09,1.0502845854214236e-09,-7.604708595454995e-11,-0.4512852821615838,-0.7855330612939526,-0.03271457787685173,0.9106481986032849
0.36200000000000027,0.19888695383355334,0.12341324404973034,-1.5418476395765407e-05,1.0234051081195756e-06,0.00020318185488641565,4.4127807665564004e-08,0.0005159967875180424,-0.031007615907368044,-0.0006392146916068488,0.0,0.0,0.9999999999999999,-7.332398246295929e-10,1.3534603141512284e-09,-7.519475198788563e-10,-0.45171576179382555,-0.7848705523280788,-0.03240771088983468,0.9104502626665739
0.36300000000000027,0.19888695401343773,0.12341340624985767,-1.541970615967581e-05,1.7988439607096255e-07,0.00016220012733482935,-1.2297639104043771e-06,-0.000843520712048613,-0.0409817275515863,-0.0012738917180699413,0.0,0.0,0.9999999999999999,3.7380604705347446e-10,3.157109564442258e-10,1.352318712195655e-11,-0.4609750544670894,-0.7784433927613977,-0.02309449770580696,0.9065029713053069
0.36400000000000027,0.19888695470873913,0.12341351867272857,-1.5419607449067713e-05,6.953014103494986e-07,0.00011242287090182936,9.871060809717252e-08,0.000515417014278536,-0.04977725643299999,0.0013284745185015495,0.0,0.0,0.9999999999999999,-1.3374560883933467e-11,-8.802794473685835e-11,3.027730065903422e-12,-0.4517901787150964,-0.7832708480250641,-0.03275851110087828,0.9086510701721145
0.36500000000000027,0.1988869555252697,0.12341357733323974,-1.5420289795343048e-05,8.165305572818313e-07,5.866051117143783e-05,-6.823462753355232e-07,0.00012122914693233272,-0.05376235973039153,-0.0007810568834326956,0.0,0.0,0.9999999999999999,6.43847974486883e-11,-1.8837831781379309e-10,1.388350381577516e-11,-0.46140860328767314,-0.7831374915801014,-0.02303301692577987,0.9070836047743097
