t,x,y,z,dx,dy,dz,ddx,ddy,ddz,speed_set,steering_set,q0,q1,q2,q3,motFRTor,motRRTor,motFLTor,motRLTor,servFRTor,servRRTor,servFLTor,servRLTor
0.0,0.19888004642432164,0.22679123698702297,-1.450344309035417e-05,-6.475755841202817e-13,-0.00981000000006723,-3.459982720039464e-13,-6.475755841202818e-10,-9.81000000006723,-3.459982720039464e-10,0.0,0.0,1.0,-1.2565287290772147e-17,-1.3788400269854725e-17,-1.7119987109345688e-18,1.1004438749881769e-11,-3.843831480620866e-12,1.172267644266546e-10,1.545226628768174e-11,1.900614606942527e-11,1.2914749288652031e-10,1.3985399559686328e-09,-7.853475680155896e-11
0.001,0.19888004642432164,0.22677161698702297,-1.4503443090368592e-05,-1.0849205632291263e-14,-0.019619999999999384,-1.4421723857054216e-14,6.367263784879904e-10,-9.809999999932154,3.315765481468922e-10,0.0,0.0,1.0,-9.89843492681517e-18,-5.372899601476868e-18,-5.319329699879284e-19,-1.2601532177988295e-11,5.164423000630567e-14,-1.3289823816309177e-10,-1.6627988750624407e-11,3.6232342712136084e-12,-6.99085754983554e-11,-1.204034275788246e-09,5.596643730783585e-11
0.002,0.19888004642432164,0.22674218698702298,-1.4503443090303558e-05,8.411646495728961e-15,-0.029430000000008887,6.50327806135876e-14,1.9260852128020224e-11,-9.810000000009502,7.945450447064182e-11,0.0,0.0,1.0,1.1376438421463592e-18,-5.288519943936895e-18,-5.814825706686475e-19,5.788392130781154e-12,1.7312356213126519e-12,2.0580244897083168e-11,4.786588491106687e-12,1.819976267361979e-12,-4.3512858232563266e-11,-2.164475028876532e-10,8.496054888481082e-12
0.003,0.19888004642432164,0.22670294698702298,-1.450344309036927e-05,-2.46276615776845e-15,-0.039239999999998186,-6.571175046044744e-14,-1.0874412653497412e-11,-9.8099999999893,-1.3074453107403503e-10,0.0,0.0,1.0,-6.402489220533252e-19,-2.606698041504081e-18,1.8205598936227485e-20,-9.400684522665363e-12,7.935856215774283e-13,-6.868600284496195e-12,-4.285474917068631e-12,-4.1365386493349944e-11,-1.8203149715286004e-12,2.8990999835915116e-11,1.6244521468417627e-11
0.004,0.19888004642432164,0.22665389698702298,-1.4503443090344312e-05,7.815340929202826e-15,-0.049050000000001995,2.4956621375522783e-14,1.0278107086971275e-11,-9.810000000003809,9.066837183597021e-11,0.0,0.0,1.0,4.257039615293739e-18,-3.949375112085072e-18,-5.485251754755945e-18,6.509580494481247e-12,-1.5955314421277962e-12,4.286665100436454e-12,3.5604718280439523e-12,3.285661906791683e-11,-2.2338819970952006e-11,-3.5394110066294684e-12,-1.9380105345510325e-12
0.005,0.19888004642432164,0.226595036987023,-1.4503443090381854e-05,-4.264505877004329e-16,-0.058860000000000565,-3.7541492341393125e-14,-8.241791516903257e-12,-9.80999999999857,-6.24981137169159e-11,0.0,0.0,1.0,9.41354891389073e-19,-1.6233410402709656e-18,-2.808541147952625e-18,-4.920079111686859e-12,7.79252165149044e-12,-3.0559504947053643e-12,-6.174686784123092e-12,-5.381921485429304e-11,2.4217579513738213e-11,-1.9076035303871444e-11,-1.0511507299041065e-11
0.006,0.19888004642432167,0.226526366987023,-1.4503443090370345e-05,1.4339329950547158e-14,-0.0686700000000064,1.1510206914921921e-14,1.4765780538247592e-11,-9.810000000005841,4.9051699256315044e-11,0.0,0.0,1.0,2.8987991175821466e-19,-7.245519993728453e-19,-1.3394867274272045e-18,1.0111974416241491e-11,-7.485899466278741e-12,2.4658837763441695e-12,4.285079080102897e-12,8.970187491662284e-11,-3.057859966887157e-11,3.423841058969981e-11,2.4474406946880663e-11
0.007,0.19888004642432164,0.22644788698702298,-1.450344309037038e-05,-3.576194328705716e-14,-0.07848000000001244,-3.603128040233317e-17,-5.010127323760433e-11,-9.810000000006037,-1.1546238195324255e-11,0.0,0.0,1.0,9.126086861470037e-20,-1.502620465131726e-18,-2.5840721439599856e-19,-1.352682472405474e-11,8.517062856684002e-12,-4.426920465579182e-12,-7.821991799182817e-13,-8.284304870735175e-11,2.0975497811352835e-11,-1.5829666111739147e-11,-2.507549181945863e-11
0.008,0.1988800464243216,0.22635959698702296,-1.4503443090274913e-05,-1.5701731002773205e-14,-0.08829000000001345,9.546668412002794e-14,2.006021228428396e-11,-9.810000000001013,9.550271540043027e-11,0.0,0.0,1.0,8.333340867921966e-18,-3.4182654256624283e-18,-3.298789881220282e-18,-8.741499407397512e-14,2.137503980949908e-11,1.3883348608365647e-11,-1.9425590333867212e-12,4.7489952860834844e-11,6.1712926234977305e-12,3.791498790894708e-12,1.9097151561511646e-11
0.009000000000000001,0.19888004642432164,0.22626149698702297,-1.4503443090391018e-05,1.5370875650871758e-14,-0.09809999999998052,-1.161050576208537e-13,3.1072606653644965e-11,-9.809999999967067,-2.1157174174088162e-10,0.0,0.0,1.0,3.883964176906663e-18,3.0622397012125903e-18,-5.865923686593078e-19,1.890269318755982e-11,-5.1557702146818897e-11,-2.3396354360568947e-11,2.331600818251281e-12,-6.414453268849621e-13,-2.0486973046731267e-11,9.450301590566608e-12,4.7292750595690905e-12
0.010000000000000002,0.19888004642432164,0.22615358698702298,-1.4503443090392627e-05,6.186787368093867e-15,-0.10791000000000044,-1.6096371071711422e-15,-9.18408828277789e-12,-9.810000000019913,1.1449542051368256e-10,0.0,0.0,1.0,-9.657805706266693e-19,6.155763908868272e-20,9.045687501295207e-19,-1.1320031910263746e-11,2.293705411686154e-11,1.1339133381300982e-11,-8.201492834924486e-13,-1.1384343119673766e-11,5.299185068036261e-12,-8.77621509031792e-12,-1.8356194295276077e-11
0.011000000000000003,0.19888004642432164,0.22603586698702297,-1.4503443090378256e-05,1.9473128074543344e-15,-0.11772000000000607,1.437107203110131e-14,-4.239474560639532e-12,-9.810000000005633,1.5980709138272453e-11,0.0,0.0,1.0,1.6401830978058179e-18,-1.5446206176882335e-19,-1.0324684715620656e-18,2.5267823063179384e-13,-1.3083253613090704e-12,3.673760249418434e-12,-7.785149579478478e-13,-3.1725325272647066e-11,-1.416711505618976e-11,-3.2282266771428575e-11,-1.2984875689615617e-11
0.012000000000000004,0.19888004642432164,0.22590833698702295,-1.4503443090363886e-05,1.947398165112206e-15,-0.12753000000000608,1.43708688515321e-14,8.535765787159243e-17,-9.810000000000013,-2.031795692106551e-16,0.0,0.0,1.0,4.245635875097956e-18,-3.6916200217181495e-19,-2.969107296276777e-18,2.2401984676161817e-17,7.36161214436533e-17,1.7077220933174748e-16,5.674943237181602e-18,5.440598247635521e-17,7.582653920399976e-18,-1.2656164323018058e-16,2.2298666778348675e-17
0.013000000000000005,0.19888004642432164,0.22577099698702296,-1.4503443090381243e-05,-1.2077101727369859e-14,-0.1373399999999827,-1.7357468451462448e-14,-1.4024499892482064e-11,-9.809999999976615,-3.1728337302994545e-11,0.0,0.0,1.0,3.176710841397233e-18,3.530291452233618e-18,-2.6533881555989253e-19,-2.369894278010408e-13,9.044370668545559e-12,-3.690813884825054e-12,3.0667928111322154e-12,5.342716579234507e-11,4.7085209055023424e-11,5.6681018461276155e-11,4.389992316856494e-11
0.014000000000000005,0.19888004642432164,0.22562384698702295,-1.4503443090372771e-05,-6.222761676468735e-15,-0.14715000000000114,8.472595528204766e-15,5.854340050901124e-12,-9.810000000018443,2.5830063979667213e-11,0.0,0.0,1.0,1.1260329295850704e-17,-8.049558481614013e-18,-1.2351339925174753e-17,-4.544699170674746e-12,-1.4701775847158807e-11,6.331806963959244e-13,-5.360456764980286e-12,-3.907225324405803e-11,-2.7398079044836582e-11,-3.036461525224564e-11,-2.377410338239141e-11
0.015000000000000006,0.19888004642432164,0.22546688698702297,-1.450344309040579e-05,5.757524614077945e-15,-0.1569599999999828,-3.301970255471114e-14,1.198028629054668e-11,-9.809999999981667,-4.1492298082915905e-11,0.0,0.0,1.0,4.942042459222703e-18,-4.017035310992589e-18,-6.448009342594811e-18,8.51225918795452e-12,1.953115033305642e-11,1.363092191102338e-12,9.085004839448502e-12,3.0846482338096744e-11,-8.236398723574723e-12,-1.125481500909087e-11,1.1781315636368686e-11
0.016000000000000007,0.19888004642432164,0.22530011698702296,-1.4503443090396845e-05,-9.138449898722e-16,-0.16677000000000675,8.944538504542866e-15,-6.671369603950145e-12,-9.810000000023939,4.1964241059254006e-11,0.0,0.0,1.0,1.5807321343931801e-18,-3.394151774441181e-18,-8.111079684762217e-19,3.958746713320398e-12,-1.0014839748297745e-11,-2.165778461791625e-12,-7.295592001153597e-12,-4.1988515869944626e-11,1.0491761670663726e-11,-3.902994479827392e-13,-2.4655209837527772e-11
0.017000000000000008,0.19888004642432164,0.22512353698702295,-1.4503443090378619e-05,-8.334716807605926e-15,-0.1765799999999997,1.822616536470345e-14,-7.420871817733726e-12,-9.809999999992963,9.281626860160586e-12,0.0,0.0,1.0,1.1373675328702513e-18,-4.178063522334758e-18,1.0811043934649265e-18,-2.5284807839668385e-11,-4.03516774194222e-12,-2.925392038460173e-13,1.5469075856541998e-13,1.6749013139988052e-11,-8.482186442149322e-12,1.598062258617336e-11,1.526167451146142e-11
0.01800000000000001,0.19888004642432164,0.22493714698702297,-1.4503443090367067e-05,-8.296893821579917e-16,-0.18638999999998096,1.1552438196139275e-14,7.505027425447934e-12,-9.809999999981251,-6.673727168564176e-12,0.0,0.0,1.0,5.284990624168879e-18,-1.5612346033835865e-18,-1.5771338909174294e-18,2.0804132992574338e-11,4.269024103098982e-13,2.4035013430641677e-12,1.5055622542553917e-12,3.606261904670814e-11,3.7406817419415386e-12,1.4475608997179044e-11,-1.617342716080473e-11
0.01900000000000001,0.19888004642432164,0.22474094698702296,-1.4503443090366566e-05,-7.39133668461646e-15,-0.1962000000000142,5.008695205519593e-16,-6.561647302458468e-12,-9.810000000033236,-1.1051568675587316e-11,0.0,0.0,1.0,3.2992407961208975e-18,-5.30150686204814e-19,-1.6845276115707684e-18,-4.63428725020815e-12,3.0769385266526714e-13,-7.237748160951802e-13,2.5399754888209675e-12,-3.935260535905096e-11,2.889860166025206e-12,-2.1648126222583044e-11,2.3399450813035117e-11
0.02000000000000001,0.19888004642432164,0.22453493698702295,-1.4503443090366064e-05,-7.391317572327408e-15,-0.2060100000000142,5.009709583418575e-16,1.911228905160303e-17,-9.810000000000013,1.0143778989817771e-16,0.0,0.0,1.0,1.3133766785142268e-18,5.008264928846145e-19,-1.791607930825413e-18,-1.28633000541584e-17,2.1745129008538753e-17,1.588970479773022e-16,5.213847996810531e-17,-2.844948095603856e-18,-6.396339878587269e-18,-9.170725642861698e-17,-4.3307895683624985e-17
0.02100000000000001,0.19888004642432164,0.22431911698702298,-1.45034430903778e-05,1.0504850622634901e-14,-0.21581999999998663,-1.1736160529408213e-14,1.789616819496231e-11,-9.809999999972424,-1.2237131487750072e-11,0.0,0.0,1.0,-2.9811368237461402e-18,1.0967386477654444e-18,1.0569767500165723e-19,3.67154333219912e-12,1.9199526811824768e-12,-2.176228129253826e-12,-9.961286733526591e-12,3.477390397181072e-11,-9.644898366275916e-12,1.5599361913201285e-11,-3.815486811431887e-11
0.022000000000000013,0.1988800464243216,0.22409348698702297,-1.450344309036889e-05,-2.299187871029883e-14,-0.22563000000001462,8.911268627435032e-15,-3.3496729332933734e-11,-9.81000000002799,2.0647429156843244e-11,0.0,0.0,1.0,-8.998518794697871e-19,3.4182566639412322e-18,-2.124726009433345e-19,-1.151812442558585e-11,-2.946094287097146e-13,5.375415191295349e-12,9.579431371427033e-12,-9.166759666730256e-11,9.126908445290374e-12,-5.410261764802937e-11,3.7529054123903554e-11
0.023000000000000013,0.19888004642432164,0.223858046987023,-1.45034430903444e-05,1.4450173497505535e-14,-0.23543999999997134,2.4490244379579125e-14,3.744205220780436e-11,-9.809999999956714,1.5578975752144095e-11,0.0,0.0,1.0,1.6761163175768836e-18,-2.161975489214139e-18,1.5062208753388762e-18,3.4928261194413546e-11,1.7906487339155634e-12,-1.234348614520521e-11,-6.4832833768064956e-12,1.0236114749310126e-10,-1.2535349140947546e-12,5.4726888226565915e-11,-1.7414634277565748e-11
0.024000000000000014,0.19888004642432164,0.22361279698702302,-1.4503443090370027e-05,-7.1005835342967045e-15,-0.24524999999998703,-2.562663008042796e-14,-2.1550757031802238e-11,-9.810000000015695,-5.0116874460007083e-11,0.0,0.0,1.0,-6.483244328752669e-19,2.830043938631235e-18,-9.304144984387562e-19,-2.5577324640720322e-11,1.2141629849326219e-12,6.882321844629407e-12,4.0431992703860875e-12,-1.725274312938815e-11,-1.8568865695920004e-11,-6.208335515619076e-12,1.88744311643422e-11
0.025000000000000015,0.19888004642432164,0.22335773698702296,-1.4503443090360779e-05,-5.215575212359905e-15,-0.2550600000000516,9.247624936957253e-15,1.8850083219367992e-12,-9.810000000064544,3.487425501738521e-11,0.0,0.0,1.0,-7.115352922018816e-19,-6.513727350459188e-18,-2.1243043759247987e-19,-1.8613378401857178e-11,-4.286040235450105e-12,4.978318675960758e-12,5.426937899002579e-12,-8.73925645752953e-12,3.270643347152207e-11,-5.691681122407675e-12,-2.1428726378153875e-11
0.026000000000000016,0.19888004642432164,0.22309286698702296,-1.4503443090356708e-05,-9.007179931891599e-15,-0.26486999999999605,4.071633948523212e-15,-3.7916047195316936e-12,-9.809999999944473,-5.175990988434042e-12,0.0,0.0,1.0,-5.333385765746517e-18,-1.2428105780212877e-17,1.8469071272970753e-17,1.1988357336872368e-11,-1.3576162410327075e-12,9.61168191051927e-13,-6.222959539412809e-12,-2.3593502977251353e-11,-1.261512295398914e-11,1.954768846201684e-12,1.714652073392432e-11
0.027000000000000017,0.19888004642432164,0.22281818698702296,-1.4503443090370514e-05,6.942742307410044e-15,-0.27467999999999326,-1.3805790807148716e-14,1.5949922239301643e-11,-9.80999999999721,-1.7877424755671928e-11,0.0,0.0,1.0,7.614217091381285e-18,-1.5840213400542782e-17,5.666260156010137e-18,7.577574231124438e-12,7.481317807989329e-14,-4.383804186118293e-12,2.1399770618140082e-12,2.6648856828484012e-11,-6.14173766873146e-13,-1.7203533997613588e-11,-9.807395345568409e-12
0.028000000000000018,0.19888004642432164,0.22253369698702297,-1.4503443090384321e-05,6.9428901261443456e-15,-0.28448999999999325,-1.3805932414573985e-14,1.4781873430128414e-16,-9.809999999999985,-1.416074252681938e-16,0.0,0.0,1.0,2.0560198490594144e-17,-1.9250661104620136e-17,-7.134350872770169e-18,4.339732874697551e-17,6.426984106459231e-17,3.713431347197105e-17,-6.277183411144076e-17,1.926506251485982e-17,1.0497484759567934e-17,-9.505637896398202e-17,-1.7072113569989744e-18
0.02900000000000002,0.19888004642432167,0.22223939698702297,-1.4503443090372026e-05,1.4088876289333624e-14,-0.29429999999999645,1.22949158514047e-14,7.145986163189279e-12,-9.810000000003205,2.6100848265978686e-11,0.0,0.0,1.0,9.737435561943009e-18,-1.4297226117815012e-17,-3.0166834921521416e-18,8.217036175188107e-13,4.736243539458868e-12,1.4713215918665707e-12,-1.3009090093823252e-12,-2.6878560080259448e-12,-9.991241061421325e-13,2.019911495989033e-12,2.556904171478854e-12
0.03000000000000002,0.19888004642432167,0.22193528698702297,-1.4503443090360879e-05,-6.208608213229218e-15,-0.3041099999999963,1.1146861055099666e-14,-2.0297484502562844e-11,-9.809999999999874,-1.148054796305034e-12,0.0,0.0,1.0,6.028374336668463e-18,-1.3453542264366279e-17,-7.874951280931073e-19,-1.2504822771258078e-12,2.0205285729383017e-12,-1.3486899125127251e-12,-8.110678496332781e-13,-5.398327752894632e-12,-3.95925424538205e-12,5.1676515213724606e-12,4.83331244483491e-12
0.03100000000000002,0.19888004642432167,0.22162136698702298,-1.450344309034836e-05,-9.371281043888917e-15,-0.31392000000000764,1.2519268469880479e-14,-3.1626728306596993e-12,-9.81000000001131,1.372407414780813e-12,0.0,0.0,1.0,1.8982859070728542e-17,1.8647112441265257e-17,-9.107419926482874e-19,-3.2404130449724835e-12,2.0276692466665583e-13,2.3754544324701426e-12,1.6124891879203175e-12,-3.0470797192692745e-11,-2.3488066244292497e-11,1.1627095148893991e-11,2.2149435507665604e-12
0.03200000000000002,0.19888004642432164,0.22129763698702296,-1.4503443090353103e-05,-2.2625764099474038e-14,-0.3237300000000121,-4.743148357537173e-15,-1.3254483055585121e-11,-9.810000000004482,-1.726241682741765e-11,0.0,0.0,1.0,9.540146116831525e-18,1.0218941227392424e-17,-6.714695832235323e-19,1.827532660750108e-12,-4.531039210268332e-12,-3.3371778634254363e-12,-1.3791747177901716e-12,5.125583185735761e-12,2.0449488733817677e-11,-1.2960967366689869e-11,-1.4184204569859734e-11
0.03300000000000002,0.19888004642432164,0.22096409698702296,-1.4503443090359701e-05,9.122598592902942e-15,-0.3335399999999822,-6.599063393966391e-15,3.1748362692376977e-11,-9.809999999970065,-1.8559150364292175e-12,0.0,0.0,1.0,3.306067842659707e-18,7.589198186338776e-18,1.1114377571306132e-19,-1.3256646961138165e-12,-5.866929592205512e-13,5.346394103930814e-13,-2.581508133567942e-13,2.042567218174764e-11,1.7901226755889048e-11,2.616034376962447e-12,8.557657030430778e-12
0.03400000000000002,0.19888004642432167,0.22062074698702297,-1.450344309036096e-05,1.719040514874411e-14,-0.343349999999993,-1.2584726485761897e-15,8.067806555841168e-12,-9.81000000001081,5.340590745390201e-12,0.0,0.0,1.0,1.4642830948654402e-18,1.948503366574826e-18,1.0327492056437068e-19,-3.224318806802025e-12,4.780506553937857e-13,5.721154281178379e-13,-5.664565500325679e-13,1.3357941852164228e-12,-9.645026830754907e-12,-2.8342044920732674e-13,-5.308252029400995e-12
0.035000000000000024,0.19888004642432167,0.22026758698702298,-1.450344309035343e-05,2.3628535618374747e-15,-0.35316000000000514,7.530577237409992e-15,-1.4827551586906636e-11,-9.810000000012142,8.789049885986181e-12,0.0,0.0,1.0,4.777648814720536e-18,9.535354240010912e-18,1.9865167608499495e-18,9.681662849424036e-12,-1.6286413995330572e-12,9.780445696219289e-13,1.7660457038784955e-12,8.436185463197733e-12,-3.7358611673714795e-12,-9.667806043153007e-13,4.657779672145975e-12
0.036000000000000025,0.19888004642432164,0.219904616987023,-1.4503443090387982e-05,-1.731635225154117e-14,-0.3629700000000031,-3.45517454089967e-14,-1.9679205813378645e-11,-9.809999999997988,-4.2082322646406695e-11,0.0,0.0,1.0,-1.8205747703398545e-18,2.0896552481466572e-18,2.4292629052503768e-18,-4.4442399116636865e-12,-6.623214637869938e-13,-1.0834035059420265e-12,-4.3529786037887526e-13,2.3216153192173727e-12,-5.3103632212788725e-12,5.261715160518278e-12,3.580969318765901e-12
0.037000000000000026,0.19888004642432172,0.219531836987023,-1.4503443090292194e-05,8.155881309324975e-14,-0.37277999999998573,9.578702416831283e-14,9.887516534479092e-11,-9.80999999998261,1.3033876957730953e-10,0.0,0.0,1.0,4.019330971643999e-18,5.6757109480708125e-18,-2.5790440862030343e-18,-3.853255841658793e-12,2.1420276459774847e-11,7.647546347850968e-12,-1.0846869430823608e-11,-2.1443027285062025e-11,1.2269925623768548e-11,2.942034169846035e-11,1.3796269021406896e-12
0.03800000000000003,0.19888004642432164,0.21914924698702298,-1.4503443090352508e-05,-7.755339815354128e-14,-0.3825900000000157,-6.031424844207882e-14,-1.5911221124679101e-10,-9.810000000029962,-1.5610127261039164e-10,0.0,0.0,1.0,1.311875607512436e-18,3.0316798125487724e-18,-5.4357926015188225e-18,1.0410408728892478e-11,-3.278595646808547e-11,-6.165566295563908e-12,2.4863587491933873e-11,2.513451893752481e-11,-2.4122177663007394e-11,-4.328807354270224e-11,-7.195513964369672e-12
0.03900000000000003,0.19888004642432164,0.21875684698702297,-1.4503443090354951e-05,1.3873217704767599e-14,-0.3924000000000107,-2.4431872350366097e-15,9.142661585830888e-11,-9.80999999999499,5.7871061207042204e-11,0.0,0.0,1.0,4.299343366004773e-18,-2.9245459514990478e-18,-2.9700646522151837e-17,-1.1267412336528492e-11,1.3168365765371428e-11,-9.407194662006002e-12,-1.6786902547087363e-11,-5.96344674794759e-12,2.3137144844929662e-11,1.0107876384263976e-11,7.1612383255809976e-12
0.04000000000000003,0.19888004642432167,0.21835463698702298,-1.4503443090381738e-05,1.6073760761323547e-14,-0.4022099999999933,-2.67868628842466e-14,2.200543056555948e-12,-9.80999999998261,-2.434367564920999e-11,0.0,0.0,1.0,6.814448786604043e-18,7.506818386551864e-18,-2.353115236736206e-17,1.3976745661653759e-12,-1.7819275439347578e-12,1.3673587166208277e-11,3.3868767118335052e-12,-8.397256598958438e-12,-7.51483409113796e-13,-3.0122618453831825e-12,-1.874036986304418e-11
0.04100000000000003,0.19888004642432164,0.21794261698702297,-1.4503443090369315e-05,-1.6251871479741068e-14,-0.41202000000000927,1.2422949587015098e-14,-3.232563224106461e-11,-9.810000000015972,3.92098124712617e-11,0.0,0.0,1.0,5.383652724539003e-18,2.7948116228128268e-18,-1.2835311318907516e-17,-1.269202782500267e-12,5.8678499470206896e-12,-1.0968341916330257e-11,1.9718825956711774e-12,-8.513316454419461e-12,-7.521977485367816e-13,1.5177567192745839e-12,1.7105924621880316e-11
0.04200000000000003,0.19888004642432164,0.21752078698702296,-1.4503443090374694e-05,1.3307025557162999e-14,-0.42183000000000787,-5.37926547189963e-15,2.9558897036904064e-11,-9.809999999998597,-1.780221505891473e-11,0.0,0.0,1.0,9.686332318151495e-20,-6.545019460614984e-19,-7.237386545572925e-18,9.233482507698924e-12,-5.6175143155711076e-12,4.076335757048424e-12,-5.187580729528953e-12,1.2992379106658164e-11,-7.321819643924508e-12,-1.1538263475249335e-12,3.1749035306726154e-12
0.04300000000000003,0.19888004642432167,0.21708914698702303,-1.450344309028146e-05,3.192083178260115e-14,-0.4316399999999209,9.323260164203208e-14,1.861380622543815e-11,-9.809999999913055,9.861186711393172e-11,0.0,0.0,1.0,1.3989236376838075e-17,-2.7234056910144318e-17,-8.796354769535974e-18,2.2027021690256045e-11,6.148651634903231e-13,-1.1702927940017007e-13,-2.584813008945963e-11,-1.4283861837720809e-11,5.057733889953952e-12,2.0601796543036235e-11,-3.166469680925503e-12
0.04400000000000003,0.19888004642432164,0.21664769698702296,-1.450344309037182e-05,-3.2044590320134626e-14,-0.4414500000000639,-9.036046180707562e-14,-6.396542210273577e-11,-9.810000000142981,-1.8359306344910768e-10,0.0,0.0,1.0,1.8182247411434163e-17,-3.900247340163953e-17,-2.7961066203865297e-18,-4.871580790672907e-11,5.8295821520223996e-12,5.0584411221861576e-12,5.5654412126970076e-11,1.2980663899661192e-11,-1.420229480737738e-12,-1.6995884473040735e-11,-1.9990690718996544e-11
0.04500000000000003,0.19888004642432164,0.21619643698702298,-1.4503443090357948e-05,5.759403590106231e-15,-0.4512599999999903,1.387347341239415e-14,3.7803993910240854e-11,-9.809999999926378,1.0423393521946977e-10,0.0,0.0,1.0,1.234215571549002e-17,-2.235294921314839e-17,-2.701556203947143e-18,1.677194156804587e-11,-5.8101878205936305e-12,-5.90145232320327e-12,-2.6977012657228728e-11,-1.1305647523727802e-11,8.060600346941324e-12,-6.917633978710696e-12,1.913864709977755e-11
0.046000000000000034,0.19888004642432167,0.21573536698702298,-1.4503443090289553e-05,1.6808498897346716e-14,-0.46107000000000903,6.839424254486826e-14,1.1049095307240484e-11,-9.810000000018748,5.452076913247412e-11,0.0,0.0,1.0,8.927016921515832e-18,-9.320436040464231e-18,-2.0978480335619888e-18,2.3200186491068596e-13,-1.4788568795269093e-12,4.887548782034372e-12,1.8745537461315603e-12,3.744269958251529e-11,-1.158355554150166e-11,8.568809503764462e-12,-5.2260062028851875e-12
0.047000000000000035,0.19888004642432164,0.21526448698702297,-1.4503443090365412e-05,-1.8648401625831672e-14,-0.4708800000000015,-7.585898264738642e-14,-3.5456900523178386e-11,-9.809999999992492,-1.4425322519225468e-10,0.0,0.0,1.0,1.2750742530883636e-18,-7.622060856867664e-18,3.347926169360594e-18,3.07485833729978e-12,7.707677070402302e-12,-3.969014638010005e-12,-5.242880261707802e-12,-3.907160490621106e-11,7.722427864742329e-12,-1.2722734520894899e-12,-9.633092644454646e-13
0.048000000000000036,0.19888004642432167,0.21478379698702296,-1.4503443090374716e-05,1.3959686829473875e-14,-0.4806899999999968,-9.30343773686149e-15,3.260808845530555e-11,-9.809999999995267,6.655554491052493e-11,0.0,0.0,1.0,3.284047717783799e-19,-3.298581327033305e-18,1.7031830013858127e-18,5.327989035398152e-12,-7.388472688382966e-12,1.4791335797271183e-12,8.00683643602675e-12,9.473946552944867e-12,-4.454840422420744e-12,4.930169593545348e-12,-2.8464843070405937e-12
0.04900000000000004,0.19888004642432164,0.21429329698702296,-1.4503443090350726e-05,-1.814642525230467e-14,-0.49049999999999955,2.3990286586284135e-14,-3.210611208177855e-11,-9.810000000002761,3.329372432314562e-11,0.0,0.0,1.0,2.4407136305701647e-18,-3.505363607576928e-18,-6.742901026890653e-19,-6.702530412366688e-12,7.48940913727972e-12,-1.9017776525970844e-14,-5.208706627021684e-12,7.725557079165422e-12,3.6338553165885467e-12,-7.112776757354481e-12,1.565433590168727e-11
0.05000000000000004,0.19888004642432164,0.21379298698702295,-1.4503443090365222e-05,1.2871624189339803e-14,-0.5003099999999945,-1.4496858463233085e-14,3.101804944164447e-11,-9.809999999994934,-3.848714504951722e-11,0.0,0.0,1.0,-6.1464687531355324e-18,-1.5873140777256695e-17,-1.0711165169194687e-19,5.133577560740472e-12,-4.361432868275339e-12,-2.2668960595977436e-12,-3.4673941463010076e-12,-8.01758519300966e-12,-5.454197505282798e-12,3.687947017263143e-12,-2.1913944753641174e-11
0.05100000000000004,0.19888004642432164,0.21328286698702298,-1.4503443090366957e-05,6.905714620366277e-15,-0.5101199999999888,-1.7343977458769952e-15,-5.965909568973526e-12,-9.809999999994323,1.2762460717356091e-11,0.0,0.0,1.0,4.920859225034603e-18,-1.1005298236555729e-18,1.5656283619780896e-17,-7.479005390510616e-13,2.2975571519025153e-14,1.4991055955515267e-11,1.1336678705483004e-11,-4.167862261824144e-12,6.234240753283808e-12,4.3255386414061956e-13,1.8013589943281685e-11
0.05200000000000004,0.19888004642432164,0.21276293698702298,-1.4503443090367453e-05,4.576672507064974e-15,-0.5199300000000148,-4.967144427918332e-16,-2.3290421133013025e-12,-9.810000000025966,1.2376833030851619e-12,0.0,0.0,1.0,3.0019197680657558e-18,-2.6188930944952238e-18,7.789950015322402e-18,4.004620784457999e-12,-2.1494377115818445e-12,-2.4028746346878245e-11,-1.3375203235918063e-11,6.110267260483058e-12,-4.07542345527154e-12,-4.514611704766158e-12,-2.2170913514657554e-13
0.05300000000000004,0.19888004642432164,0.21223319698702298,-1.4503443090364e-05,-2.968433642919695e-15,-0.5297400000000064,3.452931346465354e-15,-7.54510614998467e-12,-9.809999999991659,3.949645789257187e-12,0.0,0.0,1.0,1.404650503037703e-18,-1.1778679786253218e-18,5.002286009760375e-18,-5.793909191197929e-12,1.3096035660447791e-12,1.0736094125376133e-11,6.773705366396581e-12,-9.373199264440933e-12,4.57173893856573e-12,9.560403439711396e-12,-1.1667002304505028e-11
0.05400000000000004,0.19888004642432164,0.21169364698702298,-1.4503443090361876e-05,-7.542968359523257e-15,-0.5395500000000077,2.124075882684877e-15,-4.5745347166035624e-12,-9.810000000001317,-1.328855463780477e-12,0.0,0.0,1.0,4.741173150813119e-19,-4.621651336877086e-19,2.3719879179599876e-18,5.09899491803068e-13,-2.8324927155083437e-13,9.246700284421402e-13,8.045842158124906e-13,3.186904664677039e-12,-6.894196403867348e-12,-2.2852390845580743e-12,1.0054316854089776e-11
0.05500000000000004,0.19888004642432164,0.21114428698702298,-1.4503443090360121e-05,-1.232436967203472e-14,-0.5493600000000024,1.7557616096528236e-15,-4.781401312511463e-12,-9.809999999994655,-3.6831427303205343e-13,0.0,0.0,1.0,-2.5752242016275438e-19,-4.2170352728872697e-19,2.2877902469953744e-18,-1.953951667926069e-12,-5.573216585656038e-13,-1.1205675511506974e-12,-3.750408717686829e-12,-3.047977287939682e-11,1.0197907094563956e-11,-4.114465707286771e-12,-1.8562945326885133e-11
0.05600000000000004,0.19888004642432164,0.21058511698702298,-1.4503443090360899e-05,5.979008172348768e-15,-0.5591700000000007,-7.767728463171448e-16,1.8303377844383486e-11,-9.80999999999832,-2.5325344559699685e-12,0.0,0.0,1.0,-3.0747028404593704e-20,-8.054991999394902e-19,7.537276709325616e-19,3.690516388547444e-12,3.105001681453869e-13,2.2737559095350348e-12,4.265965554320568e-12,6.868645865157657e-11,-1.9407615681401743e-11,3.996121510802398e-12,3.1311285083914964e-11
0.057000000000000044,0.19888004642432164,0.21001613698702298,-1.4503443090361675e-05,5.979168604289643e-15,-0.5689800000000008,-7.766274808660806e-16,1.6043194087502086e-16,-9.810000000000096,1.4536545106411682e-16,0.0,0.0,1.0,1.9526377111973362e-19,-1.189469724332218e-18,-7.801916938178834e-19,8.375165606369143e-17,-9.306250167080807e-18,6.4770819605226e-17,-2.891721994972164e-17,-4.012327810664699e-18,-6.8354694234388896e-18,-1.6270803825817256e-17,3.378660562859387e-20
0.058000000000000045,0.19888004642432164,0.209437346987023,-1.4503443090347157e-05,-7.336385949411544e-15,-0.5787900000000065,1.4517720172716502e-14,-1.3315554553701187e-11,-9.810000000005648,1.529434765358258e-11,0.0,0.0,1.0,2.5960220222615074e-19,1.3456237534720166e-18,3.5446518571759273e-19,-1.5918103418611542e-13,6.323980620289972e-13,-7.393635726253113e-12,-3.713304197178109e-12,-8.005128970780346e-11,3.301205298359487e-11,1.208049871988199e-12,-4.180290537955054e-11
0.059000000000000045,0.19888004642432164,0.208848746987023,-1.4503443090363118e-05,-1.0116677893946698e-14,-0.5886000000000068,-1.59619584207673e-14,-2.780291944535155e-12,-9.810000000000318,-3.0479678593483804e-11,0.0,0.0,1.0,-3.1419911320153194e-18,3.0222448178914288e-18,1.0281679723730517e-18,-8.92597409124418e-13,-1.7038889113992646e-12,8.956009514428267e-12,3.6184481470596984e-12,2.1458267699060508e-11,-1.8337579088071312e-11,-3.797768288120891e-12,1.727005267046413e-11
0.060000000000000046,0.19888004642432164,0.208250336987023,-1.4503443090366986e-05,9.229081476339304e-16,-0.5984099999999999,-3.8672268868647805e-15,1.103958604158063e-11,-9.809999999993103,1.2094731533902519e-11,0.0,0.0,1.0,-5.560937754720153e-18,4.409288039102633e-18,8.638451756598433e-19,3.369352987647745e-12,3.0308020124419346e-13,-2.9480362074814042e-12,5.612660024417493e-12,7.587902752839293e-12,-1.2504490176464526e-12,-1.1812969882927643e-12,-1.0812532209597665e-12
0.06100000000000005,0.19888004642432164,0.20764211698702298,-1.450344309035685e-05,2.519510018017338e-15,-0.6082200000000186,1.0135208651995063e-14,1.5966018703834074e-12,-9.810000000018748,1.4002435538859844e-11,0.0,0.0,1.0,-3.224540018757345e-18,1.2992453792575266e-18,-1.9647523830574404e-18,-1.2447900140201274e-11,-2.063641738649136e-12,-2.779923792770817e-12,-2.4180717205515906e-11,5.018484893264235e-12,-3.8177720848872067e-13,-2.3221424181103846e-13,2.441195901135194e-12
0.06200000000000005,0.19888004642432164,0.207024086987023,-1.4503443090339826e-05,1.1278757028738785e-14,-0.6180299999999873,1.7024035599248173e-14,8.759247010721447e-12,-9.809999999968678,6.88882694725311e-12,0.0,0.0,1.0,-2.8824115698722018e-18,-1.3884659830973386e-17,-9.057431243230973e-19,2.2936819539478484e-11,7.303315903361536e-12,2.8168061711306145e-12,2.1936674902881474e-11,6.990960091335993e-11,-1.4513154011664903e-11,5.9964421745029685e-12,3.2351314686564535e-11
0.06300000000000004,0.19888004642432164,0.20639624698702297,-1.4503443090360502e-05,1.1938411904935237e-15,-0.6278400000000132,-2.06754259304339e-14,-1.0084915838245261e-11,-9.810000000025854,-3.7699461529682076e-11,0.0,0.0,1.0,-7.682521618159536e-19,-8.51433581089884e-18,-3.793579539802049e-18,-1.9802163400061648e-11,-3.76169977637383e-12,3.671207707774358e-12,-3.8431323557181786e-12,-3.135199521326353e-11,3.574955421419123e-13,-9.398038884014624e-13,-1.2769592668801687e-11
0.06400000000000004,0.19888004642432164,0.20575859698702298,-1.4503443090347463e-05,-4.972799339735947e-15,-0.637649999999987,1.30397091348546e-14,-6.1666405302294705e-12,-9.809999999973783,3.3715135065288503e-11,0.0,0.0,1.0,-7.060838247883131e-19,-3.4931370791483e-18,-2.1424944660600006e-18,4.674267693156344e-13,7.835029582562464e-13,-3.5851532420664027e-12,-7.307012795989907e-12,-4.754416425749165e-11,3.218021185074371e-11,4.496364474443597e-12,-3.950010968627546e-11
0.06500000000000004,0.1988800464243216,0.205111136987023,-1.4503443090365429e-05,-2.1567781729901093e-14,-0.6474600000000009,-1.7966095578605478e-14,-1.6594982390165147e-11,-9.810000000013975,-3.1005804713460073e-11,0.0,0.0,1.0,2.3459122456290968e-18,-5.872072519636811e-18,-6.795939178097377e-19,1.4665057081699356e-12,6.603900939366324e-13,-1.4571518020996182e-12,1.1656975672616775e-11,2.2605095436966723e-12,-1.529746253302594e-11,-1.0149723464694161e-11,3.6684932748484846e-11
0.06600000000000004,0.19888004642432164,0.204453866987023,-1.4503443090311859e-05,2.4212682605717763e-14,-0.6572699999999939,5.356997472500603e-14,4.578046433561885e-11,-9.809999999992991,7.153607030361151e-11,0.0,0.0,1.0,2.6835415779357194e-18,-1.3520962614667733e-18,-1.5724883118519788e-18,5.445473479546573e-12,-3.400313566106987e-12,9.524282952007775e-13,-8.190670506975553e-12,3.688104221460576e-11,-5.348283942574806e-12,2.8444429439062146e-12,-1.3969523012184423e-11
0.06700000000000005,0.19888004642432167,0.20378678698702302,-1.450344309025829e-05,2.4212718270827275e-14,-0.6670799999999939,5.35696211977112e-14,3.566510951192716e-17,-9.809999999999985,-3.53527294836065e-16,0.0,0.0,1.0,3.0221295078775505e-18,3.1676355986621097e-18,-2.464559896799628e-18,8.128555890523163e-17,-6.490846307925098e-19,-3.575030237299548e-17,1.8801346332880007e-17,2.4034111067563268e-17,1.658914958907485e-17,-6.583893740602428e-17,2.1456684393882102e-18
0.06800000000000005,0.19888004642432167,0.20310989698702298,-1.4503443090319042e-05,7.799140655234722e-15,-0.6768900000000296,-6.075232185128164e-14,-1.641357761559255e-11,-9.810000000035735,-1.1432194304899282e-10,0.0,0.0,1.0,9.919095241054508e-18,3.7170724201776506e-18,-1.2367863929310743e-18,2.8216087539742993e-12,2.151347996453943e-12,-2.46288694890912e-12,1.114028435452621e-12,3.7161706388983873e-13,1.4037917590423386e-12,-1.1983277176954004e-12,2.980783314791731e-12
0.06900000000000005,0.19888004642432158,0.20242319698702296,-1.4503443090364553e-05,-7.874218996665034e-14,-0.6866999999999989,-4.551169628706349e-14,-8.654133062188507e-11,-9.809999999969232,1.5240625564218147e-11,0.0,0.0,1.0,4.572846638663648e-18,-1.9802329917334088e-20,-2.6494211332707104e-19,-9.834143744937638e-12,6.7242269634315505e-12,-5.490688833341747e-13,9.673607938460707e-12,-8.54243859208341e-11,1.4013971312197492e-11,4.280553993660821e-11,2.5635368731986402e-11
0.07000000000000005,0.19888004642432164,0.20172668698702298,-1.4503443090358917e-05,4.444092331971838e-14,-0.6965099999999806,5.635456989342586e-15,1.2318311328636873e-10,-9.809999999981777,5.1147153276406076e-11,0.0,0.0,1.0,2.8892488041656115e-18,-1.3858801922047526e-18,1.4033360138647516e-18,8.9176077109635e-12,-1.5897682587864145e-12,7.882381837350959e-12,-1.2954047203608469e-11,1.1060113542748951e-10,-9.959661367700392e-12,-6.890337667671752e-11,-3.9007100348412263e-11
0.07100000000000005,0.19888004642432164,0.20102036698702297,-1.4503443090354743e-05,-1.3312066657142546e-14,-0.7063199999999974,4.173524980217941e-15,-5.775298997686093e-11,-9.81000000001675,-1.4619320091246452e-12,0.0,0.0,1.0,3.2137124003426204e-18,-3.073073814432883e-18,-7.206768815888695e-18,-7.920695921483753e-12,-5.9503452447850876e-12,-4.2742196567420314e-12,4.8730338319912935e-12,-7.529782919155852e-11,-1.6177231880950455e-11,1.8641727236711993e-11,1.1317706303804175e-11
0.07200000000000005,0.19888004642432164,0.20030423698702296,-1.4503443090350568e-05,-1.331198107874056e-14,-0.7161299999999974,4.173369462773417e-15,8.557840198590092e-17,-9.809999999999985,-1.555174445241507e-16,0.0,0.0,1.0,3.5384352357249045e-18,-4.758420810223989e-18,-1.5814374324574806e-17,4.2542696409973064e-17,1.9643372984317942e-17,1.41170659841658e-16,-1.3017324911657775e-17,3.210933815207968e-17,1.2713859480199943e-17,-1.5170364898185052e-16,1.1446322115777513e-17
0.07300000000000005,0.19888004642432164,0.19957829698702298,-1.4503443090365698e-05,-1.6501064857673425e-15,-0.7259399999999856,-1.513035424818322e-14,1.1661874592973218e-11,-9.809999999988218,-1.9303723710956635e-11,0.0,0.0,1.0,-5.003838397459841e-19,-1.757503254462791e-18,-8.413612280381878e-18,8.129854639574008e-12,2.81072980359075e-12,6.547169704806893e-13,-2.7076442602480533e-12,5.229105186277782e-11,1.930919900923067e-11,3.5192580124186113e-13,3.647415277258925e-12
0.07400000000000005,0.19888004642432164,0.19884254698702294,-1.4503443090365537e-05,1.0515359594019095e-14,-0.7357500000000282,1.6121942301671535e-16,1.2165466079786438e-11,-9.810000000042617,1.5291573671199936e-11,0.0,0.0,1.0,-4.6735230958944795e-18,4.974598587425574e-18,-3.782163229126412e-18,4.0077405236048455e-12,-1.1271516277503303e-12,-3.3108760261820167e-12,1.1287979137497926e-11,1.7613976907849863e-11,2.251771615922715e-12,5.019346171890956e-12,1.8200604215670894e-11
0.07500000000000005,0.19888004642432164,0.19809698698702297,-1.4503443090368034e-05,4.712292420542282e-15,-0.7455599999999686,-2.4977065524418195e-15,-5.8030671734768126e-12,-9.809999999940366,-2.6589259754585347e-12,0.0,0.0,1.0,-9.525848230634319e-19,7.434216626623796e-19,-1.5651146747336936e-18,-1.6972776058996024e-11,-2.260487074610264e-12,8.816862346707405e-13,-1.9155895457838534e-11,-3.8800639204182237e-11,-8.022462190731006e-13,3.3369957511073236e-11,-3.866926710668991e-11
0.07600000000000005,0.19888004642432164,0.19734161698702296,-1.4503443090371236e-05,-1.0634317934020467e-14,-0.7553700000000071,-3.2018010378482023e-15,-1.534661035456275e-11,-9.81000000003851,-7.040944854063828e-13,0.0,0.0,1.0,-5.399295043186957e-20,-2.3897304438565084e-18,-1.2989308748094915e-18,1.2825375398782757e-11,-6.558023554030671e-12,1.6909225256567671e-12,1.6904935122401334e-11,-1.9268835678416152e-11,-6.0328409394041396e-12,-3.2430158785726545e-11,2.433951526079518e-11
0.07700000000000005,0.19888004642432164,0.19657643698702298,-1.4503443090362791e-05,-9.436752823986425e-15,-0.7651799999999834,8.44419205255711e-15,1.1975651100340428e-12,-9.809999999976338,1.1645993090405313e-11,0.0,0.0,1.0,-6.17120162947824e-19,6.070490677561902e-19,-1.4634171858887838e-18,-5.633595804883727e-12,2.3923709396774983e-11,4.004743153786616e-12,-1.0975799452213124e-11,7.803778357493809e-12,-1.536758977869619e-12,1.9394752668538993e-12,-1.5194021523555268e-12
0.07800000000000006,0.19888004642432164,0.19580144698702298,-1.4503443090352342e-05,-6.55482552195194e-15,-0.774989999999998,1.0448539418340767e-14,2.8819273020344843e-12,-9.81000000001453,2.0043473657836576e-12,0.0,0.0,1.0,1.4508192828265455e-18,3.375587795758853e-19,-8.676655438885837e-19,-1.0585952377549897e-13,-1.7358768940818577e-11,-9.63776175243275e-12,-8.309831737190361e-13,1.4046385515061613e-12,-5.053665696302442e-13,-7.930012897443886e-14,-1.1004157924366745e-12
0.07900000000000006,0.1988800464243216,0.19501664698702295,-1.4503443090373701e-05,-2.0248991231989317e-14,-0.7848000000000199,-2.1359599811080674e-14,-1.3694165710037377e-11,-9.810000000021969,-3.180813922942145e-11,0.0,0.0,1.0,9.621460330775937e-18,-2.3676172587045394e-19,2.104416261835764e-18,1.4800905307147274e-12,-1.5170553557670004e-12,8.595388014138796e-12,1.0444459609551022e-11,1.3049958357524535e-11,-6.529731418089326e-12,2.2465547949913112e-11,-7.19637253509475e-12
0.08000000000000006,0.19888004642432164,0.19422203698702298,-1.4503443090356559e-05,1.5860272680526457e-14,-0.79460999999998,1.71417790034106e-14,3.610926391251577e-11,-9.809999999960128,3.850137881449128e-11,0.0,0.0,1.0,3.705853006209858e-18,-1.659840379175642e-18,3.914693651315855e-18,9.312874568580603e-13,6.648334730001845e-14,-4.1442855298055374e-12,-6.029891489655129e-12,1.4295687455058046e-11,2.765066978762687e-12,-4.247736038153681e-11,5.5307333685768175e-12
0.08100000000000006,0.19888004642432164,0.19341761698702298,-1.450344309034133e-05,1.0903871530238872e-14,-0.8044200000000049,1.5227629748056213e-14,-4.956401150287585e-12,-9.810000000024854,-1.9141492553543876e-12,0.0,0.0,1.0,5.310375602536698e-18,7.01696840695562e-18,5.6120572577266315e-18,2.0568420075041226e-12,7.86841459913622e-12,2.1710360096438032e-12,2.230718333426436e-12,7.522380120036571e-13,-2.0706154735353363e-12,2.588310456181043e-11,-9.382098738479603e-12
0.08200000000000006,0.19888004642432164,0.19260338698702298,-1.4503443090365903e-05,-3.2420675696851836e-16,-0.8142299999999988,-2.4572421177652327e-14,-1.122807828720739e-11,-9.80999999999388,-3.980005092570854e-11,0.0,0.0,1.0,2.411045969224888e-18,8.996022511800707e-19,3.02193352036571e-18,-7.652369432417092e-12,-6.1189385453283304e-12,-3.200839984838717e-12,-3.8076112091461304e-12,-1.630957323673176e-11,4.304472087904137e-12,-1.876865587996727e-12,1.0176923405542926e-11
0.08300000000000006,0.19888004642432164,0.19177934698702298,-1.4503443090348744e-05,5.89935463565726e-15,-0.8240399999999974,1.715903341839153e-14,6.223561392625778e-12,-9.809999999998652,4.1731454596043854e-11,0.0,0.0,1.0,5.651908743271713e-18,-3.594894193994401e-18,-3.2247250273617896e-18,2.204461767177992e-12,-5.983492696454056e-13,3.5397193355081844e-12,6.337228665201257e-12,-1.901530306864902e-12,7.832499323992818e-13,-8.66947208400007e-12,-2.633556457069359e-12
0.08400000000000006,0.19888004642432164,0.19094549698702298,-1.4503443090359952e-05,1.0903797265015894e-14,-0.8338499999999884,-1.120829320607499e-14,5.004442629358634e-12,-9.809999999990993,-2.836732662446652e-11,0.0,0.0,1.0,3.639012690939748e-18,-4.537285401778211e-18,-3.626572049425842e-18,-4.823889708484346e-13,-5.622999224103608e-13,-3.902468121859467e-12,-7.020744105723291e-12,2.092882657196485e-12,9.020876265470229e-13,1.3938550573236932e-12,2.2837487447324286e-12
0.08500000000000006,0.19888004642432164,0.19010183698702296,-1.450344309034419e-05,9.332621822509287e-15,-0.8436600000000133,1.5761068864460766e-14,-1.5711754425066068e-12,-9.810000000024854,2.6969362070535757e-11,0.0,0.0,1.0,-2.496832469361067e-18,-3.9883102067232284e-18,9.043237437281208e-19,-1.0214482009149995e-12,9.582482522090609e-12,2.3506676640789892e-12,1.3511695478574084e-11,5.180713809199536e-12,1.7041572331454928e-12,-2.334996120310607e-12,-1.1739338667483514e-12
0.08600000000000006,0.19888004642432164,0.18924836698702296,-1.4503443090351473e-05,-3.1482876632673887e-16,-0.8534699999999872,-7.282471352701438e-15,-9.647450588836027e-12,-9.809999999973895,-2.3043540217162205e-11,0.0,0.0,1.0,-2.4620457933325637e-18,-2.936661415451429e-18,-1.8903984266196855e-18,9.411824628258399e-12,-1.179167940298364e-11,2.698176331200835e-12,-1.881555647446708e-11,1.1635800292517544e-12,-6.053377114426514e-12,7.022268006315959e-12,1.6314978311383327e-12
0.08700000000000006,0.19888004642432164,0.18838508698702297,-1.4503443090357866e-05,-6.718016896220772e-16,-0.8632799999999896,-6.393636102161364e-15,-3.5697292329533834e-13,-9.810000000002429,8.888352505400744e-13,0.0,0.0,1.0,-9.382099553090688e-19,1.2337223002945405e-18,1.3598519056975524e-19,-2.8681838487473575e-12,7.252265519318718e-12,-4.140801434326193e-12,8.189183096379677e-12,-2.444383910129416e-11,1.8417294561410284e-11,-1.0489577872337595e-11,-1.3431612456205907e-11
0.08800000000000006,0.19888004642432164,0.18751199698702298,-1.4503443090359606e-05,3.2990611055938436e-15,-0.8730899999999925,-1.73923581037526e-15,3.970862795215921e-12,-9.810000000002873,4.654400291786104e-12,0.0,0.0,1.0,-3.705177832618641e-18,4.43168304959359e-18,-1.999150022453581e-18,-9.304941564025058e-12,-1.5804182358543917e-12,1.578028755441933e-12,-1.9380315699260782e-12,3.3403808779989995e-12,-2.9636373136630375e-12,2.538423442010512e-12,2.615327203951064e-12
0.08900000000000007,0.19888004642432164,0.18662909698702299,-1.4503443090342181e-05,8.712174479824963e-15,-0.8828999999999978,1.7425023534882206e-14,5.413113374231119e-12,-9.810000000005314,1.9164259345257466e-11,0.0,0.0,1.0,-6.659817694590594e-18,-1.4439425510025027e-18,-1.0978230589740919e-18,1.6631140345522545e-11,-2.394170251626369e-12,5.059406768572684e-13,2.2579865106034184e-12,1.9304501043383973e-11,-1.2070473751918156e-11,5.634494502376304e-12,1.1091290477084416e-11
0.09000000000000007,0.19888004642432164,0.185736386987023,-1.45034430903372e-05,4.130280094211284e-15,-0.8927100000000029,4.981197594148441e-15,-4.581894385613679e-12,-9.810000000005093,-1.2443825940733764e-11,0.0,0.0,1.0,-3.958395610335724e-18,-8.892520251909479e-19,-1.495107673449911e-18,-1.1802897208673238e-11,-1.4993887357227998e-12,8.52129552709999e-13,-1.5054226940880798e-12,-2.6880842593738647e-13,-5.929905027684024e-12,-7.734088952127478e-13,2.306517392440713e-12
0.09100000000000007,0.19888004642432164,0.18483386698702298,-1.4503443090358337e-05,-5.642230777278187e-15,-0.9025200000000102,-2.1136680945838167e-14,-9.77251087148947e-12,-9.810000000007314,-2.6117878539986608e-11,0.0,0.0,1.0,-8.99819554140118e-19,3.711909727639142e-18,-9.076661217356111e-19,-3.4027673755878905e-12,5.39507066463856e-12,-4.248260161984015e-12,3.58751176020273e-12,8.067556990526577e-13,-1.9456869481500867e-12,9.232468444951953e-13,1.4495429317379923e-12
0.09200000000000007,0.19888004642432164,0.183921536987023,-1.4503443090349628e-05,8.62481848677334e-15,-0.9123299999999885,8.709158449895359e-15,1.4267049264051526e-11,-9.809999999978336,2.9845839395733526e-11,0.0,0.0,1.0,6.388202767321868e-19,9.513005563013805e-19,-4.0228947790072733e-19,6.439147980891007e-12,-1.3390195983915805e-12,3.8886361740612075e-12,-3.214074829985374e-12,3.207830170932369e-11,-1.1875911023531783e-13,2.4305061474796906e-11,-1.9786979966985775e-13
0.09300000000000007,0.19888004642432164,0.182999396987023,-1.450344309038255e-05,-1.2848396598009099e-15,-0.9221399999999975,-3.292167326690408e-14,-9.90965814657425e-12,-9.810000000008978,-4.163083171679944e-11,0.0,0.0,1.0,-3.0310966156305252e-18,1.6317877749336964e-17,-1.6520326584154282e-18,-3.26707274819645e-13,-4.053535930349723e-12,1.5641391357673415e-12,3.9957488513308627e-13,-1.1346383111820145e-11,4.2517872030198555e-12,-5.700532466043592e-12,4.231219423651468e-13
0.09400000000000007,0.19888004642432164,0.18206744698702299,-1.4503443090392761e-05,6.231714382765493e-15,-0.931950000000007,-1.0210608354002616e-14,7.516554042566402e-12,-9.810000000009534,2.271106491290146e-11,0.0,0.0,1.0,-1.9764172996738688e-18,1.6738313067623155e-17,-9.098984482235694e-19,-9.570700771508699e-12,6.5657125174698854e-12,-4.1992229535179643e-13,1.3045526808609926e-13,-1.66013317868145e-10,2.6018109475870526e-11,-1.1493379020516087e-10,-4.2222736197107834e-11
0.09500000000000007,0.19888004642432164,0.181125686987023,-1.4503443090377047e-05,1.2408978856275363e-14,-0.9417599999999816,1.5714936274995714e-14,6.1772644735098705e-12,-9.809999999974561,2.592554462899833e-11,0.0,0.0,1.0,1.5556329481176056e-18,1.143188833718487e-17,1.5471355720719024e-18,1.688120423266316e-11,-1.2939182232902936e-12,-5.864498981291462e-12,2.296098098128503e-12,1.7421767457825367e-10,-2.4670567765701058e-11,1.0740811564166654e-10,5.020342454301298e-11
0.09600000000000007,0.19888004642432164,0.180174116987023,-1.4503443090368786e-05,-4.2494998872980026e-16,-0.9515699999999999,8.260403375002132e-15,-1.2833928845005163e-11,-9.810000000018304,-7.454532899993581e-12,0.0,0.0,1.0,-2.170754030286112e-18,7.423630258880251e-18,-6.317441949658533e-19,-1.086285382493566e-12,-1.8109136800294743e-12,2.89025010288562e-13,-3.152555465392529e-12,5.779610047938589e-11,-1.6438717595100304e-12,6.398951056033072e-11,-5.727361252860573e-13
0.09700000000000007,0.19888004642432164,0.179212736987023,-1.4503443090358127e-05,-5.442642187213866e-15,-0.9613799999999917,1.0659737926475007e-14,-5.017692198484066e-12,-9.80999999999177,2.3993345514728753e-12,0.0,0.0,1.0,-3.9056386605117747e-19,3.3397533791573817e-18,1.0962377549094549e-18,-1.7176270604163563e-11,-1.3891056496872214e-12,4.509614427530143e-12,2.1298547358870452e-12,-1.2411715586290678e-10,1.1668283042872827e-11,-9.445660615295876e-11,-2.0933832437217012e-11
0.09800000000000007,0.19888004642432164,0.17824154698702302,-1.4503443090347468e-05,-5.4425886806853065e-15,-0.9711899999999916,1.0659789266852752e-14,5.350652855983205e-17,-9.809999999999874,5.1340377744689756e-17,0.0,0.0,1.0,1.3895073668760376e-18,-7.43006147064945e-19,2.8240699401252465e-18,7.760519261714132e-17,-2.3058806276597784e-17,-3.978371300049372e-18,2.6416145230161988e-18,9.054988462838886e-18,2.0166839116599315e-18,4.142923929106111e-18,3.486346869558771e-18
0.09900000000000007,0.19888004642432164,0.177260546987023,-1.4503443090370384e-05,-1.6200918090864996e-15,-0.9810000000000094,-2.2916065963984707e-14,3.8224968715988075e-12,-9.81000000001786,-3.357585523083746e-11,0.0,0.0,1.0,1.0912402829929164e-17,1.583496855497173e-17,-1.2148955410079298e-18,2.6876480941855565e-11,4.343888754600411e-13,-3.6391257078876825e-12,-5.747368256689357e-12,7.160003383100303e-11,-1.6483728358271625e-11,3.261293363445798e-11,9.845759116224131e-12
0.10000000000000007,0.19888004642432164,0.176269736987023,-1.4503443090378007e-05,5.68041465546899e-15,-0.9908100000000042,-7.622840713997838e-15,7.30050646455549e-12,-9.809999999994767,1.529322524998687e-11,0.0,0.0,1.0,3.500916613310249e-18,-1.2479501652205575e-19,-8.838209285217587e-19,-7.811992563264444e-12,4.683862713675412e-13,4.0906839337802366e-12,9.63465681210164e-12,-2.526598709152471e-11,1.0427428964738827e-11,-1.3799264023404605e-11,5.168112657616806e-12
0.10100000000000008,0.19888004642432164,0.17526911698702302,-1.4503443090391922e-05,-1.235806103740121e-14,-1.0006199999999887,-1.391520727609888e-14,-1.80384756928702e-11,-9.809999999984553,-6.292366562101042e-12,0.0,0.0,1.0,3.0325364609414175e-18,-3.872194453115308e-18,-1.3685472279352967e-18,-2.1826282934971355e-11,4.946113426187676e-13,-4.3767332187269255e-12,-5.4508988538782e-12,-1.65485458486257e-11,-4.099892405335424e-12,3.144712279842126e-13,-7.408834870153315e-13
0.10200000000000008,0.19888004642432164,0.17425868698702304,-1.4503443090388868e-05,-1.0139077660642147e-15,-1.0104299999999913,3.0541447309992745e-15,1.1344153271336996e-11,-9.810000000002539,1.6969352007098155e-11,0.0,0.0,1.0,-1.3204780436028311e-17,-1.1858426915893447e-17,-4.914406071354471e-19,1.3982111165250584e-11,1.0488109197402089e-12,8.008334030665964e-13,4.252544831963469e-12,-4.159273216251452e-13,1.1113747222105126e-12,2.204175918051848e-12,-1.1528661599173458e-12
0.10300000000000008,0.19888004642432167,0.173238446987023,-1.4503443090379293e-05,2.3825905333122035e-14,-1.0202400000000196,9.575638140085385e-15,2.483981309918625e-11,-9.810000000028296,6.52149340908611e-12,0.0,0.0,1.0,-5.607081028672521e-18,-1.1756109096315792e-18,-1.8986832830998304e-18,-3.508964600444148e-13,-4.0737420040268876e-12,1.678807099685825e-11,-8.508963189132198e-12,2.9787612352960745e-11,-4.59908352222294e-12,-2.33699830678641e-11,-1.2569746086749586e-11
0.10400000000000008,0.1988800464243216,0.17220839698702303,-1.450344309040219e-05,-5.4738763256972876e-14,-1.030049999999976,-2.289779068273748e-14,-7.856466859009491e-11,-9.809999999956354,-3.2473428822822864e-11,0.0,0.0,1.0,-2.8598575365312572e-18,-2.8460821608262754e-18,-3.454675940879019e-19,-3.536355274007978e-12,1.0914156807141832e-11,-3.0123267798293314e-11,3.864953802075064e-13,-3.7593353726149005e-11,2.7925728457456766e-14,2.322141635281861e-11,1.9255002030617108e-11
0.10500000000000008,0.19888004642432158,0.17116853698702306,-1.4503443090383416e-05,-2.1614168924775587e-14,-1.0398599999999714,1.877435950179657e-14,3.3124594332197285e-11,-9.809999999995433,4.1672150184534046e-11,0.0,0.0,1.0,-3.2480136226479843e-18,-3.831419125258252e-18,-2.965962078709121e-19,6.273971447557637e-12,-1.2876439230333039e-11,2.432225039613266e-11,8.386670310654636e-13,-1.6727626420871298e-11,4.107416038735097e-11,2.7216794004086846e-11,-3.250992216962358e-11
0.10600000000000008,0.1988800464243216,0.17011886698702305,-1.4503443090364423e-05,1.99306898063615e-14,-1.0496699999999917,1.899451329825281e-14,4.154485873113709e-11,-9.810000000020302,2.2015379645623994e-13,0.0,0.0,1.0,-1.7161775009128241e-18,-2.383448593847458e-18,2.6322416752873432e-18,-7.096851149171075e-12,4.210463524649122e-12,-1.1007094425722358e-11,8.022546113113877e-12,2.0511534920713116e-11,-8.053022546912084e-11,-7.110733586838577e-11,3.822576355745016e-11
0.10700000000000008,0.1988800464243216,0.16905938698702308,-1.4503443090356025e-05,5.832861753490898e-15,-1.0594799999999758,8.397513290190632e-15,-1.4097828052870601e-11,-9.80999999998411,-1.0597000008062178e-11,0.0,0.0,1.0,5.855987915160569e-18,3.031992927700912e-19,4.5023969778586064e-18,3.86949141493659e-12,1.3788999317614744e-12,6.210616848894265e-13,-7.85336379007551e-12,4.450431666123623e-12,4.558513392139716e-11,4.427203001065504e-11,-3.1081571188687775e-11
0.10800000000000008,0.1988800464243216,0.16799009698702302,-1.4503443090364599e-05,6.8920686586562774e-15,-1.0692900000000671,-8.574081417975351e-15,1.0592069051653797e-12,-9.810000000091357,-1.6971594708165982e-11,0.0,0.0,1.0,1.3819125124392591e-18,-1.07810700030324e-18,1.6832492172564706e-18,-1.1297985808602047e-12,-6.2352840520928784e-12,-1.5867602121752562e-12,1.1678304352112996e-11,1.636920297242759e-11,1.9855882177340445e-11,4.331744447877745e-11,3.3810147705849448e-12
0.10900000000000008,0.1988800464243216,0.16691099698702305,-1.4503443090369683e-05,1.1927237969056558e-14,-1.0790999999999822,-5.084705799605916e-15,5.035169310400281e-12,-9.809999999915053,3.4893756183694346e-12,0.0,0.0,1.0,-5.537429332853651e-19,-1.1740023227999292e-18,9.112506766403578e-19,-2.5233410383901706e-13,6.1149730617549065e-12,6.813736420434707e-13,-8.557591144315416e-12,-1.4430855798419308e-11,-7.596463596366577e-12,-3.114986048313436e-11,1.2446525355403306e-11
0.11000000000000008,0.19888004642432164,0.16582208698702305,-1.4503443090386522e-05,2.1367802077174252e-14,-1.0889100000000027,-1.6839803328548392e-14,9.440564108117695e-12,-9.810000000020525,-1.1755097528942475e-11,0.0,0.0,1.0,-6.125386674359232e-19,-2.1719152157620252e-18,3.3661652621136896e-19,-2.85569072908323e-12,-1.09300523856336e-12,4.393213385297093e-12,-2.6155247140296896e-12,-1.1026629543251672e-12,-1.787357407429096e-11,-4.989984616018264e-11,6.1294194139200765e-12
0.11100000000000008,0.19888004642432164,0.16472336698702306,-1.4503443090380782e-05,2.4798491040932983e-15,-1.098720000000003,5.738891495151668e-15,-1.888795297308095e-11,-9.810000000000318,2.257869482370006e-11,0.0,0.0,1.0,-3.786135597772318e-18,-6.098935549900179e-19,-1.6353854424308231e-18,6.167930779807864e-12,1.0257264634198741e-13,-8.001799755990944e-13,2.311137178642579e-12,1.0041515933326964e-11,3.671328385491463e-12,4.706583310866741e-11,-1.910923882538712e-11
0.11200000000000009,0.19888004642432164,0.16361483698702306,-1.4503443090375043e-05,2.4799924151159155e-15,-1.108530000000003,5.738864180068576e-15,1.4331102261718822e-16,-9.809999999999874,-2.7315083092112207e-17,0.0,0.0,1.0,-6.958836324855913e-18,9.519675343820085e-19,-3.606444645271955e-18,6.223254967711966e-17,1.5713229506621705e-17,-2.1641926323152416e-16,-6.178413619584868e-17,1.2601868638784293e-17,-9.16768912924541e-18,-4.389142870848673e-17,3.6038172045782856e-17
0.11300000000000009,0.19888004642432164,0.16249649698702306,-1.4503443090375209e-05,-9.5101014832878e-16,-1.1183399999999997,-1.6528145855945368e-16,-3.4310025634446957e-12,-9.809999999996766,-5.90414563862803e-12,0.0,0.0,1.0,-9.095771949515123e-18,6.0621288658560504e-18,-2.1557142663740803e-18,-9.427632823166906e-13,-4.096054983564149e-13,2.0356926882897997e-12,1.5206447081161576e-12,-3.741854921766293e-13,3.0785769729656555e-13,-1.8052773406221072e-12,1.9357338577629233e-12
0.11400000000000009,0.19888004642432164,0.16136834698702307,-1.4503443090382408e-05,-1.4715666130118936e-15,-1.1281499999999907,-7.199436414962327e-15,-5.205564646831135e-13,-9.809999999990993,-7.034154956402873e-12,0.0,0.0,1.0,-4.339829687025838e-18,-2.076527162469701e-18,-1.9407104383906484e-18,1.358769931163228e-12,6.155776670678432e-13,-1.1815565092567889e-11,2.0072271166066545e-12,-3.7972820489995094e-12,2.0792467141714067e-12,-4.7604545573648145e-12,7.082225131674328e-12
0.11500000000000009,0.19888004642432164,0.16023038698702308,-1.4503443090391124e-05,-6.725713204632003e-15,-1.1379599999999888,-8.715459170775584e-15,-5.25414659162011e-12,-9.809999999998098,-1.5160227558132573e-12,0.0,0.0,1.0,-2.424283501858626e-18,-4.2128077185784715e-18,-1.3042761592400037e-18,-3.777650653444633e-12,2.155115973509441e-13,1.09635912071996e-11,-1.961495061002836e-12,-1.9088105993134786e-12,8.893855971500869e-13,-2.8404881667003754e-12,2.5862274806208e-12
0.11600000000000009,0.19888004665665382,0.1590836892402222,-1.4503784572651438e-05,2.3233218311866947e-07,-1.146697746800864,-3.414822603140345e-07,0.00023233218984438267,-8.737746800875135,-0.00034148225159857536,0.0,0.0,1.0,-7.096191337575694e-12,-1.0689297888961951e-11,7.111161727886586e-12,5.3248688991033655e-05,0.08203516632862849,0.021568050767381348,-0.0685035428038678,-2.6170094385503152e-05,0.0005897311297641259,0.00042297151758049405,5.232206665278139e-05
0.11700000000000009,0.1988800472951159,0.15793076437906536,-1.4504387191093203e-05,6.384620973235485e-07,-1.152924861156848,-6.026184417651782e-07,0.00040612991420487904,-6.227114355983998,-0.00026113618145114364,0.0,0.0,1.0,-4.752392394541086e-12,-1.494355844581486e-10,-2.3461972611066864e-12,-0.12295304997875929,0.1685158614173911,0.027747676635591058,-0.13918557497396322,0.001086601356786323,0.0006175158048129885,0.0010593846731184497,0.00011236035645005731
0.11800000000000009,0.19888004728610872,0.15677362690511681,-1.4505027056736062e-05,-9.007182716477639e-09,-1.1571374739485478,-6.398656428595291e-07,-0.0006474692800400262,-4.212612791699932,-3.7247201094350953e-05,0.0,0.0,1.0,-1.67524814908239e-11,-1.0575173863778556e-10,-2.174213952830248e-12,-0.25491260901969,-0.26186410158878115,-0.07285388332317946,0.3099132211910917,-0.0009837102107813015,-0.005569075768832954,-0.003886346943079149,-0.0011656438550215304
0.11900000000000009,0.1988800476462246,0.15561410409535487,-1.4505878971233648e-05,3.601158780740258e-07,-1.159522809761961,-8.519144975862682e-07,0.00036912306079050345,-2.3853358134131586,-0.00021204885472673904,0.0,0.0,1.0,-5.4889568361277046e-11,-5.0555091359485793e-11,-3.3087202251575595e-12,-0.25821727766357133,-0.5031640593045433,-0.06450907568966494,0.5602961189259081,0.001124000953094578,0.002718989976203689,0.0024005544880998852,0.00033515719321811267
0.12000000000000009,0.19888004853023045,0.15445393305485866,-1.4507270225783117e-05,8.840058452767573e-07,-1.1601710404962133,-1.3912545494691016e-06,0.0005238899672027315,-0.648230734252353,-0.0005393400518828334,0.0,0.0,1.0,4.295556603125937e-13,-1.7334851576659656e-10,-4.953084214434662e-12,-0.26141590067124126,0.24577261734183883,-0.059381776424417186,-0.06169149151149419,-0.0024284339944950863,0.004575010329855453,0.0005753052557109568,0.0012870446705507356
0.1210000000000001,0.19888004921782407,0.15329398432374844,-1.4508804906853512e-05,6.875936292651547e-07,-1.1599487311102157,-1.5346810703949956e-06,-0.00019641221601160254,0.22230938599765437,-0.00014342652092589407,0.0,0.0,1.0,3.0086093106125324e-11,-1.5109385841861035e-10,-1.0418932795237891e-11,-0.10595028677506473,0.5036773294558866,0.029114736350648044,-0.4128755414070205,-0.0001867982709829113,-0.003199682538656889,-0.0019225136962948998,-0.0010658135420690195
0.1220000000000001,0.1988800503470399,0.15213524335425072,-1.4511005556637216e-05,1.1292158206363476e-06,-1.1587409694977369,-2.2006497837029556e-06,0.0004416221913711929,1.2077616124788193,-0.00066596871330796,0.0,0.0,1.0,1.2672051109225276e-13,-2.611677258597521e-10,-1.5251497042541512e-12,0.6168663649087044,0.5110921691900805,0.011773474419549469,-0.4161352824655233,-4.2648588031539384e-05,0.003489214452320441,0.002844248608716939,4.528027042628949e-05
0.1230000000000001,0.19888005051297775,0.15097989989221755,-1.4513373716103666e-05,1.659378450652874e-07,-1.1553434620331635,-2.368159466450959e-06,-0.0009632779755710603,3.397507464573346,-0.00016750968274800322,0.0,0.0,1.0,2.3570658348899015e-10,-5.117008524703494e-10,-6.852508874014913e-11,-0.09388710160382369,0.5979011596459668,0.05071691551876688,-0.48942205511937864,0.0026736758696368707,-0.010175309639865772,-0.005366244274032895,-0.00033450914428459434
0.1240000000000001,0.19888005152980356,0.14982926239966712,-1.451629658139104e-05,1.0168258268033566e-06,-1.1506374925504184,-2.92286528737358e-06,0.0008508879817380691,4.705969482745154,-0.0005547058209226212,0.0,0.0,1.0,-3.473012404206169e-11,-2.51553034089092e-10,-2.791152163714824e-11,-0.5563486865239422,0.43128690789336993,0.13602776441872766,-0.24997842789914546,-0.00028028567605419425,0.004112821782566872,0.0028295656964117087,-6.193961465477538e-05
0.12500000000000008,0.19888005283455978,0.14868636631903814,-1.451970714963564e-05,1.304756221902809e-06,-1.142896080628972,-3.410568244598897e-06,0.00028793039509945233,7.741411921446284,-0.00048770295722531715,0.0,0.0,1.0,1.0542736204718443e-10,-2.289728420806485e-10,3.1619805305526876e-11,-0.6261724548154926,-0.40035910657591073,-0.02658388013593921,0.5455938315467231,-0.00017437245757035327,-0.00010921777952133695,-0.0006110212618433781,-0.0001042377480960686
0.12600000000000008,0.1988800545287978,0.14755377444423703,-1.452389268761878e-05,1.694238020478411e-06,-1.132591874801119,-4.185537983139793e-06,0.0003894817985756022,10.304205827853075,-0.0007749697385408957,0.0,0.0,1.0,9.695454269429291e-11,-2.8311943120103093e-10,4.212477072383263e-11,-0.6755407500943963,-1.0593263652778115,-0.7400477178570878,1.167833414222167,0.005119054145787958,-0.0007997336165148326,0.0013942682588674378,0.002706834609730726
0.12700000000000009,0.19888005708334244,0.14643409836083726,-1.4528376266597014e-05,2.5545446282445612e-06,-1.1196760833997783,-4.483578978234544e-06,0.0008603066077661502,12.915791401340693,-0.0002980409950947509,0.0,0.0,1.0,-4.8369071221495164e-12,-1.8160652739958182e-10,1.2508779787838507e-11,-0.4494782481498292,-0.8155235900758759,-0.6560290509250722,0.9985665009617449,-0.011435481435464563,0.006076249742997268,-0.002183628312360821,-0.004654869143082811
0.12800000000000009,0.19888005946882656,0.14532977057279867,-1.4533735932790356e-05,2.3854841207507527e-06,-1.1043277880386007,-5.3596661933421405e-06,-0.00016906050749380854,15.348295361177655,-0.0008760872151075968,0.0,0.0,1.0,1.2083894153334967e-09,2.4390057301343466e-09,-2.2757900436733318e-10,-0.4433670978924628,-0.982039341729735,-0.3795799803267291,0.9653368209148812,0.010735910833778244,-0.0011736744389920538,0.00799639440781254,0.0036328897167866737
0.1290000000000001,0.1988800619865283,0.14424491438598092,-1.4539328103374757e-05,2.517701754784728e-06,-1.0848561868177438,-5.592170584401143e-06,0.00013221763403397534,19.471601220856893,-0.00023250439105900288,0.0,0.0,1.0,7.633898158790567e-11,-7.174921437054294e-10,-2.464038417038071e-10,0.031497232958261616,0.42916228965954334,0.08157547075147407,-0.20413098446891423,-0.014727757176606014,-0.001087029315816383,-0.014383365645977737,-0.003443872302714257
0.1300000000000001,0.19888006425143598,0.14318284689459526,-1.4545503685092948e-05,2.2649076870389353e-06,-1.0620674913856454,-6.175581718191061e-06,-0.00025279406774579273,22.788695432098383,-0.0005834111337899173,0.0,0.0,1.0,-5.979690727427871e-10,-9.416832721374023e-11,-3.369889454744649e-10,-0.6231052054213148,0.8133010981679556,0.08384992099285424,-0.5263770972604785,0.009056986936987756,-7.387602875488706e-05,0.00848193607421957,0.002154360077448208
0.1310000000000001,0.19888006832440283,0.1421460899520674,-1.4552273596723465e-05,4.072966848557084e-06,-1.0367569425278482,-6.769911630517213e-06,0.0018080591615181488,25.310548857797155,-0.0005943299123261522,0.0,0.0,1.0,-4.12533521335963e-11,-1.4948058453234443e-09,-6.397051619943876e-11,-0.5102156425679291,0.3521736947708077,-0.0714301559689197,-0.7117511859925783,0.012462680266036613,0.013306204721028139,0.018588080287509544,0.0044577889488098665
0.1320000000000001,0.19888006883259615,0.14113688528420296,-1.4559112868511394e-05,5.081933202179401e-07,-1.0092046678644542,-6.83927178792879e-06,-0.0035647735283391444,27.55227466339405,-6.936015741157745e-05,0.0,0.0,1.0,2.2372372045841732e-10,-3.2894085721867453e-10,-6.907750886381534e-13,0.40881865641188475,-0.008463294277338756,0.22202698037881585,-0.011670275383790193,-0.02104542156431859,-0.026112885573602716,-0.034219975849278106,-0.00842381532934622
0.1330000000000001,0.19888007052700643,0.14015719947497057,-1.4565608546098855e-05,1.69441029204349e-06,-0.9796858092323956,-6.495677587460252e-06,0.0011862169718255499,29.51885863205861,0.0003435942004685385,0.0,0.0,1.0,-2.9820171625997543e-12,-3.9776302334289886e-10,-3.554882425352788e-12,0.7448504809826314,0.3124361635865764,-0.055992936654246914,-0.46553000023990526,0.005043992437371405,0.007283439603823649,0.010101706629857127,0.0026691797476524784
0.1340000000000001,0.1988800724658112,0.139207969559972,-1.4572419463127016e-05,1.9388047620574094e-06,-0.9492299149985621,-6.810917028161324e-06,0.0002443944700139195,30.455894233833437,-0.00031523944070107213,0.0,0.0,1.0,-4.629311481814634e-11,-2.2168448508421224e-10,-1.3201559940430323e-11,0.22181388296769797,0.583057914007026,-0.3596638054974943,-0.45802021721978975,0.0022377504419648702,-3.599435743743599e-05,0.0006266337958393171,0.00033207837004872444
0.1350000000000001,0.1988800750163857,0.1382902880319739,-1.4579690951593786e-05,2.5505744981548734e-06,-0.9176815279980896,-7.271488466770749e-06,0.000611769736097464,31.548387000472577,-0.0004605714386094252,0.0,0.0,1.0,-7.038886550858163e-11,-1.8968006325769874e-10,8.944687686497994e-11,-0.21696406784159147,0.6131045133590625,-0.29421822491069816,-0.2482786510287974,0.0030407362732594798,0.007566939873688277,0.00753880996766718,0.0016739847569283593
0.1360000000000001,0.19888007949818426,0.13740551505632972,-1.4587418395788468e-05,4.4817985750757015e-06,-0.8847729756441758,-7.727444194683357e-06,0.001931224076920828,32.90855235391377,-0.0004559557279126081,0.0,0.0,1.0,6.621773667890873e-10,4.277343496647128e-10,-3.787652746369411e-10,-0.8392208319794419,0.2917553017043334,-0.1038150994013034,0.08758884236294996,0.009776061329830098,0.00803925800088668,0.013266350177350044,0.002954513214330867
0.1370000000000001,0.1988800801797966,0.1365544101366214,-1.4594852300722214e-05,6.816123563378327e-07,-0.851104919708326,-7.43390493374648e-06,-0.003800186218737869,33.668055935849765,0.00029353926093687724,0.0,0.0,1.0,-1.7597183790309745e-10,-3.4340828535832985e-10,-1.921228496645289e-09,-0.7362576211161328,0.6265265180386809,-0.09602562527489927,-0.4218425351736965,-0.023847205522640254,-0.025265804275558405,-0.034661061967494675,-0.009046014243792432
0.1380000000000001,0.19888008312637237,0.13573772958184538,-1.4602606863990431e-05,2.9465757709680315e-06,-0.8166805547760104,-7.754563268216898e-06,0.0022649634146301987,34.4243649323156,-0.0003206583344704184,0.0,0.0,1.0,-1.0319211882029908e-10,-8.358401121567817e-10,2.2712335845645984e-11,-0.7279200614405476,-0.17104136258743616,-0.15686514118679012,0.3854016750165452,0.018019262885182716,0.01597434223305727,0.024071997962567687,0.006237695132017625
0.1390000000000001,0.19888008524802112,0.13495652970561045,-1.4610640346567689e-05,2.1216487434742775e-06,-0.781199876234942,-8.033482577258111e-06,-0.000824927027493754,35.4806785410684,-0.00027891930904121284,0.0,0.0,1.0,4.018285478417207e-11,-5.811271630281804e-10,7.62688298284145e-11,-0.5809385526855754,-1.1193834736652626,-0.013468181487731972,1.1341759692103026,-0.004542867855525017,-0.006932448993220557,-0.007310203398908557,-0.0021964052326788564
0.1400000000000001,0.1988800883339167,0.134211260184099,-1.4618758216378396e-05,3.0858955852651712e-06,-0.7452695215114383,-8.117869810706651e-06,0.0009642468417908937,35.9303547235037,-8.438723344853968e-05,0.0,0.0,1.0,9.593807363097906e-11,-8.390005245190877e-10,1.5407076250319727e-11,-0.6864678860019434,-0.7367782246698988,-0.42500829639566257,0.6976465399499797,0.0005244595006265529,0.005938299853029394,0.002470747641440779,0.002184953582079879
0.1410000000000001,0.19888009087236969,0.13350107009897544,-1.4626758257713739e-05,2.5384529737467776e-06,-0.7101900851235848,-8.000041335341543e-06,-0.0005474426115183936,35.07943638785349,0.00011782847536510764,0.0,0.0,1.0,8.255108795692662e-11,-3.831452564097591e-10,-1.2189361878466033e-12,-0.8097267977505123,-0.6134022639919107,-0.6008661356087375,0.8527759628469207,-0.007988026688818968,-0.005457845510694697,-0.009218412902606684,-0.0034486570700150315
0.1420000000000001,0.19888009358570058,0.13282563060069874,-1.4635137188335034e-05,2.713330882483183e-06,-0.6754394982767105,-8.378930621296145e-06,0.0001748779087364055,34.75058684687438,-0.0003788892859546018,0.0,0.0,1.0,1.3760398569539059e-09,9.989255694042216e-10,3.008387370159422e-11,-0.8667014889210034,-0.591920594191796,-1.1174482841594564,0.8638308440840873,0.004661554520106398,0.002345394525543033,0.005232936343569673,0.0018802505563574456
0.1430000000000001,0.19888009631349213,0.1321844573894848,-1.4643470435729165e-05,2.727791554384976e-06,-0.6411732112139246,-8.333247394131607e-06,1.4460671901792976e-05,34.26628706278589,4.568322716453835e-05,0.0,0.0,1.0,-1.526961047426697e-11,-4.6433558897696915e-10,9.194416182520516e-12,-0.6389528608167514,-0.6486698472093234,-0.8166179321840153,0.8963329792414526,0.0019982799900915647,0.0022698757068938765,0.003938108585552569,0.00027854007768246894
0.1440000000000001,0.1988800994085697,0.13157680847654282,-1.4651912545291242e-05,3.095077584755341e-06,-0.607648912941999,-8.442109562075803e-06,0.00036728603037036495,33.5242982719256,-0.00010886216794419653,0.0,0.0,1.0,-1.5727144730125047e-10,-1.272955514309698e-09,7.265131292844422e-11,-0.5103305756549258,-0.3863533720563936,-0.3956841961619356,0.6263125966752903,-0.000545855876744042,0.00089995189253626,0.0004931062700866038,-0.00012184777555892161
0.1450000000000001,0.19888010342931028,0.13100189839612517,-1.4660447444786318e-05,4.020740569437682e-06,-0.5749100804176633,-8.534899495075244e-06,0.0009256629846823408,32.73883252433563,-9.278993299944095e-05,0.0,0.0,1.0,-3.2527627798720126e-10,-1.7537028825753525e-09,2.0993123312285736e-11,-0.7181457465814438,-0.2742000578658051,-0.46475774023823807,0.6040766560036624,0.008708459227578805,0.0055969475155369,0.009584775403365796,0.0038762977724314594
0.1460000000000001,0.19888010511312695,0.1304587417040728,-1.4668877857208115e-05,1.6838166670982335e-06,-0.5431566920523766,-8.43041242179791e-06,-0.0023369239023394487,31.75338836528674,0.00010448707327733344,0.0,0.0,1.0,-6.793023999063157e-11,-3.9122305646047927e-10,-1.0167032312778563e-13,-0.5944140070007252,-0.3991693996319462,-0.054881146479004744,0.7197261412429256,-0.01993686622537572,-0.01704241473050557,-0.025767952964923024,-0.00913017931643812
0.1470000000000001,0.19888010795064356,0.12994659584098256,-1.4677366198546313e-05,2.8375166169162775e-06,-0.5121458630902362,-8.488341338197681e-06,0.001153699949818044,31.01082896214036,-5.792891639977009e-05,0.0,0.0,1.0,3.479005317553627e-10,-1.384524939089089e-10,-2.156841594413442e-11,-0.5868522452886886,-0.20029404368061263,-0.13772455033191533,0.5773602829027652,0.01117750584158717,0.009676616769190101,0.014949463169311636,0.005875993790181668
0.1480000000000001,0.19888011051875581,0.1294646302462129,-1.4685692035616047e-05,2.568112249222572e-06,-0.48196559476965317,-8.325837069734287e-06,-0.00026940436769370534,30.18026832058307,0.0001625042684633943,0.0,0.0,1.0,-5.165793835318102e-11,-2.675575280963729e-10,-9.442213856075815e-12,-0.46493045950586437,0.15582601955628925,-0.24943347080644954,0.18393825327611582,-0.003958746546205535,-0.002617603726667027,-0.005265515566474674,-0.0017340435637619275
0.1490000000000001,0.19888011328305347,0.1290121095608136,-1.4694109140366041e-05,2.7642976485893e-06,-0.45252068539930324,-8.417104749993904e-06,0.00019618539936672798,29.444909370349936,-9.126768025961724e-05,0.0,0.0,1.0,-1.1042064135068745e-10,-1.088877328186155e-10,2.2591249216742365e-11,-0.5558186154276302,0.3246023800443247,-0.42142175235399576,-0.12571718353292702,0.003559226709813586,0.002825544244149339,0.0048235602874997915,0.0015424627882055558
0.1500000000000001,0.1988801163105045,0.12858799163624907,-1.4702446174601045e-05,3.02745103931962e-06,-0.4241179245645512,-8.337034235004373e-06,0.00026315339073031986,28.402760834752016,8.007051498953085e-05,0.0,0.0,1.0,2.8189149827910672e-11,-3.4068337170886697e-10,-2.0767849669693913e-12,-0.5329648760212318,0.07657304136881705,-0.5601474935275425,0.09110859708117469,0.0014856695906256506,0.0006115877887246015,0.0013179217818676577,0.000398246184887742
0.1510000000000001,0.19888011890385318,0.12819130429777026,-1.4711059661030163e-05,2.5933486611526527e-06,-0.3966873384788013,-8.613486429117577e-06,-0.0004341023781669673,27.43058608574994,-0.0002764521941132041,0.0,0.0,1.0,-4.959248219649602e-09,1.647580952461967e-09,4.865846258735803e-10,-0.5125641988628978,0.11487596602448508,-0.44474430161898926,-0.04909855794570564,-0.003705215063192717,-0.003148362452405414,-0.004253598840907196,-0.001602022826762282
0.1520000000000001,0.1988801218831672,0.12782088948004475,-1.4718726921039327e-05,2.979314004798321e-06,-0.37041481772551127,-7.667260009163762e-06,0.0003859653436456682,26.272520753290006,0.0009462264199538148,0.0,0.0,0.9999999999999999,4.1285386275795006e-09,-4.702077707789113e-09,-8.019372479280249e-10,-0.46668080669441586,0.3118615777225775,-0.37138794760950417,-0.06587031732062687,0.003577704607393648,0.0051558050320222384,0.006000494144550089,0.0019368393355170541
0.1530000000000001,0.1988801254991565,0.12747538994620944,-1.4727214717347155e-05,3.6159893048954954e-06,-0.3454995338352963,-8.487796307828417e-06,0.0006366753000971745,24.91528389021497,-0.0008205362986646543,0.0,0.0,0.9999999999999999,8.881937692139162e-11,-8.91827146508914e-10,2.4610239562357765e-11,-0.4488810904524281,0.2930153229955009,-0.3569483803163084,-0.056538950814036495,0.004090957967369649,0.005139787302665065,0.005762280036412469,0.0024055722037694635
0.1540000000000001,0.19888012736690058,0.12715371892413846,-1.4734997212654376e-05,1.86774407084286e-06,-0.32167102207099163,-7.782495307221203e-06,-0.0017482452340526354,23.82851176430467,0.0007053010006072135,0.0,0.0,0.9999999999999999,-1.0788114690141874e-10,-4.940603978008915e-10,-6.085088900116361e-12,-0.36239937692417606,0.36008370540145684,-0.18459210747123275,-0.04872801085300652,-0.012187477341717046,-0.01728102693722096,-0.018760574027236337,-0.007185147672689217
0.1550000000000001,0.19888013043996078,0.12685490318779077,-1.474302277760275e-05,3.073060205167071e-06,-0.2988157363476749,-8.025564948374168e-06,0.0012053161343242112,22.855285723316744,-0.00024306964115296454,0.0,0.0,0.9999999999999999,8.332091725007307e-12,-5.676418008135841e-10,-5.9245055468972855e-12,-0.5673312112328278,0.41420746989850676,-0.344429574598644,-0.08944972607254664,0.007792914633448219,0.010708546089626379,0.011648213384124015,0.004524063908266722
0.1560000000000001,0.19888013318554948,0.1265778068138738,-1.4750720918686875e-05,2.745588710620065e-06,-0.277096373916995,-7.698141084124016e-06,-0.00032747149454700623,21.7193624306799,0.00032742386425015145,0.0,0.0,0.9999999999999999,2.139482896748078e-11,-7.496338621093064e-10,3.5919420400982386e-12,-0.5407775662790298,0.32699453375793514,-0.2621526343244399,-0.016218414134621065,-0.0017941715299954017,-0.002351840416430279,-0.002258972977204872,-0.0011940091564795808
0.1570000000000001,0.19888013569321317,0.12632142493939627,-1.4758461801618799e-05,2.5076636847960387e-06,-0.2563818744775289,-7.740882931924573e-06,-0.00023792502582402618,20.71449943946607,-4.274184780055657e-05,0.0,0.0,0.9999999999999999,5.806542822778084e-13,-4.97733766605914e-10,1.9566481427927477e-12,-0.49966782408056337,0.24834230190318296,-0.2525353779548495,-0.0357747913191417,0.0006147145156127003,-3.63483966975167e-05,0.0003440357768641063,0.0007374968900436317
0.1580000000000001,0.1988801384751103,0.12608468215598792,-1.476577510650617e-05,2.7818971174241585e-06,-0.23674278340835825,-7.313304887370654e-06,0.0002742334326281198,19.639091069170668,0.00042757804455391835,0.0,0.0,0.9999999999999999,1.6526870684058264e-12,-6.187392347487478e-10,-1.8893498931125284e-11,-0.43475547156546573,0.30155364587467093,-0.2437573296174087,-0.09736948220754382,9.295956987798989e-07,0.0014588713380765397,0.0011619083808960997,5.094088075604245e-06
0.1590000000000001,0.19888014048693892,0.12586666862567805,-1.477318002929715e-05,2.011828607606038e-06,-0.21801353030986625,-7.4049227909791725e-06,-0.0007700685098181204,18.729253098491995,-9.161790360851814e-05,0.0,0.0,0.9999999999999999,-6.256217309672969e-10,2.019634693941744e-10,-2.545926891845129e-10,-0.38798518299585444,0.28381688505868463,-0.23440452851120377,-0.03674849299234834,-0.0027239378587021867,-0.004041803909749447,-0.004523121376135599,-0.0013124935653395452
0.16000000000000011,0.19888014293483328,0.12566636901311432,-1.4780446068051509e-05,2.4478943657301484e-06,-0.20029961256374204,-7.266038754359529e-06,0.0004360657581241103,17.713917746124213,0.0001388840366196433,0.0,0.0,0.9999999999999999,-3.1445512726661966e-11,-3.2573597749225095e-10,-1.1653187391026137e-11,-0.3103228276203646,0.21810551750210694,-0.22635016872394575,-0.028938281008219463,0.001411396518082685,0.00223485989612475,0.0026002115261201555,0.0007244501216708418
0.16100000000000012,0.19888014492249967,0.12548284340126759,-1.4787508567494723e-05,1.9876663965355414e-06,-0.1835256118467314,-7.062499443214081e-06,-0.00046022796919460707,16.77400071701063,0.0002035393111454481,0.0,0.0,0.9999999999999999,5.077676541872491e-10,-2.555763547141758e-10,7.200843858022448e-11,-0.17919266553097912,0.20316600383680627,-0.20901425281818997,-0.02208763119721436,-0.0015758811786809432,-0.0013836104521362247,-0.002032706441125466,-0.0004558666086797988
0.16200000000000012,0.19888014836968038,0.12531517003818596,-1.4794529448501431e-05,3.4471807204022773e-06,-0.16767336308162997,-7.020881006708907e-06,0.001459514323866736,15.85224876510144,4.161843650517396e-05,0.0,0.0,0.9999999999999999,1.2427505832456295e-11,-6.601668038454473e-10,-9.195881042496522e-12,-0.20873606672295641,0.18799265577320992,-0.25500328026781327,-0.015308315939465163,0.007126372791320333,0.00961715363531342,0.011309548693267099,0.0035678881801984867
0.16300000000000012,0.19888015083973615,0.12516248484040135,-1.4801335254249354e-05,2.4700557843018453e-06,-0.15268519778460873,-6.8058057479235276e-06,-0.000977124936100432,14.988165297021238,0.00021507525878537964,0.0,0.0,0.9999999999999999,-5.633192407372792e-11,-7.727165266325381e-10,-9.229524240478637e-12,-0.10373491298456265,0.17527193480389142,-0.2361763690110488,-0.008940863042402061,-0.005282101304391182,-0.006637421233412,-0.007847460082571641,-0.002593310966814896
0.16400000000000012,0.19888015214071758,0.12502391894603643,-1.4807920027317394e-05,1.300981444106799e-06,-0.1385658943649126,-6.584773068040139e-06,-0.0011690743401950464,14.119303419696138,0.00022103267988338816,0.0,0.0,0.9999999999999999,7.915666918467549e-11,-2.0317757072605703e-10,8.227521015887843e-12,-0.1104939623226124,0.16222820027917387,-0.22650802342567086,-0.002921308850321224,-0.0038281050107994608,-0.006799886732112873,-0.007401031311024084,-0.0018495941866339507
0.16500000000000012,0.1988801545414056,0.12489875140523005,-1.481425954408253e-05,2.4006880139033413e-06,-0.12516754080637604,-6.339516765135438e-06,0.0010997065697965424,13.398353558536552,0.0002452563029047016,0.0,0.0,0.9999999999999999,-8.373676782336106e-12,-2.10513223720983e-10,-2.0742683839836746e-11,-0.11555974922754167,0.149838085096,-0.14461750886248995,-0.005342202494173919,0.00333691848284976,0.005250002542809739,0.006397779809027215,0.0014229019504064485
0.16600000000000012,0.1988801570236837,0.12478619123751376,-1.4820525627993247e-05,2.482278102681882e-06,-0.1125601677162851,-6.266083910718803e-06,8.159008877854084e-05,12.60737309009094,7.343285441663514e-05,0.0,0.0,0.9999999999999999,-8.494986990068141e-11,-6.467492749910242e-10,-1.5504072971476612e-13,-0.12037754263843818,0.1381926250486096,-0.14255815795708068,0.00041783461341879103,0.0024243986204828412,0.004038444605441836,0.004329200232398918,0.001469889081638448
0.16700000000000012,0.19888015920187618,0.1246855017164124,-1.4826490511928967e-05,2.1781924740612394e-06,-0.10068952110135874,-5.964883935718846e-06,-0.0003040856286206428,11.870646614926358,0.000301199974999957,0.0,0.0,0.9999999999999999,-1.0028150902419523e-10,-5.140179491676206e-10,4.157545594852066e-12,-0.08851860666896805,0.12729193435165467,-0.16606316298041343,0.006611826947257521,-0.002284967952486132,-0.0029183930997721008,-0.003731256402264734,-0.0010363010409266441
0.16800000000000012,0.19888016052043456,0.1245960062680712,-1.4832254407834305e-05,1.3185583701719106e-06,-0.08949544834121073,-5.76389590533904e-06,-0.0008596341038893289,11.194072760148014,0.0002009880303798056,0.0,0.0,0.9999999999999999,5.2221791305875185e-11,-4.375748445080838e-11,-4.882661463432323e-11,-0.08029352855856628,0.11685855553336297,-0.15812805885918338,-0.012097952382907045,-0.0036954888095838906,-0.006559591892572465,-0.006643528258587879,-0.001792378717312648
0.16900000000000012,0.1988801628029402,0.12451704874993459,-1.4838121383639803e-05,2.2825056674026232e-06,-0.07895751813660133,-5.866975805498165e-06,0.0009639472972307126,10.537930204609399,-0.00010307990015912472,0.0,0.0,0.9999999999999999,3.5640701843594946e-09,-9.418324343810485e-10,-3.3150356279960734e-10,-0.08939166193304476,0.08438511469482167,-0.15481028438376906,0.03567013417251864,0.00832222816760054,0.012083575936732725,0.014065560401166095,0.004220291160641953
0.17000000000000012,0.198880164775571,0.12444798686125585,-1.4843642591051633e-05,1.9726307907195258e-06,-0.06906188867873773,-5.52120741183062e-06,-0.00030987487668309745,9.895629457863597,0.0003457683936675451,0.0,0.0,0.9999999999999999,-6.765359245663593e-11,-1.0027428713764573e-10,7.287548614402179e-11,-0.0847051897189694,0.06228343378731134,-0.15098238383127346,0.03922361324667466,-0.008012582770214724,-0.00973527605692701,-0.011864004637064572,-0.004048973805584277
0.17100000000000012,0.19888016653178903,0.12438822180228605,-1.4849060431870785e-05,1.7562180198283913e-06,-0.05976505896981013,-5.417840819152288e-06,-0.00021641277089113446,9.296829708927604,0.0001033665926783316,0.0,0.0,0.9999999999999999,-1.21276552918184e-10,-1.315080205417391e-10,-2.6203959650420134e-11,-0.10785577613469942,0.03805012245959176,-0.14715372104150645,0.04110737942503351,0.0020793423975734807,0.0021765450607708976,0.0026617085212185575,0.001065503178748389
0.17200000000000013,0.19888016820762314,0.12433716803154034,-1.4854346665217498e-05,1.6758341024519217e-06,-0.051053770745709,-5.2862333467123e-06,-8.038391737646962e-05,8.71128822410113,0.00013160747243998845,0.0,0.0,0.9999999999999999,-3.708787766510516e-11,-1.0421026580664322e-10,1.7178634180550185e-12,-0.1154116899678095,0.03608752623510934,-0.14393955117924637,0.043929351855094806,2.5134330611552997e-05,0.00013628412240267873,0.00011648008157069948,0.00030608708140262365
0.17300000000000013,0.1988801703777672,0.12429426713950342,-1.4859626641688468e-05,2.1701440588081877e-06,-0.042900892036920026,-5.279976470970237e-06,0.0004943099563562661,8.152878708788974,6.256875742062481e-06,0.0,0.0,0.9999999999999999,-2.4770059952849042e-11,-1.8302874239555304e-10,7.65306343762066e-11,-0.122141109006624,0.03343317884160757,-0.14153334564451003,0.04647783345268893,0.004147333241808619,0.006162470231982817,0.007019152542645374,0.002236784723967426
0.17400000000000013,0.19888017219859486,0.12425900027888231,-1.4864443119400723e-05,1.8208276633238475e-06,-0.03526686062110576,-4.816477712255252e-06,-0.0003493163954843403,7.634031415814264,0.00046349875871498544,0.0,0.0,0.9999999999999999,-1.1680881736204004e-11,-3.15308727425412e-10,3.989927268525437e-11,-0.12793622136364946,0.03217259808685886,-0.13833300491687878,0.04863815710900755,-0.0049676749451908015,-0.006706856653232823,-0.007664448059808144,-0.002759754974162149
0.17500000000000013,0.19888017408385936,0.12423087112778217,-1.4869262107096963e-05,1.8852645132927933e-06,-0.028129151100149505,-4.81898769624103e-06,6.443684996894588e-05,7.137709520956256,-2.509983985778511e-06,0.0,0.0,0.9999999999999999,1.7469739871494713e-10,1.926219046087485e-10,-3.613784198641811e-11,-0.1348056603546594,0.029728124398196963,-0.1354574080993119,0.050729003168169105,0.002183123267226448,0.0026498346205451693,0.0030527858638393192,0.0012523509775177676
0.17600000000000013,0.19888017571242103,0.12420941886483326,-1.4873563633953086e-05,1.6285616642057649e-06,-0.02145226294890089,-4.301526856122478e-06,-0.0002567028490870285,6.676888151248614,0.0005174608401185524,0.0,0.0,0.9999999999999998,-9.674943306387896e-09,7.365886880550556e-09,-2.8404440898178846e-09,-0.1400329972342635,0.028067604036204084,-0.12501911741806543,0.05272084296094837,-0.0015925896895065555,-0.0018167864645644044,-0.0023941171354890036,-0.0007529534557071139
0.17700000000000013,0.19888017748382206,0.1241942036521136,-1.4878077914641746e-05,1.7714010293649549e-06,-0.015215212719653894,-4.514280688658878e-06,0.00014283936515919,6.237050229246997,-0.00021275383253639983,0.0,0.0,0.9999999999999998,-2.654767357148921e-10,-1.3249252454491485e-10,-3.0113604795423236e-11,-0.14599026827695,0.026418255244705993,-0.12423746177903056,0.05466603979268137,0.0007785014337888115,0.000799759659131227,0.001136608055501261,0.0005210495502043022
0.17800000000000013,0.1988801790256383,0.12418480873771873,-1.4882620115893638e-05,1.5418162367809267e-06,-0.009394914394881819,-4.542201251891401e-06,-0.00022958479258402816,5.820298324772075,-2.79205632325236e-05,0.0,0.0,0.9999999999999998,2.8943386394441187e-10,-2.4933254374592246e-10,3.0333950682697414e-11,-0.15124160020841884,0.024456098741849917,-0.12385963481230493,0.056313024002725406,0.0019147461600217343,0.002782536837733263,0.003103440359275335,0.0014653481143083735
0.17900000000000013,0.1988801803384839,0.1241808393142005,-1.4886447697178688e-05,1.3128456156575321e-06,-0.003969423518223517,-3.827581285048986e-06,-0.00022897062112339458,5.425490876658302,0.0007146199668424155,0.0,0.0,0.9999999999999998,1.0036127872564655e-10,-3.485262492108668e-11,1.776750749699977e-11,-0.15524364271639263,0.023221161729851256,-0.12333195058997173,0.058208829289288014,-0.0052701158976312685,-0.006247963135198673,-0.007722568868990618,-0.0031580497395926983
0.18000000000000013,0.19888018241318456,0.12418192810587093,-1.489029692503416e-05,2.074700661918626e-06,0.0010887916704352219,-3.8492278554721085e-06,0.0007618550462610937,5.058215188658738,-2.1646570423122693e-05,0.0,0.0,0.9999999999999998,2.0845449048664826e-11,-1.8104506887419948e-10,-2.0124063345354995e-10,-0.16022600510335716,0.02125728385077824,-0.12290962921171693,0.05944497493206105,0.0050441092294608485,0.005650322679196761,0.007626069185688662,0.002215102223762152
0.18100000000000013,0.1988801846459237,0.12418762721867535,-1.4894110407456237e-05,2.2327391322694445e-06,0.0056991128044209475,-3.8134824220784297e-06,0.00015803847035081862,4.6103211339857255,3.574543339367878e-05,0.0,0.0,0.9999999999999998,-8.070314879120342e-10,-1.7651955168209213e-09,-9.9591996131334e-11,-0.16464731343162511,0.01966187746656751,-0.12186114954115124,0.061570734066747304,0.001146440007433784,0.001336440846642475,0.0016103589936656804,0.000622228875605322
0.18200000000000013,0.19888018534812332,0.12419711579028483,-1.4897860141452153e-05,7.021996255015757e-07,0.009488571609485328,-3.7497339959161746e-06,-0.0015305395067678688,3.7894588050643807,6.374842616225512e-05,0.0,0.0,0.9999999999999998,-2.2473273338014174e-11,-5.647593589602352e-11,6.762724229353693e-12,-0.17134353525325846,0.008722045939797796,-0.11444588025793581,0.06697606814643685,-0.007796928345355034,-0.009436489874924044,-0.012350693907832009,-0.0033775980439059053
0.18300000000000013,0.19888018734722204,0.12420931993691954,-1.490159894825e-05,1.9990987138747986e-06,0.012204146634701487,-3.738806797847697e-06,0.001296899088373223,2.715575025216159,1.0927198068477485e-05,0.0,0.0,0.9999999999999998,7.092149638049928e-11,-2.96411754902599e-10,1.143098091572991e-11,-0.1533321723189369,-0.008949828367787783,-0.1069594181653457,0.07455962263688377,0.007171604976935195,0.008270603922634377,0.011048669418277438,0.0031429178239143966
0.18400000000000014,0.19888018893535736,0.12422305608258685,-1.4905260334102649e-05,1.5881353294986003e-06,0.013736145667307244,-3.661385852648573e-06,-0.0004109633843761984,1.5319990326057575,7.742094519912427e-05,0.0,0.0,0.9999999999999998,4.81629687036426e-11,-1.4082071407763969e-10,4.539257590529479e-12,-0.13734010401672211,-0.0275127142990702,-0.0932738022337558,0.08156185601429844,-0.0028082576658138778,-0.0027935529101721862,-0.0040525895010814494,-0.0012077173703635604
0.18500000000000014,0.19888019055669434,0.12423713057415585,-1.4908737319980829e-05,1.6213369939783716e-06,0.014074491569002135,-3.4769858781795453e-06,3.320166447977138e-05,0.3383459016948909,0.00018439997446902755,0.0,0.0,0.9999999999999998,1.2287959742856717e-11,-1.4584750742908643e-10,-5.7443742477649524e-12,-0.11957992064587394,-0.035721409664986964,-0.07556612749325284,0.0859421745725962,0.0003526960688657945,9.108574763952525e-05,0.0005680742324354495,0.00012134945258596494
0.18600000000000014,0.19888019208366636,0.12425048911871664,-1.4912124672208994e-05,1.5269720291038202e-06,0.013358544560785963,-3.3873522281649045e-06,-9.436496487455142e-05,-0.7159470082161723,8.96336500146408e-05,0.0,0.0,0.9999999999999998,3.983642351394441e-12,-2.332665561276783e-10,-4.0192076603631564e-11,-0.1093162321240479,-0.016859774451293583,-0.08276208494985447,0.053455662857742274,-0.00028993118272581066,0.00012811337347929926,-0.00020794988047846894,5.81734658023916e-05
0.18700000000000014,0.19888019361886008,0.124262217784631,-1.4915427024110908e-05,1.535193713632023e-06,0.011728665914348306,-3.3023519019146146e-06,8.221684528202835e-06,-1.6298786464376565,8.500032625028992e-05,0.0,0.0,0.9999999999999998,3.6155134985850685e-11,-1.7589403732871904e-10,2.2599784247629353e-11,-0.09374352497736006,-0.005130510578030893,-0.06366662093997935,0.036529601813975306,0.00018192639397032572,0.0003352711425732714,0.0005212909432930891,0.00012457466511697036
0.18800000000000014,0.19888019515913777,0.12427160312918575,-1.4918647822370572e-05,1.5402776772072346e-06,0.009385344554754331,-3.220798259664145e-06,5.083963575211517e-06,-2.343321359593975,8.155364225046972e-05,0.0,0.0,0.9999999999999998,2.3219496132445017e-11,-1.8129356833265205e-10,-2.9351153827344932e-12,-0.0795814445893743,0.00817819242064486,-0.04564268988409932,0.018920866690686284,0.00039025175319313475,0.0006311052121185036,0.0008353244338558624,0.00022247570827245154
0.18900000000000014,0.19888019683984168,0.1242781434602554,-1.4921777483644263e-05,1.6807039153302278e-06,0.006540331069641945,-3.129661273691145e-06,0.00014042623812299327,-2.8450134851123865,9.113698597299996e-05,0.0,0.0,0.9999999999999998,-1.7494079940119665e-10,-2.730084257444914e-10,-3.379768322870444e-11,-0.07168596568064342,0.01831072211109036,-0.036818965906537146,0.009189442971252522,0.0008693571076922391,0.0010787419263226814,0.001534257552758961,0.00037189427423367223
0.19000000000000014,0.1988801979570274,0.12428155912738993,-1.4924988041935963e-05,1.1171857320982067e-06,0.0034156671345308425,-3.210558291699519e-06,-0.0005635181832320212,-3.1246639351111023,-8.089701800837411e-05,0.0,0.0,0.9999999999999998,1.9267386567578446e-09,-2.8959578873856536e-10,1.8851120761735142e-10,-0.06957410847107043,0.029983077878940754,-0.03941658085843601,-0.002100814235755458,-0.002441854093203324,-0.0030225308548798785,-0.004088299966017028,-0.0009666985436364404
0.19100000000000014,0.19888019942610802,0.1242817887169129,-1.4927859219765128e-05,1.4690806025431567e-06,0.00022958952296934945,-2.871177829165396e-06,0.00035189487044495,-3.186077611561493,0.00033938046253412306,0.0,0.0,0.9999999999999998,-1.4590144378308818e-11,-8.760297408048534e-11,-1.2235525529041766e-12,-0.06835580867225932,0.031180851544331006,-0.039608834953202686,-0.0030805081008036467,0.0004282732537204787,0.00036326454264059405,0.0008144772577252392,9.033849855041187e-05
0.19200000000000014,0.19888020090934033,0.12427896769118967,-1.4930914703803648e-05,1.4832323099292945e-06,-0.0028210257232272793,-3.0554840385192716e-06,1.4151707386137812e-05,-3.0506152461966285,-0.0001843062093538756,0.0,0.0,0.9999999999999998,1.4875834835676596e-10,-1.9631149639122722e-10,6.424632989211309e-12,-0.07048850167827649,0.02671136819783189,-0.04027996547051709,0.0011389445348087587,0.001485046135629747,0.002142256107573423,0.0024134638616476805,0.0008625701077256049
0.19300000000000014,0.19888020226800968,0.12427342492318902,-1.4933741405101984e-05,1.3586693301648425e-06,-0.005542768000648388,-2.8267012983353495e-06,-0.00012456297976445201,-2.721742277421108,0.0002287827401839221,0.0,0.0,0.9999999999999998,3.153064092531638e-11,-4.969627275635141e-11,-1.3552152365743092e-12,-0.07387742346503695,0.017838635533960586,-0.040586522831044435,0.010654028148934284,-0.0016245183883512833,-0.002091677840810277,-0.0024269236393222385,-0.0008727590366069529
0.19400000000000014,0.1988802035764646,0.12426566613285947,-1.493654182786862e-05,1.3084549400502495e-06,-0.007758790329551969,-2.800422766636388e-06,-5.021439011459304e-05,-2.2160223289035814,2.6278531698961648e-05,0.0,0.0,0.9999999999999998,-6.573219053656097e-12,-1.8502998549190776e-11,2.8047141562812392e-12,-0.08183829194189146,0.006345896114132757,-0.0448045835851204,0.02169407091310915,0.00015412533717512465,0.00034551541634716737,0.00028985330604958635,0.00021034284186162905
0.19500000000000015,0.19888020517690772,0.12425633227003972,-1.4939278488936222e-05,1.6004431069084336e-06,-0.009333862819752252,-2.7366610676018532e-06,0.0002919881668581841,-1.5750724902002835,6.376169903453459e-05,0.0,0.0,0.9999999999999998,-1.6736776734488435e-11,-2.2303976530266215e-10,1.838233367853926e-11,-0.09349113772634077,-0.004252418822145233,-0.05581907507616172,0.03596008669334354,0.002134287459969226,0.0025556076575655316,0.0034278104060521094,0.0009978285256797774
0.19600000000000015,0.19888020646702256,0.12424616908420247,-1.4942091656277678e-05,1.2901148375565962e-06,-0.010163185837262211,-2.81316734145614e-06,-0.00031032826935183734,-0.8293230175099586,-7.650627385428674e-05,0.0,0.0,0.9999999999999998,1.3870527717949484e-10,-9.364014655931426e-11,1.41819296824681e-11,-0.1045823054463766,-0.01690962546227931,-0.07982937084213648,0.05228636648846047,-0.0011445737881506898,-0.0012820334637576414,-0.002017796945381765,-0.0002792987256375586
0.19700000000000015,0.1988802077004071,0.12423596619121777,-1.4944405920864958e-05,1.2333845225198888e-06,-0.010202892984699445,-2.3142645872803183e-06,-5.673031503670743e-05,-0.03970714743723423,0.0004989027541758216,0.0,0.0,0.9999999999999998,-4.3746101590595436e-12,-9.269420172620027e-11,-3.1387483899860546e-12,-0.11512079341494291,-0.024889922315369593,-0.08156905977512181,0.06619074502516199,-0.0021496836693038206,-0.0024411101803945125,-0.002578949280925841,-0.001327505181605002
0.19800000000000015,0.19888020925638816,0.12422650525820583,-1.4946861345832244e-05,1.5559810748101461e-06,-0.009460933011937326,-2.455424967286617e-06,0.00032259655229025734,0.7419599727621194,-0.00014116038000629882,0.0,0.0,0.9999999999999998,-2.181326903686112e-11,-5.703687571051283e-10,-4.0432990052441206e-11,-0.12751859684675002,-0.03414333379884765,-0.07893014253558117,0.08430806868849063,0.004194206159292236,0.0043971504919265315,0.005955675072450458,0.0020261256205953114
0.19900000000000015,0.19888021037799733,0.12421849234433732,-1.4949172791263665e-05,1.121609166790967e-06,-0.00801291386851541,-2.3114454314210276e-06,-0.0004343719080191791,1.448019143421915,0.00014397953586558953,0.0,0.0,0.9999999999999998,4.0407720401007404e-11,8.206508272338148e-11,-5.703430087681219e-10,-0.13380454470823785,-0.025778202084388246,-0.08643191585367328,0.08164962304527414,-0.004038042958635566,-0.003731520293372693,-0.005854865097479273,-0.0015873503275698328
0.20000000000000015,0.19888021191431568,0.12421250408249283,-1.4951516109834686e-05,1.5363183396010776e-06,-0.00598826184449102,-2.343318571019552e-06,0.0004147091728101106,2.024652024024391,-3.187313959852421e-05,0.0,0.0,0.9999999999999998,1.6464944298581464e-11,-4.8486329059599e-10,1.800716668286099e-11,-0.14482926923549705,-0.02264082771930846,-0.10010717174677715,0.080482448087564,0.003256780999284562,0.003049693729538868,0.004797565772318746,0.0013475774137700328
0.20100000000000015,0.19888021283876167,0.12420891912818116,-1.4953792917644042e-05,9.244459965932129e-07,-0.0035849543116689983,-2.2768078093565244e-06,-0.0006118723430078647,2.403307532822021,6.651076166302742e-05,0.0,0.0,0.9999999999999998,8.977181818836897e-10,2.3018971365835392e-10,-1.1796018634331143e-10,-0.148803000851165,-0.01613418931372574,-0.10339230794162381,0.07687334412761818,-0.0039436197047832385,-0.003928943014963139,-0.005822179590543783,-0.0015718458151892513
0.20200000000000015,0.19888021404593081,0.12420788877368479,-1.4955847893535354e-05,1.2071691408755146e-06,-0.001030354496376938,-2.0549758913124503e-06,0.0002827231442823016,2.55459981529206,0.0002218319180440742,0.0,0.0,0.9999999999999998,4.067990573145932e-11,-2.2599483699015095e-10,3.0291343040269916e-12,-0.1517274825254918,-0.013581383720568963,-0.10418810813702863,0.07578354888831859,0.0025079396255249025,0.0025392138723446577,0.0036557317282434366,0.0011174349002744362
0.20300000000000015,0.19888021500345626,0.12420933662863319,-1.4957632821865059e-05,9.57525438465664e-07,0.001447854948399838,-1.7849283297037573e-06,-0.00024964370240985047,2.478209444776776,0.0002700475616086929,0.0,0.0,0.9999999999999998,-3.9717393944852235e-12,-1.4485200353203223e-10,-6.368253609520878e-13,-0.1501283850351005,-0.015057049582896246,-0.10437597569736336,0.0764248220309056,-0.0019330326494054596,-0.0020734417322951265,-0.002392080291417889,-0.0008966498356198222
0.20400000000000015,0.1988802158843274,0.12421298743155922,-1.4959338033015667e-05,8.80871138741007e-07,0.0036508029260286113,-1.705211150608096e-06,-7.665429972465708e-05,2.2029479776287735,7.971717909566138e-05,0.0,0.0,0.9999999999999998,-7.951550323305439e-11,3.26975006445972e-11,-1.8656832526305203e-11,-0.14719275843319637,-0.01858355345424464,-0.10049335951164243,0.07779375436351442,-0.00011188978746899148,0.00019988449301495926,1.214117796970691e-05,9.604885617936985e-05
0.20500000000000015,0.19888021699819994,0.12421839907188138,-1.4961012571139076e-05,1.1138725557822926e-06,0.005411640322160504,-1.674538123407785e-06,0.00023300141704128563,1.7608373961318924,3.067302720031087e-05,0.0,0.0,0.9999999999999998,-1.7828695768634501e-12,-1.918977227933757e-10,-8.758234311281414e-13,-0.1416508693424113,-0.0247075666476857,-0.09567387916849578,0.08033247629765385,0.002196427859975734,0.002511636928901417,0.0033131158883108764,0.0011011502279327655
0.20600000000000016,0.1988802178308928,0.12422502381483747,-1.496251019858401e-05,8.326928520992576e-07,0.006624742956085348,-1.4976274449342124e-06,-0.000281179703683035,1.2131026339248447,0.00017691067847357266,0.0,0.0,0.9999999999999998,-2.3697034298674808e-11,-7.519682183084262e-11,-6.5961881583246715e-12,-0.1319376382162005,-0.02535466286839899,-0.08631993464865866,0.08009032228571901,-0.0026678018764483397,-0.0029321936644863236,-0.004001899974277488,-0.0012153313082426712
0.20700000000000016,0.19888021895956898,0.12423226476857141,-1.4964046370237026e-05,1.1286761729502548e-06,0.007240953733946257,-1.5361716530156964e-06,0.0002959833208509971,0.6162107778609084,-3.8544208081483924e-05,0.0,0.0,0.9999999999999998,-1.8749243084977423e-11,-2.2575780271325552e-10,-1.5586337918407945e-11,-0.12533683708262675,-0.032675842673550684,-0.08152854589309978,0.08407888738105569,0.003002427995396491,0.003191213271137947,0.004404875299431569,0.0013576400559271566
0.20800000000000016,0.19888021976717693,0.12423953405062757,-1.496544838967481e-05,8.076079473254646e-07,0.007269282056158362,-1.402019437785431e-06,-0.00032106822562479016,0.028328322212105295,0.00013415221523026537,0.0,0.0,0.9999999999999998,5.984804072835241e-12,-9.509176428080149e-11,1.5974826926561292e-11,-0.11573972816207473,-0.02712510069701735,-0.08173899631160449,0.0703560043537703,-0.003094084516760324,-0.0032408654243008496,-0.004594584880555094,-0.0013364223238526557
0.20900000000000016,0.19888022101795544,0.12424629184688174,-1.4966860116789063e-05,1.2507785068378082e-06,0.006757796254166476,-1.4117271142517412e-06,0.00044317055951234363,-0.511485801991886,-9.707676466310258e-06,0.0,0.0,0.9999999999999998,-2.636494635095169e-12,-2.6105791505744e-10,-2.6696244778371772e-12,-0.11161500033351462,-0.019446145347217135,-0.0767567490920545,0.057555572147652445,0.0035115676818345235,0.0037100178715796937,0.005248163548495244,0.0015176572551144493
0.21000000000000016,0.19888022184879245,0.12425207748511839,-1.4968182418094559e-05,8.308369967940293e-07,0.005785638236646701,-1.3223013054949586e-06,-0.0004199415100437789,-0.9721580175197746,8.94258087567826e-05,0.0,0.0,0.9999999999999998,-5.375139393352224e-12,-1.3524314527927046e-10,-1.830662800592829e-12,-0.10324527122529542,-0.015014536678710383,-0.07271342791197476,0.050673692049851025,-0.003508266007913349,-0.0036333465947881206,-0.005155287689238409,-0.0014956219834002245
0.21100000000000016,0.19888022270295638,0.12425653146091599,-1.4969495124993546e-05,8.541639437110331e-07,0.004453975797590554,-1.31270689898727e-06,2.332694691700377e-05,-1.3316624390561473,9.59440650768859e-06,0.0,0.0,0.9999999999999998,3.8456647967453026e-10,4.5771745110937257e-10,7.218226028014958e-12,-0.098331128608393,-0.007934751877067046,-0.06521386044926114,0.04120749125754328,0.0009026035349192039,0.0008937407590095041,0.001282286420412491,0.00045273791863295533
0.21200000000000016,0.19888022363318728,0.1242594109686199,-1.4970708863424855e-05,9.302308963336312e-07,0.0028795077039078768,-1.2137384313086869e-06,7.60669526225981e-05,-1.5744680936826774,9.896846767858318e-05,0.0,0.0,0.9999999999999998,-2.3956264956433754e-11,-1.1113212693968414e-10,-4.4096142642525314e-12,-0.09452236278663483,-0.0035367132419985444,-0.056294163812905376,0.036179097210173386,0.0003617380862902132,0.0007664797935640617,0.0008417974346476508,0.0002472202471411225
0.21300000000000016,0.19888022450703596,0.12426060003060034,-1.4971789462824662e-05,8.738486952446513e-07,0.0011890619804444328,-1.080599399806683e-06,-5.638220108897988e-05,-1.690445723463444,0.0001331390315020039,0.0,0.0,0.9999999999999998,2.7264434481675228e-11,-1.1909315504239574e-10,-2.508000441106107e-12,-0.09050705545433478,-0.0021818159416724494,-0.05391265665644411,0.03377995540703585,0.0001993030095220706,0.00022176802912425803,0.00046427934735170963,0.00015316044363170405
0.21400000000000016,0.1988802252154117,0.12426010538250391,-1.4972705685168593e-05,7.083757470010896e-07,-0.0004946480964335318,-9.162223439316013e-07,-0.00016547294824356175,-1.6837100768779647,0.00016437705587508166,0.0,0.0,0.9999999999999998,-2.109538118145175e-12,-7.363081455244263e-11,1.2662490291305523e-12,-0.09088204620501221,-0.002254884979982461,-0.05395437396977327,0.033826137723254046,-0.0008874707238347628,-0.0011716444565173637,-0.001392427909901763,-0.00040697200269659394
0.21500000000000016,0.19888022610098743,0.12425804605322117,-1.4973569754463e-05,8.85575731944013e-07,-0.002059329282744994,-8.640692944074794e-07,0.00017719998494292345,-1.5646811863114622,5.2153049524121905e-05,0.0,0.0,0.9999999999999998,6.9264656516294674e-12,-1.2009616367030368e-10,2.280403019196895e-12,-0.0932751039716684,-0.004339001176230034,-0.05727555023395975,0.036735028152637045,0.0010423687029678605,0.0013410147093919401,0.0017184386655148902,0.00046926092012742536
0.21600000000000016,0.19888022688516613,0.12425465098076423,-1.4974479584797753e-05,7.841786857934796e-07,-0.003395072456942071,-9.098303347529672e-07,-0.00010139704615053339,-1.3357431741970769,-4.5761040345487765e-05,0.0,0.0,0.9999999999999998,1.9297690256995644e-11,-8.875148485269499e-11,-4.9778988087308e-12,-0.09748886173902974,-0.007770767820810355,-0.0639636896058701,0.04128234718532447,-0.0007317613432435079,-0.0008910183049718312,-0.0012154208803450937,-0.00031317709211198605
0.21700000000000016,0.19888022770054084,0.12425023164431857,-1.4975281115033766e-05,8.153746993307954e-07,-0.004419336445650156,-8.015302360130247e-07,3.119601353731572e-05,-1.024263988708085,0.00010830009873994248,0.0,0.0,0.9999999999999998,-7.604650905462865e-12,-1.899957544296009e-10,4.621022165804233e-12,-0.10336243851326883,-0.013340084861436733,-0.07243730708270175,0.04862766520146469,0.0009399949055377989,0.001210396276126292,0.0014910175942321816,0.0005623061579534569
0.21800000000000017,0.19888022900036226,0.12424516293326837,-1.497592695033995e-05,1.299821407499481e-06,-0.005068711050204311,-6.458353061840466e-07,0.00048444670816868567,-0.6493746045541553,0.00015569492982897809,0.0,0.0,0.9999999999999998,-3.2471514083469405e-10,-5.981087432706104e-10,1.0401940674405898e-11,-0.10761246444324733,-0.019129396167685414,-0.07684599014369495,0.05629856291039736,0.001944384535369894,0.0015909430088840407,0.0029313163113604025,0.0005976117489289882
0.21900000000000017,0.19888022965867017,0.12423985139511336,-1.4976603329879297e-05,6.583079078920089e-07,-0.0053115381550184115,-6.763795393468128e-07,-0.0006415134996074721,-0.24282710481410025,-3.054423316276618e-05,0.0,0.0,0.9999999999999998,-9.138552982046245e-11,1.1286038290378733e-09,1.978394946447826e-10,-0.11313529292308691,-0.022175369213668347,-0.07914436037847575,0.0609704672546525,-0.006542110621554307,-0.006955964358689203,-0.010056665608133545,-0.0025432494910631208
0.22000000000000017,0.19888022989794296,0.12423470826930785,-1.4977394450246572e-05,2.392728010677928e-07,-0.005143125805505702,-7.911203672755681e-07,-0.0004190351068242161,0.1684123495127093,-0.00011474082792875534,0.0,0.0,0.9999999999999998,3.4242730518027295e-11,-6.893379125448626e-11,4.525697022649444e-12,-0.12087837632224915,-0.026629405157855803,-0.08486395101872875,0.07515484940478663,0.004675668943414925,0.005256596713559481,0.007136880696299667,0.0019009851222932333
0.22100000000000017,0.19888023069307892,0.12423011560541647,-1.4977890038673109e-05,7.951359643665479e-07,-0.00459266389139089,-4.955884265373556e-07,0.0005558631632987551,0.5504619141148119,0.0002955319407382125,0.0,0.0,0.9999999999999998,-2.74625534999921e-11,-1.131740925878864e-10,-3.0953980353101686e-12,-0.12421148653719333,-0.030577820188776212,-0.08027279397753113,0.07697054298469129,-0.00040159788086123574,-0.0006252843404087699,-0.0005779021852519823,-0.00030651328398172893
0.22200000000000017,0.19888023135630514,0.12422639996370606,-1.4978436658100228e-05,6.632262131317347e-07,-0.003715641710409081,-5.466194271194975e-07,-0.00013190975123481328,0.8770221809818093,-5.103100058214195e-05,0.0,0.0,0.9999999999999998,-1.0862495018197054e-10,-2.2353730124508027e-11,-4.844856143651242e-11,-0.12759953025124238,-0.031020713168398783,-0.0834022161164929,0.08414275464007345,0.0005394287177820226,0.00037954286538624033,0.000655078652457635,0.0003947226665504994
0.22300000000000017,0.19888023208711814,0.12422380279773697,-1.4978901104525883e-05,7.308129977791175e-07,-0.002597165969097147,-4.644464256550282e-07,6.758678464738285e-05,1.118475741311934,8.217300146446933e-05,0.0,0.0,0.9999999999999998,4.2287685984582135e-10,1.506721311248655e-10,-1.5496950681762745e-10,-0.13105241978300775,-0.028206011083158095,-0.08484089324334092,0.08208717731554493,-0.00010335922351054743,-0.00036784230732808877,-0.0002725153673777636,-0.00023304887206530443
0.22400000000000017,0.19888023244910957,0.12422246668812154,-1.4979226094381529e-05,3.619914293849611e-07,-0.001336109615430151,-3.249898556465458e-07,-0.0003688215683941564,1.2610563536669959,0.0001394565700084824,0.0,0.0,0.9999999999999998,-2.1848992246020805e-11,-7.025591248383583e-11,-1.6070977982163739e-12,-0.13330124464085902,-0.02408378995291477,-0.08650350759581267,0.07913913866313577,-0.0013906805614671174,-0.0012078871842350594,-0.0015499121900455798,-0.00045900900917325197
0.22500000000000017,0.19888023341653888,0.12422242423882948,-1.4979627213254672e-05,9.674293059120696e-07,-4.244929204787801e-05,-4.0111887314233644e-07,0.0006054378765271085,1.293660323382273,-7.612901749579064e-05,0.0,0.0,0.9999999999999998,5.763403691889145e-10,-9.299555140188137e-10,1.591538473379664e-10,-0.13437962192888242,-0.02526367025610455,-0.08731533630447633,0.07977290818307667,0.00466881196013496,0.00493964304256395,0.006981910693493138,0.0019448968934166326
0.22600000000000017,0.1988802334126092,0.12422360065162409,-1.4979999442453658e-05,-3.929695569846105e-09,0.0011764127946033425,-3.722291989873521e-07,-0.0009713590014819158,1.2188620866512205,2.8889674154984344e-05,0.0,0.0,0.9999999999999998,3.4299728043637576e-11,2.2266033202625438e-11,8.476223340939056e-11,-0.13206603526083704,-0.02525082804190063,-0.0858691586021686,0.08015526719812893,-0.006546181514511408,-0.006496214410734036,-0.00968189032614342,-0.0025951833453409312
0.22700000000000017,0.1988802338418948,0.12422582852011314,-1.498026068839551e-05,4.292856185260384e-07,0.0022278684890579023,-2.612459418518399e-07,0.0004332153140958845,1.0514556944545599,0.00011098325713551221,0.0,0.0,0.9999999999999998,-4.1709530726512516e-11,-1.0710447008991544e-10,-1.5202079046479306e-11,-0.13036845712794268,-0.02747415782147976,-0.08391485309821975,0.0813780456762103,0.0019773442358230115,0.0017613277612533024,0.003034383576282143,0.000661289232918036
0.22800000000000017,0.1988802344892078,0.12422886869158468,-1.4980653714754636e-05,6.473129969685158e-07,0.00304017147153738,-3.9302635912603617e-07,0.00021802737844247742,0.8123029824794775,-0.00013178041727419628,0.0,0.0,0.9999999999999998,-4.2719385446215415e-10,-9.693430594126708e-10,-7.774574505978345e-12,-0.12744361390080094,-0.030506563609279554,-0.08263212263991236,0.08284476616613955,0.0035133703866933102,0.0038532738662186415,0.005098326036710611,0.0016998332338175608
0.22900000000000018,0.19888023466829768,0.12423243895015058,-1.4980908486422401e-05,1.7908988913597522e-07,0.003570258565900617,-2.5477166776520026e-07,-0.0004682231078325406,0.5300870943632371,0.0001382546913608359,0.0,0.0,0.9999999999999998,8.651356616331444e-12,-1.527006876135923e-10,-8.281900057038494e-13,-0.1231092002162725,-0.030462981033639727,-0.08117232324560682,0.07857067897472272,-0.004838061763143549,-0.004888750751256683,-0.007013125632787089,-0.002122489569645497
0.23000000000000018,0.19888023503458804,0.1242362359643461,-1.4981238822024837e-05,3.6629036745399954e-07,0.0037970141955130784,-3.303356024353659e-07,0.00018720047831802432,0.22675562961246148,-7.556393467016564e-05,0.0,0.0,0.9999999999999998,5.86823872478918e-11,-1.564986413195575e-10,7.571617617273768e-12,-0.11983884478961498,-0.02834017433060139,-0.08122640355631804,0.07247504585208875,0.002330735573750689,0.002315526349621381,0.0033663832320777218,0.0010301095819859238
0.23100000000000018,0.19888023523899542,0.12423996098124877,-1.4981598596965343e-05,2.0440739055279397e-07,0.0037250169026759165,-3.597749405058823e-07,-0.00016188297690120557,-0.07199729283716193,-2.9439338070516406e-05,0.0,0.0,0.9999999999999998,1.382226367902367e-10,-4.2714691774360724e-11,1.7909694916886257e-11,-0.11455808825931672,-0.024425031126458597,-0.08358202854496674,0.0662408047586885,-0.0009465224218550564,-0.0008967791559163787,-0.001588218873564784,-0.0003647672272232459
0.23200000000000018,0.1988802358054551,0.12424334105711467,-1.4981681047786227e-05,5.664596879149734e-07,0.0033800758658958383,-8.245082088254066e-08,0.0003620522973621795,-0.3449410367800782,0.00027732411962334163,0.0,0.0,0.9999999999999998,5.869425327746292e-11,-1.613249134199499e-10,-1.6321881200655235e-11,-0.11172263802606139,-0.02118285890624193,-0.0786301126586875,0.061088536714384474,0.001176798510216291,0.001044286302663289,0.002091691952119979,0.00025552377354065575
0.23300000000000018,0.19888023621236117,0.12424614833327427,-1.4981863256034807e-05,4.0690606999373483e-07,0.0028072761595962213,-1.8220824858021337e-07,-0.0001595536179212386,-0.5727997062996171,-9.975742769767272e-05,0.0,0.0,0.9999999999999998,1.1496229260742835e-11,-1.8392576976160283e-10,-3.1643682645255484e-12,-0.10804040413024502,-0.019541774467574848,-0.07673472495492137,0.057262711974021885,-0.000659397158100065,-0.0006930035756273372,-0.0012068169515204571,-0.00020184181517095254
0.23400000000000018,0.19888023642125968,0.12424820999336109,-1.4982041399056532e-05,2.0889850384192433e-07,0.0020616600868199548,-1.7814302172442888e-07,-0.0001980075661518105,-0.7456160727762665,4.065226855784494e-06,0.0,0.0,0.9999999999999998,3.190801821188042e-11,-2.1776583626052318e-10,-1.1982746774022623e-11,-0.1069534292684033,-0.017480102182448904,-0.07456703494139207,0.05443661586670566,-0.0006028201305779659,-0.0005196890347615644,-0.0007674397956539328,-0.0001087213701582532
0.23500000000000018,0.19888023645899558,0.12424941717195508,-1.4982235824695612e-05,3.773588758563072e-08,0.0012071785939950657,-1.9442563907878673e-07,-0.0001711626162562936,-0.854481492824889,-1.628261735435785e-05,0.0,0.0,0.9999999999999998,5.0616513179806555e-09,-7.10541563498716e-09,6.464439977419251e-10,-0.1056020082629453,-0.015801191953710755,-0.07400117231950111,0.05211834269042587,-0.001159126488603795,-0.0010441348023137412,-0.0015181642769836303,-0.0004167209884627083
0.23600000000000018,0.1988802366881877,0.12424972911489218,-1.4982399853477085e-05,2.291921129421186e-07,0.0003119429371039267,-1.6402878147258156e-07,0.0001914562253564879,-0.895235656891139,3.0396857606205162e-05,0.0,0.0,0.9999999999999998,9.538457694314163e-11,6.855455123533539e-11,9.270781905339691e-12,-0.10525943895695883,-0.015439343941472831,-0.07410249561313181,0.051439057519058334,0.0015789187279643087,0.0021522387316291955,0.0026212451876764637,0.0007129718723098672
0.23700000000000018,0.1988802370895716,0.12424917043422092,-1.4982527764600739e-05,4.0138390403357256e-07,-0.0005586806712629889,-1.2791112365351835e-07,0.00017219179109145396,-0.8706236083669155,3.611765781906321e-05,0.0,0.0,0.9999999999999998,8.036719534898799e-12,-2.769964964894654e-10,-3.0705717463211e-12,-0.10431493280627525,-0.01602415498986192,-0.07470989907911779,0.0518932719095624,0.0012074074498498318,0.0011407113832089465,0.00171447680128234,0.0004801655084339314
0.23800000000000018,0.19888023714907876,0.1242478293382471,-1.4982562106045678e-05,5.9507182079804714e-08,-0.0013410959738149977,-3.4341444939088864e-08,-0.00034187672195376784,-0.7824153025520088,9.356967871442949e-05,0.0,0.0,0.9999999999999998,4.555524384358429e-12,-9.096474732986327e-11,-3.064087311603023e-11,-0.10540720354975167,-0.016933135743116685,-0.07489810295988121,0.05374810252711266,-0.003066027715423072,-0.003572024253937998,-0.004681795979036078,-0.001427687206894614
0.23900000000000018,0.1988802373882797,0.12424584872439236,-1.4982732501528063e-05,2.392009498943036e-07,-0.0019806138547366447,-1.7039548238495383e-07,0.00017969376781449889,-0.6395178809216471,-0.00013605403744586497,0.0,0.0,0.9999999999999998,-5.966513106591545e-11,-3.437346040204078e-11,-2.466304097202031e-11,-0.10814431191160452,-0.018608208232461586,-0.07555901099807727,0.05602091797074958,0.0024181820682403097,0.002672821466049606,0.0035359857103813563,0.0011968898099284052
0.24000000000000019,0.19888023752535733,0.12424340462066683,-1.4982876378860349e-05,1.3707762974125816e-07,-0.0024441037255267073,-1.438773322861407e-07,-0.00010212332015304546,-0.46348987079006254,2.6518150098813132e-05,0.0,0.0,0.9999999999999998,-2.583799854036884e-12,-8.87769216695455e-11,-2.458830421312463e-12,-0.1091515992711899,-0.02040186888708607,-0.07776681545641473,0.05914712604325924,-0.0013454889065772733,-0.001420652780578637,-0.0019462709803518322,-0.00065240858105762
0.2410000000000002,0.19888023762763868,0.1242407026913603,-1.4982982637201537e-05,1.0228136269965975e-07,-0.002701929306529338,-1.062583411888812e-07,-3.47962670415984e-05,-0.2578255810026307,3.7618991097259497e-05,0.0,0.0,0.9999999999999998,3.2167012322771385e-11,8.556803992243456e-10,1.2137832471958301e-10,-0.11309311349253796,-0.021898030249674124,-0.07895262718025114,0.06232411155625993,-0.00024983425587605797,-0.00011299621198538577,-0.00020150820749232457,-8.486686441620201e-05
0.2420000000000002,0.19888023780053493,0.12423796089645552,-1.4983264302262981e-05,1.7289623996220506e-07,-0.0027417949047798896,-2.816650614435049e-07,7.06148772625453e-05,-0.03986559825055157,-0.00017540672025462368,0.0,0.0,0.9999999999999998,4.601728930862085e-11,-1.2307135424850836e-10,7.705940613795805e-12,-0.11671917929102968,-0.02454464689512106,-0.0819334782250701,0.06731831829671199,0.001306718979902922,0.0017938016463390437,0.002070040204745584,0.0006615959179184029
0.2430000000000002,0.19888023804997318,0.12423538424354098,-1.4983252078023952e-05,2.4943824224701987e-07,-0.0025766529145318084,1.2224239030201677e-08,7.654200228481481e-05,0.16514199024808118,0.00029388930047370655,0.0,0.0,0.9999999999999998,-3.958947615681274e-11,-1.375249094919691e-10,-1.0437871453278801e-11,-0.11806257678940534,-0.02745747799156644,-0.08285874979251374,0.07161122760985866,-0.001500247947373642,-0.0019113177910622522,-0.0020811765429792056,-0.0009363017650940687
0.2440000000000002,0.19888023839119384,0.12423316388421184,-1.4983551018013905e-05,3.412206659139337e-07,-0.0022203593291527366,-2.989399899539545e-07,9.178242366691382e-05,0.35629358537907174,-0.0003111642289841562,0.0,0.0,0.9999999999999998,-7.02217168469345e-11,-2.7237349788269075e-10,-1.2186936395992642e-10,-0.12155706836970985,-0.029377704921115806,-0.0809949655167633,0.07563287912971124,0.0027132974596943216,0.0028939354296791484,0.00352679899533708,0.0015206522255127323
0.2450000000000002,0.19888023871696392,0.12423144525363683,-1.498370313969382e-05,3.257700907249198e-07,-0.0017186305750083323,-1.521216799158338e-07,-1.5450575189013883e-05,0.5017287541444043,0.00014681831003812072,0.0,0.0,0.9999999999999998,2.0977680711337626e-12,-3.155624283845858e-10,-2.850769443744915e-12,-0.1225340470095226,-0.030467412266870813,-0.08148136652310792,0.07857438690560024,-0.0011020776458811647,-0.0012768448853213222,-0.0015478778176706847,-0.000637443829152818
0.2460000000000002,0.1988802388630452,0.12423033371155251,-1.4983757363800134e-05,1.4608129911329812e-07,-0.001111542084317234,-5.4224106313461136e-08,-0.0001796887916116217,0.6070884906910982,9.789757360237266e-05,0.0,0.0,0.9999999999999998,1.2492033537626775e-11,-2.1870210753249632e-10,-2.183604233842133e-12,-0.12392758207874238,-0.030317951146451475,-0.08181142155555843,0.07989579451021649,-0.001351816118134236,-0.0016592167383888848,-0.002210746924696975,-0.0005997996213523378
0.2470000000000002,0.19888023925983944,0.12422987996018099,-1.4983836554114221e-05,3.9679423526280685e-07,-0.0004537513715158888,-7.91903140878018e-08,0.0002507129361495087,0.6577907128013452,-2.496620777434067e-05,0.0,0.0,0.9999999999999998,2.1065251970601727e-10,6.931161604202926e-10,1.2863824151304936e-10,-0.12583953630946051,-0.030212553454377615,-0.08149058673420718,0.08047773803486001,0.0018118094459069012,0.001958134605999032,0.002765435476782004,0.0007241844280802998
0.2480000000000002,0.19888023930531143,0.124230080863467,-1.4983870645946403e-05,4.5471993932726416e-08,0.00020090328600477173,-3.4091832181141024e-08,-0.0003513222413300805,0.6546546575206604,4.5098481906660784e-05,0.0,0.0,0.9999999999999998,-6.900709797265466e-12,-1.3972480291716197e-10,2.3643569484152367e-11,-0.12434968151218939,-0.030397663261963973,-0.08215988625854971,0.08066168243586605,-0.0022176370550899983,-0.0022761440446223617,-0.0032946640493626824,-0.0008546296134760569
0.2490000000000002,0.19888023945798414,0.12423088325003363,-1.498392739028003e-05,1.5267271489894458e-07,0.0008023865666377837,-5.6744333627879814e-08,0.00010720072096621815,0.6014832806330119,-2.265250144673879e-05,0.0,0.0,0.9999999999999998,-9.906135682564623e-14,-1.7618702584485482e-10,-4.877269158287383e-12,-0.12529015038012878,-0.030041168740794395,-0.08117629429042178,0.07955301118667077,0.0009512320019614124,0.0010116525861504136,0.0014802831065009634,0.0003596042553056403
0.25000000000000017,0.1988802395582917,0.12423219036195206,-1.4983942891967907e-05,1.0030756994723248e-07,0.0013071119184244304,-1.5501687876588284e-08,-5.2365144951712096e-05,0.5047253517866467,4.124264575129153e-05,0.0,0.0,0.9999999999999998,-1.3819280626183978e-10,-2.3184676923946806e-10,7.878108197932329e-11,-0.12401644833251206,-0.029707913373403103,-0.08080127744461062,0.07813728600989132,-0.00033527176666815826,6.544511012191638e-05,-0.00017836462307364398,4.575694571455125e-05
0.25100000000000017,0.1988802393638023,0.12423387265018485,-1.498382906586065e-05,-1.9448940512669908e-07,0.0016822882327890583,1.1382610725587262e-07,-0.0002947969750739316,0.37517631436462795,0.0001293277951324609,0.0,0.0,0.9999999999999998,5.448399337015428e-12,-5.076474672464729e-11,-2.3159674753263373e-12,-0.12216713545315085,-0.028976767603113678,-0.08073145006847171,0.07595664384547357,-0.0016161835428661266,-0.0015060684999245251,-0.002250538818021565,-0.000535689302292668
0.25200000000000017,0.19888023937788757,0.12423578115524647,-1.4983764459090072e-05,1.4085269508207102e-08,0.0019085050616314755,6.460677057752733e-08,0.00020857467463490618,0.22621682884241723,-4.921933667834529e-05,0.0,0.0,0.9999999999999998,-6.810761586204911e-12,-1.1785795622252338e-10,-2.8163335440242166e-12,-0.12014343574750547,-0.02783311307258888,-0.08111899693129242,0.072941353713737,0.0014812570175325099,0.0018080243796994874,0.0024122688078648496,0.0006321784790105942
0.25300000000000017,0.19888023974171667,0.12423775912346302,-1.4983742781575134e-05,3.6382911161011233e-07,0.0019779682165487647,2.1677514938507752e-08,0.0003497438421019052,0.06946315491728915,-4.292925563901957e-05,0.0,0.0,0.9999999999999998,-1.6787086895735114e-11,-3.631238416685678e-10,3.52719217501889e-12,-0.11640321183151117,-0.026409917481589735,-0.08319744628239135,0.06949697210785777,0.0024153909138877293,0.0022070147592688646,0.003305609950505933,0.0009873865277259058
0.25400000000000017,0.19888023951720366,0.12423965405440603,-1.4983692329591916e-05,-2.2451303109560098e-07,0.0018949309430045347,5.045198321809081e-08,-0.0005883421427057133,-0.08303727354423002,2.877446827958306e-05,0.0,0.0,0.9999999999999998,-5.854779411942951e-12,-1.432990213274736e-10,-5.374863460422296e-12,-0.1151685123287732,-0.024269543003795156,-0.08222521579483517,0.06656688198169465,-0.004384159744663117,-0.004591797895432788,-0.006594054344719722,-0.001840786534197606
0.25500000000000017,0.19888023963688564,0.12424132952150521,-1.4983645570687472e-05,1.1968197806694207e-07,0.0016754670991795631,4.675890444321059e-08,0.00034419500916254306,-0.21946384382497153,-3.693078774880223e-06,0.0,0.0,0.9999999999999998,-2.0383255041973338e-09,1.4245030813115772e-09,2.0322098750418544e-09,-0.11449302709274424,-0.02263626017350338,-0.07994054694601163,0.06352935170161272,0.002967111830486619,0.0029961546959959397,0.0044174221945165225,0.0012517986228957406
0.25600000000000017,0.1988802396130332,0.12424267377623997,-1.498360221436794e-05,-2.3852436526352958e-08,0.0013442547347644212,4.335631953153591e-08,-0.00014353441459329504,-0.33121236441514196,-3.4025849116746772e-06,0.0,0.0,0.9999999999999998,-1.4751374086521728e-11,-1.521843569163741e-10,-4.621307282573793e-12,-0.11079391825492962,-0.021419034036605535,-0.07909933944458176,0.0613475177081136,-0.0018306593535808051,-0.001892284436609286,-0.0027471516681040527,-0.000863268494934544
0.2570000000000002,0.1988802396130852,0.1242436053243764,-1.4983618427672279e-05,5.2021726146796854e-11,0.0009315481364236842,-1.6213304338929645e-08,2.3904458252499756e-05,-0.412706598340737,-5.9569623870465554e-05,0.0,0.0,0.9999999999999998,1.8916221440951057e-11,-1.475056964572411e-10,4.337690700961688e-12,-0.11058760062887493,-0.020385877023688877,-0.0775499718084236,0.05968717517955407,0.001110652552582696,0.0012702722949499434,0.0016848746395108564,0.0005914537179010772
0.2580000000000002,0.19888023958526235,0.12424407893507886,-1.498357878863579e-05,-2.7822847795092074e-08,0.0004736107024644817,3.963903648903544e-08,-2.787486952123887e-05,-0.4579374339592025,5.585234082796508e-05,0.0,0.0,0.9999999999999998,2.433213218445291e-11,-6.020094215108557e-11,-1.0832753702806244e-11,-0.10923785141199471,-0.020405793045518903,-0.07791163221257502,0.05924446943752788,-0.0005866802730178337,-0.0007234680787728664,-0.0010095742177803767,-0.00035432498304386315
0.2590000000000002,0.19888023956139386,0.12424408505791207,-1.4983465617485474e-05,-2.3868491079658995e-08,6.12283321525018e-06,1.1317115031666987e-07,3.954356715433079e-06,-0.4674878692492316,7.353211382763444e-05,0.0,0.0,0.9999999999999998,8.1824131990151e-12,-1.0301252549233334e-10,3.870223829290644e-12,-0.11041865703814983,-0.02005167409086834,-0.07703818195679817,0.058919318965241246,-9.650319076607447e-05,-9.436006780848593e-05,5.019189725275764e-05,-9.588615136425163e-05
0.2600000000000002,0.19888023955367282,0.12424364947030664,-1.4983541658465963e-05,-7.721040803769715e-09,-0.00043558760542431623,-7.604098048801425e-08,1.614745027588928e-05,-0.4417104386395664,-0.00018921213080468413,0.0,0.0,0.9999999999999998,4.001245956033326e-10,-3.5248557763682424e-10,8.264056307401659e-11,-0.11050789229420523,-0.020286712680729,-0.07737334178597825,0.05932959540193581,0.00026098948687889906,0.0005829508572221064,0.0005564875286934474,0.00022840687954380336
0.2610000000000002,0.19888023952816028,0.12424282805023003,-1.4983574352367858e-05,-2.5512531930084353e-08,-0.0008214200766096442,-3.269390189511278e-08,-1.779149112631464e-05,-0.385832471185328,4.334707859290147e-05,0.0,0.0,0.9999999999999998,5.927846167180067e-13,-7.94873390022353e-11,9.356655826027843e-13,-0.11001976515289612,-0.02108113458699005,-0.0786326469021051,0.06045801656214076,-0.00020594174562774603,-0.00037482048988913825,-0.00047739705418747407,-0.00013580714879779163
0.2620000000000002,0.19888023949980943,0.12424170374555178,-1.4983562819750312e-05,-2.835083614120419e-08,-0.0011243046782417106,1.1532617546093978e-08,-2.8383042111198384e-06,-0.30288460163206643,4.422651944120676e-05,0.0,0.0,0.9999999999999998,-1.6604410268966997e-11,-1.5366872420049874e-10,1.8144882879287862e-12,-0.11271578130710948,-0.02143946679442548,-0.07873473560222613,0.06186964601446945,0.00015613820358847434,0.00028519825938636906,0.0004167760346565719,8.892713673442685e-05
0.2630000000000002,0.1988802394186231,0.12424037445549244,-1.498364584005901e-05,-8.118632923377694e-08,-0.0013292900593439314,-8.302030869696832e-08,-5.2835493092572746e-05,-0.20498538110222073,-9.45529262430623e-05,0.0,0.0,0.9999999999999998,-3.6150118034267836e-10,2.3837430255615823e-10,-3.3237826050402756e-11,-0.1132869093528138,-0.023037387243636995,-0.08078402174658166,0.06399579155972038,-0.00035815022905635614,-0.0003438875600795124,-0.0004886462548927645,-0.00016214242936877447
0.2640000000000002,0.19888023938375285,0.12423895326717062,-1.4983603254563465e-05,-3.487025385721718e-08,-0.0014211883218181764,4.258549554470717e-08,4.631607537655976e-05,-0.09189826247424501,0.0001256058042416755,0.0,0.0,0.9999999999999998,-9.467028298458469e-12,-8.43101843840461e-11,-5.390912807906021e-12,-0.11623464386877497,-0.024013977600167276,-0.08106043602393338,0.06614244542223993,0.00010967916920830094,0.00010319183649332492,0.00013609094906081985,4.6059743863272764e-05
0.2650000000000002,0.19888023970769156,0.12423755010240797,-1.4983502460899426e-05,3.239387126056175e-07,-0.0014031647626417086,1.0079366403995369e-07,0.0003588089664628347,0.01802355917646776,5.820816849524652e-05,0.0,0.0,0.9999999999999998,2.710316897676673e-10,-8.043027495431021e-10,-1.8974483042860968e-10,-0.1163396101900536,-0.025677415369680063,-0.08331150175908057,0.06842768808199048,0.002818639281084675,0.0029133357951538043,0.004087309297778765,0.0011435611975170563
0.2660000000000002,0.198880239616092,0.12423627055722564,-1.4983429255434729e-05,-9.159956141751856e-08,-0.001279545182330443,7.320546469755044e-08,-0.00041553827402313607,0.12361958031126556,-2.7588199342403252e-05,0.0,0.0,0.9999999999999998,-9.599442366341429e-12,-1.911218513074095e-10,-1.7246289647217452e-12,-0.11782416631245954,-0.02681925490689753,-0.08230041295139029,0.07088205379153616,-0.00391216193180654,-0.003983114529165501,-0.005837563762198666,-0.0016078663933920857
0.2670000000000002,0.19888023933852045,0.12423520330274922,-1.4983280614278305e-05,-2.7757155353492654e-07,-0.0010672544764250883,1.486411564243981e-07,-0.00018597199211740797,0.21229070590535476,7.543569172684766e-05,0.0,0.0,0.9999999999999998,2.300636691434147e-11,-5.894579876368261e-11,-2.873914289810741e-13,-0.1199881405069956,-0.027450403263661223,-0.08142118831947623,0.07246052895131593,-0.00034707111276509865,-0.0005329784165209484,-0.0005147319578686799,-0.0001399349682643136
0.2680000000000002,0.1988802395913609,0.12423441840054607,-1.498331039137823e-05,2.528404442729687e-07,-0.000784902203150682,-2.9777099924785722e-08,0.0005304119978078952,0.28235227327440626,-0.00017841825634918384,0.0,0.0,0.9999999999999998,9.044427693876424e-12,-2.9498106229822917e-10,-3.5499291957345478e-12,-0.12091153221538391,-0.028492333287931895,-0.08130006869350252,0.074006760598292,0.003620874063427154,0.00407880082400143,0.00560370272883858,0.0015384505110368997
0.2690000000000002,0.1988802394409678,0.12423395808945976,-1.498322636206899e-05,-1.5039309703233627e-07,-0.00046031108629836703,8.402930923941043e-08,-0.000403233541305305,0.324591116852315,0.00011380640916419615,0.0,0.0,0.9999999999999998,-2.6745768975511216e-11,-1.8226750687028236e-10,2.0856232846992646e-12,-0.12037272130045408,-0.02869781567958516,-0.08146122907131166,0.07482867628502558,-0.0034023772271063535,-0.003414156053547967,-0.00500118839805663,-0.001405347709040506
0.2700000000000002,0.19888023916592848,0.12423383925257778,-1.498310350424008e-05,-2.750393124789573e-07,-0.00011883688198889866,1.2285782891123006e-07,-0.00012464621544662106,0.34147420430946834,3.882851967181963e-05,0.0,0.0,0.9999999999999998,-9.499548456726998e-11,-2.6789125250070805e-10,-2.0012323699868508e-11,-0.12205060208700705,-0.028455417603118788,-0.08078909185899281,0.07487983938600766,-0.0006218378742415455,-0.0006610357519572491,-0.0008293310612388747,-0.0002974313205229074
0.2710000000000002,0.198880239017633,0.12423405204376937,-1.4983097536650257e-05,-1.482954863757964e-07,0.00021279119159155034,5.967589821465234e-09,0.00012674382610316094,0.331628073580449,-0.00011689023908976482,0.0,0.0,0.9999999999999998,2.439873794927061e-10,-3.2540539214899564e-10,5.2963462602970314e-11,-0.12186305438375453,-0.028492123966923237,-0.08087652164037282,0.07456899575480525,0.001607970247338683,0.0018348371845581539,0.0025063328825014747,0.0007956234577126617
0.2720000000000002,0.19888023896187582,0.1242345608674156,-1.4983046024080125e-05,-5.575717064792502e-08,0.0005088236462242388,5.151257013162392e-08,9.253831572787138e-05,0.29603245463268846,4.554498031015869e-05,0.0,0.0,0.9999999999999998,-5.918468136453805e-10,3.7767515175164427e-10,-2.1576065837725275e-10,-0.11981121841935284,-0.028679670120129404,-0.08190846960574764,0.07430618166800448,0.00016458293551620707,0.00012969973988268983,0.00015789633759320166,-4.1158622030655026e-05
0.2730000000000002,0.19888023879938238,0.124235310614831,-1.498299433994266e-05,-1.6249344022938976e-07,0.0007497474153815031,5.168413746433175e-08,-0.00010673626958146475,0.24092376915726435,1.7156733270783235e-07,0.0,0.0,0.9999999999999998,1.8918017331185627e-11,-4.442933608231061e-11,2.5173060594855713e-12,-0.11904465145997938,-0.02813788895048875,-0.08198990095039388,0.07329739368346694,-0.0010623743227795416,-0.0013528555370359828,-0.00183621988053482,-0.00046238998558555794
0.2740000000000002,0.1988802386118986,0.12423623047761208,-1.4982947050561528e-05,-1.8748377717620072e-07,0.0009198627810800506,4.728938113208513e-08,-2.4990336946810957e-05,0.1701153656985475,-4.394756332246618e-06,0.0,0.0,0.9999999999999998,1.7658076534697423e-09,4.2295701178122235e-09,3.677877089322612e-11,-0.11942679994992053,-0.027030314741225723,-0.08159262524389856,0.07154300553937523,0.0009133525792368189,0.0009882945485284733,0.001522611792418865,0.00035824824076253114
0.2750000000000002,0.1988802391677026,0.12423724198605304,-1.4982885802294958e-05,5.558039902668789e-07,0.001011508440966995,6.124826657046245e-08,0.0007432877674430797,0.09164565988694447,1.3958885438377321e-05,0.0,0.0,0.9999999999999998,-4.353387402928955e-09,2.309051499232442e-09,-1.0266369078086474e-09,-0.11673945338650712,-0.026796677769343,-0.08323720991405088,0.06999455057259527,0.0032647464152652343,0.003151369587858073,0.004646178200358702,0.0013043472722638982
0.2760000000000002,0.19888023890091316,0.12423826344886608,-1.4983053172748496e-05,-2.6678943584165364e-07,0.0010214628130481014,-1.6737045353665527e-07,-0.0008225934261085325,0.00995437208110633,-0.00022861872010711772,0.0,0.0,0.9999999999999998,6.441000990777628e-11,-1.9681021889237552e-10,1.6566344942012746e-11,-0.1161066413894043,-0.025263181570385835,-0.08248887325261912,0.06847313138328667,-0.0050217899520421695,-0.005148139665995879,-0.007555621758572252,-0.0020210830632294364
0.2770000000000002,0.19888023887258047,0.12423921807760459,-1.4983100794963456e-05,-2.8332696403027814e-08,0.0009546287385008297,-4.762221496000338e-08,0.0002384567394386258,-0.06683407454727167,0.00011974823857665189,0.0,0.0,0.9999999999999998,-1.0408970657635355e-11,-1.434508464118885e-10,-1.0932914874159038e-12,-0.11659930696601395,-0.024316650161180533,-0.08181593817156897,0.06664004535994977,0.0017697469678219246,0.0017803905131346528,0.0027267945069993243,0.0006663044074226431
0.2780000000000002,0.19888023872307306,0.12424003832572249,-1.4983106758798569e-05,-1.4950740467953012e-07,0.0008202481178932482,-5.963835113574099e-09,-0.00012117470827650231,-0.13438062060758152,4.165837984642929e-05,0.0,0.0,0.9999999999999998,-1.9111189368161812e-11,-8.224144811718767e-11,-3.882953939796385e-12,-0.11581378338884475,-0.023410723636258537,-0.08058840950075953,0.06524199179930935,-0.0005877788070896816,-0.0002818457617373487,-0.0006838516406666323,-0.00011925592141231672
0.2790000000000002,0.19888023868914925,0.12424067056918034,-1.4983080458839619e-05,-3.3923799591290584e-08,0.0006322434578506432,2.6299958950482604e-08,0.00011558360508823953,-0.18800466004260497,3.226379406405671e-05,0.0,0.0,0.9999999999999998,-1.4643772159006028e-10,-6.225990542978917e-11,-6.964997854341886e-11,-0.11486734721732252,-0.02284556929436949,-0.08002876439532187,0.06415050121619428,0.0007565567288771636,0.0009853390264830681,0.0013324892225852244,0.00033715073990800296
0.2800000000000002,0.19888023860354118,0.12424107878487772,-1.4983100225201806e-05,-8.560806616291712e-08,0.00040821569738807325,-1.976636218725135e-08,-5.168426657162654e-05,-0.22402776046257,-4.6066321137733955e-05,0.0,0.0,0.9999999999999998,7.346736308220297e-12,-1.7748370188546006e-10,-1.7713423761809445e-12,-0.11243974237716914,-0.022799201891606544,-0.08051983079849295,0.06366862429133814,-0.0003991445037579873,-0.0005615151231006805,-0.00074730925841604,-0.00018321643664328933
0.2810000000000002,0.19888023852302636,0.12424124436862079,-1.4983027731214127e-05,-8.051481726019034e-08,0.00016558374305793486,7.249398767867728e-08,5.093248902726784e-06,-0.2426319543301384,9.226034986592863e-05,0.0,0.0,0.9999999999999998,3.998701466607622e-11,-1.8819267242572718e-10,-4.6437425369031104e-11,-0.11241747201586341,-0.022471420821747308,-0.07982063717335729,0.0630771547823141,-0.0009971027325122329,-0.001387434322311217,-0.001891736761257449,-0.0005449351725274781
0.2820000000000002,0.1988802385970366,0.12424116893369862,-1.4982868491166074e-05,7.401022884597104e-08,-7.543492216736968e-05,1.5924004805221164e-07,0.00015452504610616137,-0.24101866522530455,8.674606037353436e-05,0.0,0.0,0.9999999999999998,-4.618725173032644e-09,1.972209615981426e-11,-1.1055823063959877e-09,-0.1137584622739747,-0.02229171666535976,-0.07952911226609005,0.06299422247095937,0.0016090854447350978,0.0018023609660114104,0.002518350212066182,0.0007109864420664733
0.2830000000000002,0.1988802385842835,0.12424087146328582,-1.4982885166935651e-05,-1.275311399515058e-08,-0.0002974704128050987,-1.6675769577387922e-08,-8.676334284112162e-05,-0.22203549063772898,-0.00017591581762959956,0.0,0.0,0.9999999999999998,-6.490465138941803e-12,-9.736547758849635e-12,-9.136986315189882e-12,-0.11279101854428128,-0.022831888469834014,-0.08049426798085753,0.06366848886767913,-0.0009210536370434668,-0.0011024833291388434,-0.0015666992861136833,-0.0004138237828193484
0.2840000000000002,0.19888023876868663,0.1242403862367114,-1.498281622400332e-05,1.8440312004820578e-07,-0.00048522657441869,6.894293233114725e-08,0.00019715623404335634,-0.1877561616135913,8.561870190853518e-05,0.0,0.0,0.9999999999999998,7.958110286584782e-12,-1.2399454647757198e-10,2.208432451756577e-12,-0.11446076072724397,-0.02280941765762069,-0.08011157918680525,0.06428118975072061,0.0011621125092114472,0.0014311232007104473,0.0019687204663491466,0.0005094789970423376
0.2850000000000002,0.19888023884261277,0.12423975995949099,-1.4982735434116095e-05,7.392613120440208e-08,-0.0006262772204042834,8.078988722472804e-08,-0.0001104769888438037,-0.14105064598559344,1.1846954893580788e-05,0.0,0.0,0.9999999999999998,8.948125351118169e-11,-2.0591040099895497e-10,3.0558027067213505e-11,-0.11421164098661067,-0.023820914840432104,-0.08157373666813868,0.06529305055643023,-0.0008147648947027769,-0.001036924413340847,-0.0013850138829629131,-0.0003651091335418663
0.2860000000000002,0.19888023895507032,0.12423904764088789,-1.4982802239689227e-05,1.1245754275066207e-07,-0.0007123186031062898,-6.680557313129949e-08,3.853141154625999e-05,-0.0860413827020064,-0.00014759546035602754,0.0,0.0,0.9999999999999998,-1.1840942959965203e-11,-1.624804890949213e-10,-1.0575679820889514e-11,-0.11663552464039599,-0.024055525967857018,-0.08123830428737899,0.06624559071420295,0.0010493444780003388,0.0012077662807231185,0.0016366801897305223,0.0005956855079244906
0.2870000000000002,0.19888023897322266,0.12423830701496512,-1.4982818315280758e-05,1.815233079804697e-08,-0.0007406259227726226,-1.6075591530853987e-08,-9.43052119526151e-05,-0.028307319666332778,5.07299816004455e-05,0.0,0.0,0.9999999999999998,-2.2924312325987922e-11,-1.226402199274077e-10,8.767366607823142e-13,-0.11556780834901062,-0.025091559260924913,-0.08277722583548623,0.06765128128980459,-0.001219597639539323,-0.0014145380457508644,-0.0019097794860872949,-0.000586023208616493
0.2880000000000002,0.19888023881486197,0.12423759525214748,-1.498282252515729e-05,-1.5836068270255068e-07,-0.0007117628176497134,-4.209876532471182e-09,-0.00017651301350059764,0.02886310512290925,1.1865714998382806e-05,0.0,0.0,0.9999999999999998,1.5562086330114158e-11,-6.60305834330314e-11,2.227010524911647e-12,-0.1177784112400851,-0.025302231585443924,-0.08182395792976926,0.06858232094407936,-0.0008942046533758093,-0.0006379769902311851,-0.0011028893036946121,-0.0003381945013533023
0.2890000000000002,0.19888023888517956,0.12423696425904948,-1.4982801495470275e-05,7.031759406954676e-08,-0.0006309930980001135,2.1029687014489084e-08,0.00022867827677209744,0.08076971964959985,2.5239563546960267e-05,0.0,0.0,0.9999999999999998,-5.286511473687049e-11,-2.2860232275471163e-10,-7.278505554163339e-12,-0.11816929658208124,-0.02607503844159468,-0.0819607693788197,0.06962253129323255,0.0016485916552411838,0.0017667743036986403,0.0025918846196206287,0.000670848688341615
0.2900000000000002,0.19888023865779525,0.12423645655831989,-1.4982798339548117e-05,-2.2738430606702875e-07,-0.0005077007295913829,3.155922157894562e-09,-0.0002977019001365755,0.1232923684087306,-1.7873764856594523e-05,0.0,0.0,0.9999999999999998,-3.957134508013304e-11,-1.4975999989853717e-13,2.8018075771745447e-11,-0.11719759829912728,-0.026884517456813667,-0.08267591388396864,0.07078695124545695,-0.0021306651312198222,-0.0024065815060248567,-0.0033239445755264075,-0.0008766366986782646
0.2910000000000002,0.19888023900531088,0.12423610427042257,-1.4982821577059673e-05,3.4751562031070553e-07,-0.00035228789731456684,-2.323751155642309e-08,0.0005748999263777343,0.15541283227681604,-2.639343371431765e-05,0.0,0.0,0.9999999999999998,-4.8113295924877685e-11,-3.5652339351232565e-10,-1.543495410298745e-11,-0.11919951597477849,-0.027057049832313197,-0.08206499777699729,0.07099545566991491,0.004064791295279985,0.004405957910114258,0.006170005713525637,0.0016535626899072805
0.2920000000000002,0.19888023878677413,0.12423592484998969,-1.4982817910450792e-05,-2.185367454152784e-07,-0.00017942043288892155,3.6666088819566064e-09,-0.0005660523657259839,0.1728674644256453,2.6904120438379693e-05,0.0,0.0,0.9999999999999998,-1.2008661316363399e-11,-1.6122419185653393e-10,-4.215503834952943e-12,-0.1180642448580389,-0.027298814858030773,-0.08224658239610617,0.0719004879090992,-0.004490738034323599,-0.004476731799400524,-0.006597722799829225,-0.0018149516048048256
0.2930000000000002,0.19888023846793595,0.12423592148526004,-1.4982837568083544e-05,-3.188381745925656e-07,-3.3647296508824935e-06,-1.9657632751790387e-08,-0.00010030142917728722,0.17605570323803907,-2.3324241633746993e-05,0.0,0.0,0.9999999999999998,7.188528332404737e-11,5.764692353664438e-12,9.019226226853171e-11,-0.11959334495214198,-0.027052564644889362,-0.08146751234646468,0.07189468369541417,0.0009121650414808658,0.0007966004666394735,0.001280179879717072,0.000383604398427512
0.2940000000000002,0.1988802387098278,0.1242360847730188,-1.4982795272349161e-05,2.4189183847331757e-07,0.00016328775876079687,4.229573438278313e-08,0.0005607300130658832,0.16665248841167937,6.195336713457352e-05,0.0,0.0,0.9999999999999998,-1.1381319487264023e-09,-3.3365223219969513e-09,5.509958979900617e-11,-0.11927071749694416,-0.027261300540409476,-0.08170545083778724,0.07116649860356049,0.002370276184651168,0.0026531847904195343,0.0037554992029076527,0.00108805328122446
0.2950000000000002,0.19888023833529328,0.12423639348888499,-1.4982811531308645e-05,-3.7453451810153996e-07,0.00030871586618400233,-1.6258959483109662e-08,-0.0006164263565748575,0.14542810742320547,-5.855469386589279e-05,0.0,0.0,0.9999999999999998,-1.6846383991594485e-10,-5.266711241994732e-10,-2.7720199845196837e-11,-0.1176048774142501,-0.027018555903864306,-0.08246803866849046,0.07140079192610563,-0.0030877396486474196,-0.0031450284173722073,-0.004672752452919999,-0.0012775162218920386
0.2960000000000002,0.1988802383582927,0.12423681570551681,-1.4982841021148338e-05,2.2999395563235164e-08,0.00042221663182375526,-2.9489839693313087e-08,0.0003975339136647751,0.11350076563975292,-1.3230880210203424e-05,0.0,0.0,0.9999999999999998,-2.2867377370108837e-12,-2.608859862911508e-10,-4.735030777968901e-13,-0.11866430094378694,-0.026371942014129252,-0.08191018710762546,0.07024587552076868,0.0017004993049012649,0.0017235278697605876,0.0025925277964050286,0.0006738177129316316
0.2970000000000002,0.19888023793493795,0.12423731349619702,-1.4982800011993609e-05,-4.2335474511866963e-07,0.0004977906801992308,4.100915472995697e-08,-0.00044635414068190475,0.07557404837547557,7.049899442327006e-05,0.0,0.0,0.9999999999999998,1.921354877940879e-10,-1.9532046227105783e-10,3.897272214333283e-11,-0.11668852764855743,-0.026341314699853614,-0.08270636117235877,0.0698024070909032,-0.002803642087580794,-0.003001952216671636,-0.004238413975924089,-0.0011826312995176147
0.2980000000000002,0.1988802377666206,0.12423784479598109,-1.4982768825168251e-05,-1.683173589249651e-07,0.0005312997840638386,3.118682535740051e-08,0.00025503738619370457,0.033509103864607814,-9.82232937255646e-06,0.0,0.0,0.9999999999999998,9.633397727430018e-12,-7.712151057693276e-11,1.0673841250285543e-11,-0.11768450776622857,-0.025543693286110048,-0.08202503086574996,0.06876755943780788,0.0019527830115230538,0.0021492638973987285,0.0030464961184557063,0.0008142726425770454
0.2990000000000002,0.1988802378998942,0.12423836868064013,-1.4982799995102516e-05,1.332736120361944e-07,0.000523884659041904,-3.11699342645496e-08,0.0003015909709611595,-0.007415125021934628,-6.235675962195011e-05,0.0,0.0,0.9999999999999998,-6.543563218618186e-11,-3.137544190071524e-10,7.070194569442329e-12,-0.11556997464320092,-0.025394404798039956,-0.0826701382486027,0.06798467887293001,0.0013746255770789447,0.0013500378319680991,0.0018338795736831696,0.0005353140114285138
0.3000000000000002,0.19888023789932924,0.12423884521146468,-1.498281075469627e-05,-5.64953723136211e-10,0.000476530824545647,-1.0759593753007575e-08,-0.00013383856575933063,-0.04735383449625701,2.041034051154202e-05,0.0,0.0,0.9999999999999998,1.4979129543203622e-11,-9.704261875538257e-11,-5.378614159664567e-12,-0.11571838187388121,-0.025095431991641128,-0.08287242094442901,0.06712931124663901,-0.0005054164399998659,-0.0008027494426462375,-0.0009838556613367517,-0.0002553084854393104
0.3010000000000002,0.19888023786959863,0.12423924225993778,-1.4982737748711292e-05,-2.9730608401125327e-08,0.00039704847309962767,7.300598497929601e-08,-2.9165654677989117e-05,-0.07948235144601934,8.376557873230358e-05,0.0,0.0,0.9999999999999998,1.421068009528705e-11,-1.6973191952600148e-10,-1.498267301296374e-11,-0.1158425564147974,-0.02448974236763452,-0.08219971898725843,0.06649051642987597,3.473108005772573e-05,0.0004293863503439157,0.0006525220188347433,5.381976030642161e-05
0.3020000000000002,0.19888023777468608,0.12423953443426021,-1.4982607219205227e-05,-9.491256103671202e-08,0.0002921743224316265,1.3052950606376448e-07,-6.518195263558669e-05,-0.10487415066800115,5.752352108446847e-05,0.0,0.0,0.9999999999999998,-3.407643487230806e-10,-3.091290474186689e-11,-1.345942140592502e-10,-0.1146957302856258,-0.02421485861566596,-0.08196514705751404,0.06610766613634803,-0.0008225515721191229,-0.0011071474647454558,-0.0013268422864206625,-0.0004466085584013194
0.3030000000000002,0.19888023806258237,0.1242397059351016,-1.4982566718785023e-05,2.878962919536655e-07,0.0001715008413902728,4.0500420202967034e-08,0.00038280885299037755,-0.12067348104135371,-9.002908586079745e-05,0.0,0.0,0.9999999999999998,-5.6113272441204014e-11,-3.384554032859644e-10,-1.3232777146646414e-11,-0.11606182501114681,-0.023750585214459618,-0.08091351196870028,0.06550652760944253,0.0029564741903818454,0.0031860570600491162,0.004457485988035225,0.0012748420969537636
0.3040000000000002,0.19888023754948247,0.12423975043720623,-1.498244744057758e-05,-5.13099886918032e-07,4.450210462897038e-05,1.1927820744412839e-07,-0.0008009961788716975,-0.12699873676130244,7.877778724116136e-05,0.0,0.0,0.9999999999999998,-4.327455470160489e-11,6.419536095753726e-11,-1.2677574007125715e-11,-0.1145639258291373,-0.023775851076887386,-0.08132372670571064,0.06569436419969543,-0.005516832771313122,-0.00581588545541782,-0.008276091997108796,-0.0022723250577639294
0.3050000000000002,0.19888023767035887,0.12423967121034873,-1.4982369894119869e-05,1.2087638273879155e-07,-7.922685749043839e-05,7.75464577118608e-08,0.0006339762696568235,-0.12372896211940876,-4.1731749732267585e-05,0.0,0.0,0.9999999999999998,-4.447173235133142e-11,-6.115362542366925e-11,-2.470510525064714e-11,-0.1158618875809739,-0.023770390948700905,-0.08100354737726394,0.06544669961981982,0.003837403906746883,0.004302650427082298,0.005971828043916356,0.0015154616296656253
0.3060000000000002,0.19888023785501724,0.12423948281068396,-1.4982427693239651e-05,1.8465836121905082e-07,-0.00018839966477470364,-5.779911978219236e-08,6.378197848025926e-05,-0.10917280728426525,-0.00013534557749405313,0.0,0.0,0.9999999999999998,7.452506949791006e-12,-2.331381514920357e-10,-2.1276202318825243e-12,-0.11451917592835698,-0.024334608891913613,-0.08204660202565137,0.06592136513823997,0.0010255124423538893,0.0007978921426982155,0.001187496003504311,0.0005249440087458946
0.3070000000000002,0.198880237976978,0.12423920378389158,-1.4982386391437256e-05,1.2196078638275373e-07,-0.0002790267923832687,4.130180239549916e-08,-6.269757483629708e-05,-0.09062712760856505,9.910092217769152e-05,0.0,0.0,0.9999999999999998,-8.848410540850294e-12,-2.1946971612412415e-10,-3.4006518179270043e-12,-0.1148355002261366,-0.024456547171718093,-0.08212848478368344,0.06642341016978154,-0.000978754011000106,-0.0012967516472114121,-0.0016465986971419353,-0.0005474263699098362
0.3080000000000002,0.19888023764898066,0.12423886055026902,-1.4982437692464915e-05,-3.2799736120398584e-07,-0.00034323362256439606,-5.1301027658104766e-08,-0.00044995814758673957,-0.06420683018112737,-9.260283005360393e-05,0.0,0.0,0.9999999999999998,2.6228189972089966e-12,-1.2656395256320746e-10,2.7569901532398306e-12,-0.11678430631513012,-0.02447790178547008,-0.08229582433109163,0.06691680072114133,-0.001486383316384175,-0.0011431793422315114,-0.0014438893573683223,-0.0004303655229036184
0.3090000000000002,0.19888023742177163,0.1242384824653493,-1.4982521262861186e-05,-2.2720903290132023e-07,-0.00037808491971738075,-8.357039627161853e-08,0.00010078832830266561,-0.0348512971529847,-3.226936861351376e-05,0.0,0.0,0.9999999999999998,-2.9393812792380334e-11,-6.376485444960705e-12,3.518389643412768e-11,-0.11703113577604154,-0.02454437565260306,-0.08171530222587087,0.06725930761238418,0.001070284762927863,0.0013802447157903986,0.0017976625860029352,0.0005123098944935186
0.3100000000000002,0.19888023735229357,0.12423809971971696,-1.4982466843687743e-05,-6.947805140473343e-08,-0.00038274563234433177,5.441917344294597e-08,0.0001577309814965868,-0.00466071262695102,0.0001379895697145645,0.0,0.0,0.9999999999999998,-6.616311376141318e-10,-1.0166988989645993e-09,-2.0981613137889295e-10,-0.1157161088439586,-0.025592424278260667,-0.08295205166227196,0.06809579631100922,0.00039719352028649743,0.00023854925134024412,0.0004748536348806601,3.5906388047843217e-06
0.3110000000000002,0.19888023710457525,0.12423774120655263,-1.4982533661223422e-05,-2.477183186591869e-07,-0.0003585131643170524,-6.681753567912013e-08,-0.00017824026725445346,0.024232468027279373,-0.0001212367091220661,0.0,0.0,0.9999999999999998,-2.4076163664536267e-11,-6.366498779687536e-11,-3.9686525163946845e-12,-0.11607888203148295,-0.025749034820064173,-0.08277875138996152,0.06870490383420234,-0.0018576374512820455,-0.0022313487704294812,-0.002986863813735046,-0.0008978722104344717
0.3120000000000002,0.19888023707767225,0.12423743256951827,-1.498261274859106e-05,-2.6902996017904458e-08,-0.00030863703435435726,-7.908736763841934e-08,0.00022081532264128247,0.049876129962695144,-1.226983195929921e-05,0.0,0.0,0.9999999999999998,7.232839634661242e-11,-4.5893029404915863e-10,-8.127547233642127e-11,-0.11782831876558418,-0.02571796305670144,-0.08198246906299043,0.06894497911473128,0.0028652735920771956,0.0031442561000599666,0.004278223314848247,0.001310735585100105
0.3130000000000002,0.19888023697711343,0.12423719444581309,-1.4982715766172198e-05,-1.0055880883787457e-07,-0.00023812370518763382,-1.0301758113709255e-07,-7.365581281997012e-05,0.07051332916672344,-2.393021349867321e-05,0.0,0.0,0.9999999999999998,1.917011570071402e-12,-9.192197711381156e-11,-3.70867861829939e-12,-0.11661972446099253,-0.026342328772177053,-0.08287966011829748,0.06961028338698044,-0.0017108467604254815,-0.0018111331259667422,-0.0025665408268068777,-0.0007875866690750308
0.3140000000000002,0.19888023688853185,0.12423704072146877,-1.4982658678387752e-05,-8.858157634573659e-08,-0.0001537243443298474,5.708778444651718e-08,1.1977232492137984e-05,0.08439936085778642,0.00016010536558360973,0.0,0.0,0.9999999999999998,1.1092299282214132e-10,-4.5902172761178775e-10,-2.3170955301515438e-10,-0.11831248786760609,-0.025945813219370648,-0.0817412753507425,0.06973360564048323,0.0005159015849272332,0.000580123822165866,0.0008887036500936074,0.00021868843612377197
0.3150000000000002,0.1988802368470272,0.12423697749132072,-1.4982627065727241e-05,-4.1504663238919204e-08,-6.323014805403195e-05,3.161266051142825e-08,4.7076913106817386e-05,0.09049419627581544,-2.5475123935088936e-05,0.0,0.0,0.9999999999999998,1.2434213147256917e-12,-1.6934509843107085e-10,-7.126462165408184e-13,-0.11697011840159334,-0.02662029898413168,-0.08303229247174712,0.0699680331275847,0.0006329912284893195,0.0006689647143411424,0.0009857098733076501,0.00024367154349889638
0.3160000000000002,0.19888023666631344,0.12423700522691483,-1.498256665040642e-05,-1.8071375579903995e-07,2.7735594108659856e-05,6.041532082103363e-08,-0.00013920909256012073,0.0909657421626918,2.880266030960538e-05,0.0,0.0,0.9999999999999998,-8.898562661532107e-11,-8.883632521047114e-12,-6.754382353050327e-12,-0.11677937786924918,-0.026559586509945346,-0.08289708488937866,0.07033024871823422,-0.000864543759188319,-0.0011859834270913571,-0.00149283429033034,-0.00032887919895530104
0.3170000000000002,0.19888023657232426,0.12423711609342633,-1.4982568078988152e-05,-9.398917634614131e-08,0.00011086651150540077,-1.4285817318950277e-09,8.672457945289865e-05,0.08313091739674092,-6.184390255292865e-05,0.0,0.0,0.9999999999999998,1.2943134269193044e-11,-1.3646407903772525e-10,-2.977696144043905e-12,-0.11830858147317612,-0.02593918775106298,-0.08174777900011325,0.06964126120035743,0.0008350117577415619,0.0011474457661728524,0.0014564757443793585,0.0003728775091301245
0.3180000000000002,0.19888023667855376,0.12423729760798886,-1.4982570086994657e-05,1.0622950551784445e-07,0.00018151456252818432,-2.0080065053697928e-09,0.00020021868186398577,0.07064805102278356,-5.794247734747651e-07,0.0,0.0,0.9999999999999998,8.97916057751794e-11,-1.1135313520968269e-10,-5.043148614737558e-12,-0.11638372392801342,-0.026519067090609267,-0.08310229699016929,0.06971931843530671,0.0012640163799439725,0.0010756103096571555,0.0016466407774208599,0.0005215959163344748
0.31900000000000023,0.1988802363655926,0.12423753070194433,-1.4982507419198312e-05,-3.129611470268398e-07,0.00023309395547576185,6.266779634484304e-08,-0.0004191906525446843,0.051579392947577525,6.467580285021282e-05,0.0,0.0,0.9999999999999998,-2.812881024484012e-10,-2.1744453116423068e-09,-3.883664264791041e-10,-0.11644993643374175,-0.026222871223399766,-0.08304825520029889,0.06928296479770005,-0.0033327783201839017,-0.0037040257879721035,-0.005106718438886863,-0.0014555815615869055
0.32000000000000023,0.19888023625530973,0.12423779836364524,-1.4982418926476359e-05,-1.1028286709674853e-07,0.0002676617009010604,8.849272195285967e-08,0.0002026782799300913,0.03456774542529852,2.5824925608016634e-05,0.0,0.0,0.9999999999999998,-6.273834181337616e-11,2.7153725627825273e-11,-6.730090801130006e-12,-0.11764842917201505,-0.025121111572758852,-0.08137513254010688,0.06878346176808571,0.0019273020579171497,0.0020700139253451055,0.0029670383373689535,0.0008132364931848898
0.32100000000000023,0.1988802362228375,0.12423807596820538,-1.4982576878707147e-05,-3.2472254894604464e-08,0.0002776045601426172,-1.5795223078759744e-07,7.781061220214407e-05,0.009942859241556846,-0.0002464449527404571,0.0,0.0,0.9999999999999998,3.826572680661453e-13,-3.0198544196617894e-11,-2.273833514742919e-12,-0.116508582980286,-0.025313696245445657,-0.08213773001012402,0.06820104529626919,-6.832280491931569e-06,-5.230589237942371e-05,-0.0002874945841660152,5.665963643073947e-05
0.32200000000000023,0.19888023648798603,0.12423834198608333,-1.4982585633559374e-05,2.6514854430024817e-07,0.000266017877941374,-8.754852226400054e-09,0.00029762079919485267,-0.011586682201243204,0.0001491973785611974,0.0,0.0,0.9999999999999998,-1.5523349763334567e-11,-2.387634113273848e-10,5.9042054592284685e-12,-0.11719642295118829,-0.024932946974983033,-0.0818464863276938,0.06772939424642695,0.0023431901013983634,0.002518417071712145,0.0035644148066418147,0.0010090134357284785
0.32300000000000023,0.19888023617616898,0.12423857791666607,-1.4982565121486843e-05,-3.1181705051443555e-07,0.0002359305827379228,2.0512072532059026e-08,-0.0005769655948146838,-0.030087295203451214,2.926692475845908e-05,0.0,0.0,0.9999999999999998,-1.7034834995428884e-10,-4.131700721886441e-10,-2.688744202562796e-09,-0.11555919904704955,-0.025040817034337123,-0.08255109748266193,0.06761242323713987,-0.0040703527174246945,-0.004181294176540977,-0.006079981664464837,-0.001669258126702433
0.32400000000000023,0.19888023624059328,0.1242387675441895,-1.4982511602761702e-05,6.442430810402244e-08,0.00018962752343544748,5.351872514008618e-08,0.000376241358618458,-0.046303059302475316,3.300665260802715e-05,0.0,0.0,0.9999999999999998,4.077643552002262e-12,-1.7370115914061353e-10,-1.204933363168838e-11,-0.11689407653278569,-0.02447079138155294,-0.08179205655233944,0.06704333483046422,0.002429655502501127,0.002367122617829341,0.0036441923259806046,0.0009561770021531508
0.32500000000000023,0.19888023615523376,0.12423889951342819,-1.4982478679371323e-05,-8.535953345275205e-08,0.00013196923869645026,3.292339038038576e-08,-0.00014978384155677447,-0.05765828473899723,-2.0595334759700417e-05,0.0,0.0,0.9999999999999998,8.367307553705592e-12,-1.0382056956080411e-10,9.14842318419395e-13,-0.1151368007355559,-0.024930883338609346,-0.08257113287989779,0.06702372073229876,-0.0012700230080557229,-0.0013934169585640575,-0.0019594983215528846,-0.0005490492151822186
0.32600000000000023,0.1988802360193855,0.12423896680395852,-1.4982449951499582e-05,-1.3584824064453157e-07,6.729053033511442e-05,2.872787174141967e-08,-5.048870719177953e-05,-0.06467870836133584,-4.195518638966092e-06,0.0,0.0,0.9999999999999998,-2.9007496370683044e-13,-4.59048421558253e-11,-3.884054973560692e-12,-0.11679250561455522,-0.02412194276572014,-0.08124948441349682,0.06660850252765381,-7.006918140582149e-05,0.00012061834831765829,4.618870207522089e-05,-9.498421161785459e-06
0.32700000000000023,0.19888023593058898,0.12423896856608481,-1.4982482935980123e-05,-8.879653059417396e-08,1.7621262944448534e-06,-3.298448054010299e-08,4.7051710050357616e-05,-0.06552840404066958,-6.171235228152266e-05,0.0,0.0,0.9999999999999998,2.7618556194529546e-09,5.640041670818084e-09,-9.926429746426064e-10,-0.11665832998831908,-0.024147716732945454,-0.08133788886125358,0.06662492610637424,0.0007103949742796887,0.0010137250151934511,0.0012407391697124128,0.00041151142730803887
0.32800000000000024,0.19888023592740567,0.1242389077653493,-1.4982457943436125e-05,-3.1833097881348925e-09,-6.080073551199765e-05,2.4992543997106464e-08,8.561322080603907e-05,-0.0625628618064425,5.7977024537209454e-05,0.0,0.0,0.9999999999999998,3.518791152727978e-12,-1.6625030319339586e-10,3.484107504693382e-12,-0.1150196745641488,-0.02493464855483196,-0.08264083994410817,0.0670033451703459,0.00043369040289211494,0.00030043659829122945,0.00044823376181469117,0.00015987447641846263
0.32900000000000024,0.19888023582736297,0.12423879290434237,-1.4982422323493959e-05,-1.000427002958557e-07,-0.00011486100693393652,3.5619942165852153e-08,-9.685939050772082e-05,-0.05406027142193887,1.0627398168745689e-05,0.0,0.0,0.9999999999999998,-3.667167680905523e-11,-4.2917894198095994e-10,1.4146229370657478e-10,-0.11521654228497122,-0.0249492575565437,-0.08266771551405935,0.06713589904177056,-0.001178714284205315,-0.0016380786490232642,-0.0019987953375533106,-0.00056515777323047
0.33000000000000024,0.19888023591338047,0.12423863560795403,-1.4982345031714765e-05,8.60174979213426e-08,-0.00015729638833071046,7.729177919316373e-08,0.0001860601982171983,-0.04243538139677394,4.167183702731157e-05,0.0,0.0,0.9999999999999998,3.266200666979858e-09,4.209997701950763e-09,-8.96011850076687e-11,-0.11689845097251786,-0.024447536348789104,-0.0816457481935945,0.0669723513055089,0.002136025606934322,0.0023881086611324677,0.0032808729295706654,0.0009333538170238211
0.33100000000000024,0.19888023569269542,0.12423844997356127,-1.4982318464362687e-05,-2.2068506461606195e-07,-0.00018563439276143864,2.656735207854934e-08,-0.0003067025625374045,-0.028338004430728175,-5.0724427114614385e-05,0.0,0.0,0.9999999999999998,-1.2736771859507565e-10,6.664600945771164e-12,1.0370472170319196e-11,-0.11558343615802817,-0.025135550905363475,-0.08273669619169124,0.06793424431388344,-0.003216847634136847,-0.0033807018317519623,-0.004774244329777573,-0.001364984393487607
0.33200000000000024,0.19888023572481947,0.12423825099499745,-1.4982340232198799e-05,3.212405790937882e-08,-0.00019897856381590202,-2.1767836111601985e-08,0.0002528091225254408,-0.013344171054463385,-4.8335188190151326e-05,0.0,0.0,0.9999999999999998,3.246552434230132e-10,3.3989055136415625e-10,6.710978212371102e-11,-0.11724979560381553,-0.024876995972290896,-0.08181592053935209,0.06754619976191716,0.0026007216476959688,0.0027661350315070794,0.003866995682593105,0.001130876467766115
0.33300000000000024,0.1988802357096682,0.12423805504095002,-1.4982274445273141e-05,-1.5151282739381004e-08,-0.00019595404742955768,6.578692565674698e-08,-4.727534064875983e-05,0.0030245163863443464,8.755476176834896e-05,0.0,0.0,0.9999999999999998,2.4946645023035507e-11,-1.5545792064244672e-10,-8.51055440949541e-12,-0.1157360337580039,-0.02560694775482477,-0.08288984687290474,0.0683343197843968,-0.0009293267136339377,-0.0009917663466607854,-0.0014226899754097417,-0.0004249036337185269
0.33400000000000024,0.1988802356420898,0.12423787575054747,-1.4982231120008638e-05,-6.757841287853616e-08,-0.00017929040255300615,4.3325264502624875e-08,-5.242713013915516e-05,0.01666364487655153,-2.2461661154122106e-05,0.0,0.0,0.9999999999999998,1.741440371063081e-12,-1.7711297340761305e-10,-1.8022643960763133e-12,-0.11769145911907578,-0.02516465577814692,-0.08170921734050265,0.06833813992718701,0.0002058310473059328,0.0003259556616873804,0.00042425337485866394,0.00018260168752145324
0.33500000000000024,0.1988802358201649,0.12423772630131888,-1.4982251298144511e-05,1.7807510532744652e-07,-0.00014944922858433816,-2.0178135872877792e-08,0.00024565351820598266,0.02984117396866799,-6.350340037550267e-05,0.0,0.0,0.9999999999999998,-3.492683725598706e-12,-2.9325234368700034e-10,-1.1726344701174222e-12,-0.1160428791461616,-0.02602487619618587,-0.0832158923560882,0.0688009049221301,0.0013993554376182408,0.0013045643965158978,0.001951954584073674,0.0005071656260253143
0.33600000000000024,0.19888023564066953,0.12423761633499093,-1.4982235397486092e-05,-1.7949534973527262e-07,-0.00010996632794051747,1.5900658418969572e-08,-0.00035757045506271915,0.039482900643820686,3.6078794291847365e-05,0.0,0.0,0.9999999999999998,-2.6379039489419537e-13,-1.1453586989076869e-10,-4.579442105062732e-13,-0.1161770138297831,-0.025930456774214093,-0.08280135108333943,0.06908363235730391,-0.0028581025100387096,-0.003128186761681105,-0.004386846807548546,-0.001230942446681861
0.33700000000000024,0.19888023564973314,0.12423755054691417,-1.4982149735464979e-05,9.063616382716441e-09,-6.578807676139618e-05,8.56620211135959e-08,0.00018855896611798907,0.044178251179121296,6.976136269462634e-05,0.0,0.0,0.9999999999999998,-4.341645884915584e-11,-1.2655426403414576e-10,-1.7877840580574857e-11,-0.11799424165277941,-0.02550167183870214,-0.08179772879405234,0.068848288743386,0.0012820924949041531,0.0014195240081489584,0.0020887126933445536,0.000456005832847083
0.33800000000000024,0.19888023546701017,0.12423753363397538,-1.4982425565357568e-05,-1.8272297346454052e-07,-1.691293878273055e-05,-2.7582989258984397e-07,-0.00019178658984725697,0.04887513797866563,-0.00036149191370343987,0.0,0.0,0.9999999999999998,7.838258752096394e-12,-5.50230090379167e-11,-1.1083610746984963e-12,-0.11731691004197192,-0.02546312772881983,-0.082086456925761,0.06900537393470148,-0.0004892597590059894,-0.00033148328864374355,-0.00044800273611852147,0.00012715008633360975
0.33900000000000025,0.1988802353164106,0.12423756252634711,-1.4982576708752629e-05,-1.5059955921928923e-07,2.8892371732183488e-05,-1.5114339506131226e-07,3.212341424525129e-05,0.04580531051491403,0.0001246864975285317,0.0,0.0,0.9999999999999998,-1.7655025899943832e-10,-4.263450941739638e-11,-4.018695719578351e-11,-0.11799796426850577,-0.025371832747281532,-0.0818351075533601,0.0689633002645479,0.0004017564280752049,0.0005307091916741086,0.0008557056736695037,0.00018431046005184127
0.34000000000000025,0.19888023540466554,0.12423763244753946,-1.4982667370420192e-05,8.825493613822766e-08,6.992119235217051e-05,-9.066166756330274e-08,0.00023885449535751687,0.04102882061998702,6.0481727498009526e-05,0.0,0.0,0.9999999999999998,3.3823632706100345e-10,-3.326413936826006e-10,1.9751225549898423e-11,-0.11592682157958555,-0.026384824269660486,-0.08334215884021498,0.06906432265523947,0.0012817100499696085,0.0012514042283140758,0.0017580783713684945,0.0005019693958106837
0.34100000000000025,0.19888023529978413,0.12423773686800556,-1.4982614280257337e-05,-1.0488141731344616e-07,0.00010442046609404534,5.309016285574254e-08,-0.0001931363534516738,0.03449927374187483,0.00014375183041904528,0.0,0.0,0.9999999999999998,-4.492862866797396e-11,-9.36125907333669e-11,-3.9275889757640875e-12,-0.11615243520684333,-0.02566165328529922,-0.08261313491263664,0.06897254757780569,-0.0022750963591517664,-0.0027000545444094697,-0.0035306146440408316,-0.0010812886514467736
0.34200000000000025,0.19888023517619666,0.12423786564001665,-1.4982792911466826e-05,-1.23587479911275e-07,0.0001287720110899941,-1.7863120949004014e-07,-1.8706062597828834e-05,0.02435154499594877,-0.00023172137234578268,0.0,0.0,0.9999999999999998,1.4139855571233489e-11,-8.522687989495209e-11,-6.557820286759781e-13,-0.11778693792812975,-0.025373774890391082,-0.08182678399379358,0.06844058356158468,0.0018348194998564556,0.0022614379745399186,0.0026738968398040686,0.001005869258711379
0.34300000000000025,0.1988802350857383,0.12423800794053644,-1.4982620887818577e-05,-9.045835354487688e-08,0.00014230051978439268,1.7202364824969136e-07,3.3129126366398113e-05,0.013528508694398571,0.00035065485773973145,0.0,0.0,0.9999999999999998,2.6981937611362286e-11,-1.7225157390573828e-12,1.282233041626122e-11,-0.11612114154513681,-0.025774463428465868,-0.08294794582265838,0.06865905057497812,-0.0011640525891399337,-0.0016154132091518165,-0.0015645121152446449,-0.0006517958950917063
0.34400000000000025,0.19888023524486773,0.12423815077122388,-1.4982640565375936e-05,1.5912942014083403e-07,0.00014283068744498444,-1.967755735848972e-08,0.0002495877736857109,0.0005301676605917597,-0.00019170120560818107,0.0,0.0,0.9999999999999998,-1.9140702096489064e-11,-2.824314930421671e-10,-1.7529654248741671e-12,-0.1174700878034046,-0.02506809757791543,-0.08171636139613822,0.06771405106592766,0.002511889970097571,0.002982224789419585,0.003863724306228941,0.0010715070283937125
0.34500000000000025,0.19888023500005825,0.12423828550527817,-1.498257689342173e-05,-2.448094718001274e-07,0.0001347340542854669,6.367195420638009e-08,-0.0004039388919409614,-0.008096633159517544,8.334951156486982e-05,0.0,0.0,0.9999999999999998,1.3863352849248131e-11,-1.059246987844106e-10,-5.469087576688477e-12,-0.11568542593730526,-0.02536644004993607,-0.08275190958040898,0.0681270335926103,-0.0033928118370171617,-0.0035669439060219163,-0.005055641853419703,-0.0014124610047030364
0.34600000000000025,0.19888023502729751,0.12423840118568694,-1.4982549093578655e-05,2.723927782976027e-08,0.000115680408772815,2.779984307503045e-08,0.00027204874962988767,-0.019053645512651898,-3.587211113134964e-05,0.0,0.0,0.9999999999999998,-3.7009384160724346e-09,2.832244008408832e-09,-3.725839387995058e-10,-0.11720745235433509,-0.024810011605754505,-0.08170644873840523,0.0675743825230627,0.0021966921456464264,0.00231807782157832,0.003308584072689517,0.0009242622230049205
0.34700000000000025,0.1988802349283827,0.1242384902356758,-1.498252470089798e-05,-9.891481466469703e-08,8.904998887479023e-05,2.4392680675645958e-08,-0.0001261540924944573,-0.026630419898024765,-3.4071623993844922e-06,0.0,0.0,0.9999999999999998,3.1483919032769184e-12,-1.7980470370260323e-10,-5.079221939448031e-13,-0.115542050888632,-0.025274037239608003,-0.08289081820008457,0.06766215863172222,-0.0010247783568601628,-0.0011788826806467833,-0.0016269907968260188,-0.00046349048746250823
0.34800000000000025,0.19888023482144845,0.12423854888993137,-1.498257951227379e-05,-1.0693425173787587e-07,5.865425555830037e-05,-5.4811375811116346e-08,-8.01943707317884e-06,-0.030395733316489863,-7.92040564867623e-05,0.0,0.0,0.9999999999999998,4.284697719933295e-11,-1.1661096572476056e-10,7.300532394358385e-12,-0.117065998141368,-0.02453204968997787,-0.08154493899408254,0.06741254699264496,0.00014060771814486818,0.0003484395792880147,0.00031801879836595325,0.00016711056887036305
0.34900000000000025,0.19888023479660583,0.12423857293685164,-1.4982428259603107e-05,-2.4842614715530502e-08,2.404692027871697e-05,1.5125267068324645e-07,8.209163702234537e-05,-0.034607335279583394,0.0002060640464943628,0.0,0.0,0.9999999999999998,4.466244356441115e-11,-1.4669732189292647e-10,7.502555446154444e-12,-0.11582816456690506,-0.02512220350228035,-0.08272771983126313,0.0674481929954726,0.0002937070465875151,0.00014400143658580626,0.0005482851014111138,-3.663321051599896e-05
0.35000000000000026,0.19888023480967953,0.1242385627701582,-1.4982387227177997e-05,1.3073709420278133e-08,-1.0166693438920135e-05,4.103242510883127e-08,3.7916324135808635e-05,-0.034213613717637106,-0.00011022024557441519,0.0,0.0,0.9999999999999998,4.018619441632148e-10,-9.069839578524833e-10,7.121883599113274e-11,-0.11529857597281008,-0.02533394098596929,-0.0829014926703529,0.06746992553104778,-0.00012470233092952106,-0.0003002673135158725,-0.0003995180726048562,-0.00016974042907316446
0.35100000000000026,0.19888023463691873,0.12423852144884795,-1.4982368429141792e-05,-1.7276080596509812e-07,-4.132131024667616e-05,1.8798036204914537e-08,-0.00018583451538537626,-0.03115461680775603,-2.2234388903916735e-05,0.0,0.0,0.9999999999999998,-8.346307497640868e-12,-1.0726528040271944e-10,-2.294276000081195e-12,-0.1172989021980703,-0.02441277885966736,-0.08144396284088097,0.06732627032169504,-0.000979433702623139,-0.0009221396822092656,-0.001264207004628634,-0.0003140595153482413
0.35200000000000026,0.19888023443587013,0.1242384537865843,-1.498241173310046e-05,-2.0104858364424006e-07,-6.766226365191507e-05,-4.330395866820401e-08,-2.8287777679141945e-05,-0.02634095340523891,-6.210199487311855e-05,0.0,0.0,0.9999999999999998,-2.042064205298973e-11,-8.47025895900743e-11,-4.189819944468095e-12,-0.11731287794364026,-0.024475547766436116,-0.08145845729057848,0.0674092315908051,0.00015713412275349985,0.0004900947594202213,0.0004583724337335864,0.000143835512495792
0.35300000000000026,0.1988802342097495,0.12423836626829728,-1.4982467430533863e-05,-2.2612061542129984e-07,-8.751828701444727e-05,-5.5697433401923104e-08,-2.5072031777059774e-05,-0.0198560233625322,-1.2393474733719092e-05,0.0,0.0,0.9999999999999998,-4.0842698227009655e-11,1.109588455626795e-11,5.11736413158631e-12,-0.11738690049750125,-0.02470166337997167,-0.0816024120284347,0.0674646828385316,0.0006146152724138768,0.0008991315588381627,0.0011049611760885322,0.000369516955311328
0.35400000000000026,0.19888023405533126,0.12423826619694761,-1.4982415809695193e-05,-1.5441826228222825e-07,-0.00010007134966825012,5.1620838670587035e-08,7.170235313907159e-05,-0.012553062653802854,0.00010731827207251014,0.0,0.0,0.9999999999999998,-2.7927631477337942e-12,-1.2237013605623847e-10,-3.3725295096126724e-12,-0.11554048345198459,-0.025557371264451782,-0.08293603258573043,0.06806668508931575,-0.0007601777205915556,-0.0010259824838356611,-0.0012400920285779782,-0.0004295765493225532
0.35500000000000026,0.19888023400518945,0.1242381623501148,-1.4982501218636273e-05,-5.0141794605652804e-08,-0.00010384683280741107,-8.540894108089297e-08,0.00010427646767657546,-0.0037754831391609454,-0.00013702977975148,0.0,0.0,0.9999999999999998,2.0980489557630377e-10,5.950089501480095e-10,-2.6565243943963954e-10,-0.11742974755550839,-0.024836562522368086,-0.08170709114986849,0.06781812059524268,0.0013857933341759102,0.00163736041394729,0.0021975426014558485,0.0006509358588412119
0.35600000000000026,0.19888023381825373,0.12423806239580734,-1.4982612598344898e-05,-1.8693571135433179e-07,-9.995430745294417e-05,-1.1137970862460128e-07,-0.000136793916748679,0.003892525354466902,-2.597076754370831e-05,0.0,0.0,0.9999999999999998,2.6870822024778803e-10,-2.0730393304402657e-10,-2.9785755804491107e-11,-0.11572814877547304,-0.025761491168704735,-0.08284663070770726,0.06835287214378763,-0.001396696055988691,-0.0014797312097125234,-0.002197439689777246,-0.0006186134943689356
0.35700000000000026,0.19888023356400736,0.12423797375748685,-1.498253774993221e-05,-2.5424637874540173e-07,-8.86383204831524e-05,7.484841268931133e-08,-6.731066739106994e-05,0.011315986969791764,0.00018622812131391262,0.0,0.0,0.9999999999999998,1.2005715188336058e-11,-2.377401470505955e-10,-7.817074793309128e-12,-0.11771562850859763,-0.024974481461340403,-0.08168115804932743,0.06819941292720129,8.696501158571589e-05,0.00015301466314571633,0.0003347430924006425,0.0001332869335159826
0.35800000000000026,0.1988802333654815,0.12423790240385861,-1.4982543312658186e-05,-1.985258677436949e-07,-7.135362824064471e-05,-5.5627259770677446e-09,5.5720511001706825e-05,0.017284692242507692,-8.041113866637908e-05,0.0,0.0,0.9999999999999998,9.040181156805358e-11,-1.4712554225215527e-10,-7.9885134083027e-12,-0.11588469189299377,-0.025883675637674738,-0.08303402756393771,0.06845064474254532,-0.0002744112143577382,-0.00043485460640259603,-0.00047752150379163765,-0.0002970589347515792
0.35900000000000026,0.19888023297401386,0.12423785273485077,-1.4982579179652361e-05,-3.9146762417317817e-07,-4.9669007838077425e-05,-3.586699417608184e-08,-0.00019294175642948325,0.021684620402567283,-3.0304268199014094e-05,0.0,0.0,0.9999999999999998,3.2929994702775556e-11,-1.074783909275786e-10,5.304398520843948e-12,-0.11783216222655878,-0.025005645149433077,-0.08150788226961883,0.0683462168690804,-0.0009482258477389933,-0.0008074014626852876,-0.0011845132293274929,-0.00034233137383580804
0.36000000000000026,0.19888023274632466,0.12423782709540983,-1.4982560920848896e-05,-2.276891984308036e-07,-2.563944094432311e-05,1.825880346615864e-08,0.00016377842574237457,0.024029566893754312,5.412579764224048e-05,0.0,0.0,0.9999999999999998,-3.426756269037535e-12,-1.6905142760155857e-10,-8.287374776630276e-12,-0.11783113103050989,-0.02516284195433194,-0.08172974253826261,0.06841020884858298,0.0009631940205362945,0.0011797159767210654,0.0016904673076186707,0.00038753558241900804
0.36100000000000027,0.1988802328057507,0.124237826152347,-1.498263291951251e-05,5.942604977710009e-08,-9.430628289412969e-07,-7.19986636142597e-08,0.0002871152482079037,0.024696378115381813,-9.025746708041833e-05,0.0,0.0,0.9999999999999998,4.6993324043488895e-11,-3.484102888385971e-10,-5.501733626459427e-12,-0.11579975992139192,-0.026145872846006068,-0.08325216869212256,0.06871921626800671,0.0018448796522573421,0.001734863876645704,0.0024971789012752836,0.000710811774445337
0.36200000000000027,0.19888023237970553,0.12423784847300243,-1.498269204832836e-05,-4.2604516516383207e-07,2.2320655415426447e-05,-5.912881585070301e-08,-0.0004854712149409322,0.023263718244367744,1.2869847763556682e-05,0.0,0.0,0.9999999999999998,2.807755603470388e-11,-1.9453806211218961e-10,-5.764253790425891e-12,-0.11607664529396941,-0.025735039406709476,-0.08274164937437362,0.06879787648563056,-0.003532780800262646,-0.0037014311447277244,-0.005378577130607723,-0.001475239185905307
0.36300000000000027,0.19888023219886747,0.12423789146335094,-1.4982761357089915e-05,-1.8083807265519821e-07,4.299034852099721e-05,-6.930876155503385e-08,0.00024520709250863384,0.020669693105570763,-1.0179945704330834e-05,0.0,0.0,0.9999999999999998,2.21167887021129e-11,-1.6757760563485128e-10,-6.206820261481215e-13,-0.11772161968483189,-0.02513202007346271,-0.08169127948374046,0.06828514738622661,0.002132916584345676,0.0020990411428604204,0.0031776226309629305,0.000898063308433942
0.36400000000000027,0.19888023235159372,0.12423795033172015,-1.4982813513945937e-05,1.5272625033799825e-07,5.8868369211870075e-05,-5.2156856021841845e-08,0.0003335643229931965,0.015878020690872862,1.7151905533192002e-05,0.0,0.0,0.9999999999999998,2.3113170582058687e-10,-1.5901966295298016e-10,-3.680949039397204e-11,-0.11570396166817705,-0.026020638063529593,-0.08329979244982263,0.06862319905407586,0.0019856114938459507,0.001928831596395293,0.00279156339013418,0.0007937459241653286
0.36500000000000027,0.1988802322931882,0.12423801986018844,-1.498280620491672e-05,-5.840549015681646e-08,6.952846828745687e-05,7.309029217756555e-09,-0.0002111317404948147,0.010660099075586795,5.94658852395984e-05,0.0,0.0,0.9999999999999998,-1.5388577477207773e-11,-3.576994796009702e-10,-6.372606033319588e-13,-0.11582649418013168,-0.025775596233966143,-0.08296243218138064,0.06850905553693767,-0.0018569412409988086,-0.0020032847528313035,-0.002854164972157945,-0.0008133913029547218
0.36600000000000027,0.19888023214084224,0.12423809443854343,-1.4982739718385793e-05,-1.523459830067735e-07,7.45783549899488e-05,6.648653092690381e-08,-9.394049284995705e-05,0.0050498867024919335,5.917750170914725e-05,0.0,0.0,0.9999999999999998,-2.025793222047321e-12,-3.366478392404913e-10,6.403776525369219e-11,-0.11755289858586822,-0.024857654912897733,-0.08152387060097471,0.06805342315166953,-0.00014994647846627116,-0.00012118540318574447,-0.000151184515112554,-1.2526088668521984e-05
0.36700000000000027,0.19888023211547018,0.12423816804342401,-1.49826014121373e-05,-2.537206992105515e-08,7.360488058158978e-05,1.3830624849279765e-07,0.00012697391308571837,-0.0009734744083590247,7.181971756589384e-05,0.0,0.0,0.9999999999999998,7.214159463613634e-12,-2.2685193219318984e-10,-4.335369899767917e-12,-0.11615153014985799,-0.02475945618201483,-0.08140849153423872,0.06791161859100558,-0.0007570966900089255,-0.0010936381801934687,-0.0015941085817766886,-0.000420016495639023
0.36800000000000027,0.19888023181720668,0.12423823587875428,-1.4982567473531415e-05,-2.982635004480436e-07,6.783533026519496e-05,3.393860588428177e-08,-0.00027289143052698845,-0.005769550316394822,-0.00010436764260851588,0.0,0.0,0.9999999999999998,4.2713353671168136e-10,1.1999658900678413e-09,-1.067686988668644e-10,-0.11758723029052923,-0.024670617973662993,-0.08134916345423138,0.06785407498343247,-0.0009427069638024802,-0.0007781074928752967,-0.0013266491536388922,-0.00029632801025108264
0.36900000000000027,0.1988802319078958,0.12423829195867452,-1.4982306651137202e-05,9.068911141453616e-08,5.607992022873692e-05,2.608223942129405e-07,0.0003889526118625798,-0.011755410036458039,0.00022688378832865874,0.0,0.0,0.9999999999999998,2.2112839201349984e-11,-1.3600993718112165e-10,-6.806158630845994e-12,-0.11737535608060255,-0.02478032161458505,-0.08170588132050742,0.06759582779778973,0.0013900177339296266,0.0015097492003030668,0.002449734964368712,0.0005155801115589949
0.3700000000000003,0.19888023199718488,0.12423833390248268,-1.4982270448148522e-05,8.928908667138431e-08,4.1943808166851394e-05,3.620298868026706e-08,-1.400024743151841e-06,-0.014136112061885522,-0.00022461940553267345,0.0,0.0,0.9999999999999998,-1.6239969052640672e-10,-3.3997380641222086e-11,-1.740553902314483e-11,-0.11538443448325231,-0.025545138254970293,-0.08302372466073346,0.06786523004505687,0.00034170942035269817,0.00030087183925905486,0.00026865191002711623,7.775430234248353e-05
0.3710000000000003,0.198880232157288,0.12423835826448668,-1.4982260808041936e-05,1.6010312379158205e-07,2.4362004003163278e-05,9.640106585534715e-09,7.081403712019773e-05,-0.017581804163688118,-2.6562882094732348e-05,0.0,0.0,0.9999999999999998,-7.528562886807219e-10,-7.595844042696661e-10,-1.3415186227564338e-10,-0.1157257617166014,-0.025572501502497316,-0.08307548055269,0.0679229007489897,-0.00023142969189524036,-0.0005183357227964712,-0.0005985789464086284,-0.00014167942996172085
0.3720000000000003,0.1988802320770295,0.124238364268955,-1.4982317450211043e-05,-8.025850642518918e-08,6.004468327851691e-06,-5.664216910593274e-08,-0.00024036163021677124,-0.018357535675311586,-6.628227569146746e-05,0.0,0.0,0.9999999999999998,2.416427634473112e-10,1.4615991187524632e-10,7.283065258943212e-12,-0.11679779248352849,-0.024538957541839837,-0.08143251877871042,0.06758348914763727,-0.0008704330137666063,-0.0009750894679524921,-0.0013806267480443643,-0.00037518557429817043
0.3730000000000003,0.19888023205909883,0.12423835437526969,-1.498233923225246e-05,-1.793069652605311e-08,-9.893685319597874e-06,-2.178204141730027e-08,6.232780989913607e-05,-0.015898153647449564,3.486012768863247e-05,0.0,0.0,0.9999999999999998,6.535181186154501e-10,3.1243001533741337e-10,-1.3204856257179435e-10,-0.1174033510080302,-0.024613312420078703,-0.08156597205887416,0.0675904923536031,2.8301284097476534e-05,0.0005920587545023874,0.0003764037661710457,0.0001743343252164754
0.3740000000000003,0.19888023213685585,0.12423832958802922,-1.4982206187098646e-05,7.77570286822093e-08,-2.4787240470069264e-05,1.3304515381344945e-07,9.568772520826241e-05,-0.01489355515047139,0.00015482719523074974,0.0,0.0,0.9999999999999998,5.636679420226441e-11,-1.7643650495050116e-10,2.3019734323985298e-11,-0.11678933573694142,-0.02496937222804583,-0.08191513893200356,0.06777142327274752,0.0007723099619787757,0.0004985252701702565,0.0010494403927039202,0.00033027640308363776
0.3750000000000003,0.19888023230964885,0.1242382893172506,-1.4982262196437266e-05,1.7279300193970384e-07,-4.027077860785438e-05,-5.6009338619230124e-08,9.503597325749454e-05,-0.015483538137785113,-0.00018905449243267956,0.0,0.0,0.9999999999999998,2.60455227007423e-11,-2.150553952170525e-10,1.7794447370412836e-12,-0.11588447568318413,-0.025461194973764964,-0.08299871697657978,0.06798779031860822,0.0011089365828824015,0.001318296584036559,0.0016666674398133111,0.00048717309759636353
0.3760000000000003,0.1988802323317763,0.12423824101054762,-1.4982163941537634e-05,2.2127439351284003e-08,-4.8306702984953426e-05,9.825489963209996e-08,-0.00015066556258841986,-0.00803592437709905,0.00015426423825133008,0.0,0.0,0.9999999999999998,5.217600459785397e-10,-4.909929483157707e-10,1.834227417867745e-10,-0.11569038307541975,-0.025468687190028955,-0.082900192598168,0.06805795563499123,-0.0018055708368022172,-0.002200399227078596,-0.0027333637148354135,-0.0009300968889692287
0.3770000000000003,0.19888023206957514,0.12423818771704005,-1.4982123386056528e-05,-2.6220115668648803e-07,-5.3293507562965506e-05,4.055548110557613e-08,-0.00028432859603777207,-0.00498680457801208,-5.7699418526523826e-05,0.0,0.0,0.9999999999999998,-1.956591027061423e-12,-2.7789903907929914e-11,-1.3549399385905777e-12,-0.11754940427295353,-0.02465853631705505,-0.0813958475850049,0.06786572018231349,-0.0011925223683189837,-0.0011088083966610388,-0.001658701710672873,-0.00040552145320874977
0.3780000000000003,0.1988802320390553,0.12423813346195835,-1.4982123153770449e-05,-3.051983619652939e-08,-5.425508170016583e-05,2.32286079234594e-10,0.00023168132048995862,-0.0009615741372003266,-4.032319502634154e-05,0.0,0.0,0.9999999999999998,5.215154016663115e-11,1.7341169900961006e-10,-8.779380653310855e-11,-0.11769838272160218,-0.024876486417098765,-0.08159676123782376,0.06772207113002122,0.0014421068769560432,0.0019012222561796735,0.002481834787690489,0.0006074759409985826
0.3790000000000003,0.19888023204192956,0.12423808225955012,-1.4982154131802373e-05,2.874253299324936e-09,-5.1202408232519494e-05,-3.097803192396044e-08,3.339408949585432e-05,0.0030526734676463397,-3.121031800319504e-05,0.0,0.0,0.9999999999999998,4.89881610396362e-11,-1.0581097130538397e-10,-3.2118654921850264e-11,-0.11504712908298644,-0.02574576631512124,-0.08304713113807434,0.0687148473288157,-2.1513696639135672e-05,-0.00020548824803624756,-0.00021212017889838086,-9.34854055711999e-05
0.3800000000000003,0.19888023208704006,0.12423803884613797,-1.498247661328456e-05,4.5110492286941725e-08,-4.3413412149433776e-05,-3.224814821863227e-07,4.223623898761679e-05,0.007788996083085717,-0.0002915034502623622,0.0,0.0,0.9999999999999998,3.781480929049143e-11,-1.1850656498606365e-10,-2.0075014210241744e-11,-0.11681026037755808,-0.025382218738096454,-0.08272843075295899,0.06794780455349225,0.00025493345009780494,-0.00019936252871551524,-3.5766762185602314e-05,1.3853578158893434e-06
0.3810000000000003,0.19888023194769638,0.12423800502179687,-1.4982508957533975e-05,-1.3934366339094112e-07,-3.3824341110079785e-05,-3.2344249414673104e-08,-0.00018445415567788285,0.009589071039353992,0.00029013723277164955,0.0,0.0,0.9999999999999998,6.9555668658563506e-12,-3.685300586573152e-11,-4.286066177989115e-13,-0.11720226729313558,-0.025037245258229278,-0.08171088343187864,0.06828735789582065,-0.000669733901484388,-0.0004345139868220969,-0.0006853266563006349,-0.00023453952670553539
0.3820000000000003,0.1988802320354818,0.12423798282465941,-1.4982506823330605e-05,8.778540396515788e-08,-2.2197137467080614e-05,2.1342033709442886e-09,0.000227129067356099,0.01162720364299917,3.4478452785617394e-05,0.0,0.0,0.9999999999999998,3.963177512894024e-12,-1.6630548629691605e-10,-8.450606822160883e-12,-0.11775255754176492,-0.025007201051169336,-0.08162869617390003,0.06813554819781642,0.0014530755495415293,0.001874396219775856,0.0024054024911002855,0.0006290805384416251
0.3830000000000003,0.19888023221644577,0.1242379738990742,-1.4982534845497093e-05,1.8096395410842683e-07,-8.92558519973449e-06,-2.802216648859536e-08,9.317855014326895e-05,0.013271552267346125,-3.015636985953965e-05,0.0,0.0,0.9999999999999998,-4.283398485843553e-10,-4.972166328017362e-10,1.004465554944228e-10,-0.11568939958450941,-0.02592758043884858,-0.08322546573880334,0.06856043840469589,0.0006630449599386253,0.0004277895201940645,0.0007373085359956317,0.00030941514317410295
0.3840000000000003,0.19888023210354375,0.12423797741466455,-1.4982514928282859e-05,-1.1290202867621946e-07,3.5155903531079797e-06,1.9917214232601856e-08,-0.0002938659827846463,0.012441175552842468,4.793938072119721e-05,0.0,0.0,0.9999999999999998,1.620510496552873e-11,-2.5323144296806163e-10,-1.6209383175783654e-10,-0.11577074975453544,-0.0257089459124795,-0.08287606335977322,0.06851951462994725,-0.002670670307506981,-0.0030229212990802515,-0.0040900404671589605,-0.0012697288381500157
0.3850000000000003,0.1988802321186408,0.12423799278888036,-1.4982502390354959e-05,1.5097065988315092e-08,1.5374215798139184e-05,1.2537927900616772e-08,0.00012799909466453454,0.011858625445031204,-7.3792863319850835e-06,0.0,0.0,0.9999999999999998,8.887325472624093e-12,-2.420435534166058e-10,-2.2989057875860065e-12,-0.11767012315345644,-0.025006091624664457,-0.08168605648577566,0.06811535344980359,0.0015164943146180345,0.0016107728569204512,0.0022906777321524074,0.0006844081974776424
0.3860000000000003,0.19888023202362148,0.1242380180222103,-1.4982472351221975e-05,-9.501931482082445e-08,2.5233329937195045e-05,3.003913298307184e-08,-0.00011011638080913954,0.009859114139055861,1.750120508245507e-05,0.0,0.0,0.9999999999999998,-2.138659936255281e-11,-1.5664362642802352e-10,1.7342020153660648e-13,-0.11570968571817063,-0.025813167113443336,-0.0830508301807059,0.06847774944776579,-0.0011726715336695414,-0.0012543278256264532,-0.0018062770487868788,-0.0004985357129913953
0.3870000000000003,0.19888023188074822,0.12423805080889506,-1.4982428308131949e-05,-1.428732810674614e-07,3.2786684769145176e-05,4.404309002710385e-08,-4.785396624663696e-05,0.007553354831950132,1.4003957044032009e-05,0.0,0.0,0.9999999999999998,-1.0085403671012012e-11,-7.651057899630985e-11,-5.920028773895123e-13,-0.11770988454808105,-0.024791230148188372,-0.08138878978758081,0.06806556740109194,-0.0005545635588818673,-0.0004558620664741937,-0.0005665253657115913,-0.0002541494137736454
0.3880000000000003,0.19888023172123856,0.12423808869998362,-1.4982486149885103e-05,-1.5950964663721644e-07,3.789108855528049e-05,-5.7841753154007074e-08,-1.6636365569755035e-05,0.005104403786135317,-0.00010188484318111091,0.0,0.0,0.9999999999999998,-1.1194550579345126e-11,-6.508948780712234e-11,-5.598268778618005e-12,-0.11767600164742184,-0.024885151114277797,-0.0814661077734275,0.06799017826097371,0.0011031737862716579,0.001419744712380143,0.0016724325282495738,0.0005980844445881473
0.3890000000000003,0.19888023183522102,0.12423812755474116,-1.4982440326844754e-05,1.1398245193598889e-07,3.8854757534496663e-05,4.5823040348855375e-08,0.00027349209857320533,0.0009636689792161704,0.00010366479350286246,0.0,0.0,0.9999999999999998,-3.3260335773263305e-12,-1.883879191383138e-10,-1.420840228778135e-12,-0.11591389285095909,-0.02577739064458253,-0.08320651714648918,0.06824332895926277,0.0010895817210369648,0.00110780643307,0.001723186944724221,0.00025264238286821887
0.3900000000000003,0.19888023198865762,0.12423816528854065,-1.4982416353214817e-05,1.5343658473231025e-07,3.7733799494197136e-05,2.3973629937958292e-08,3.9454132796321356e-05,-0.0011209580402995272,-2.1849410410897084e-05,0.0,0.0,0.9999999999999998,-1.4596238586999186e-11,-2.933492249090824e-10,-9.734202139066646e-12,-0.1155519848681866,-0.0257776654507565,-0.08316627861031378,0.06831095145783095,0.00023827438180649635,-7.832012694645813e-06,0.00011688577407003357,7.804750985175305e-05
0.3910000000000003,0.19888023178552094,0.12423819895247332,-1.4982305587660779e-05,-2.0313667791057923e-07,3.366393266898099e-05,1.1076555403783951e-07,-0.0003565732626428895,-0.004069866825216144,8.679192409988121e-05,0.0,0.0,0.9999999999999998,4.667575811860928e-12,-4.3667382506282786e-11,-3.085009332577876e-13,-0.11572736350125606,-0.025524042302221033,-0.08287662304207209,0.06821031865226612,-0.0027691574380430952,-0.003250042312036279,-0.004357568650290918,-0.0012260582109346592
0.3920000000000003,0.19888023177716582,0.12423822684988976,-1.4982295975955036e-05,-8.35511207865746e-09,2.789741644912954e-05,9.611705742559292e-09,0.00019478156583192175,-0.005766516219851454,-0.00010115384829528022,0.0,0.0,0.9999999999999998,-1.5885332199307133e-11,-4.225606912702083e-11,-4.650802231735367e-12,-0.11745503588379058,-0.024790757840857082,-0.08150846940738829,0.06775769498834197,0.0016563412155138192,0.0019587666932357355,0.0026280677725112733,0.0007334079684060798
0.3930000000000003,0.19888023191647408,0.12423824490453061,-1.4982221167034031e-05,1.3930827247113383e-07,1.8054640854505652e-05,7.480892100596613e-08,0.00014766338454979131,-0.009842775594623886,6.519721526340684e-05,0.0,0.0,0.9999999999999998,4.5067949745551906e-10,7.56563788792934e-11,-9.59639479346152e-11,-0.11662062529900433,-0.025150754766702945,-0.08188542906843974,0.06833956420548125,0.0009261453463915398,0.0010110988092066641,0.0012983389060592077,0.0003745824679275731
0.3940000000000003,0.19888023218766632,0.12423825527989137,-1.4982256116637743e-05,2.7119224595467604e-07,1.0375360752346667e-05,-3.4949603712155114e-08,0.00013188397348354221,-0.007679280102158985,-0.00010975852471812125,0.0,0.0,0.9999999999999998,-1.8676315759615385e-11,-2.8601755658667213e-10,-5.868422981803401e-12,-0.11599710368539584,-0.025456866096526986,-0.08352112807241634,0.06717243516264296,0.0014135347488652824,0.0013239863078455209,0.00207629034312011,0.0005943183473966213
0.3950000000000003,0.19888023205315922,0.12423825587569022,-1.4982222585123637e-05,-1.3450710671485032e-07,5.957988495332406e-07,3.353151410613815e-08,-0.0004056993526695264,-0.009779561902813427,6.848111781829327e-05,0.0,0.0,0.9999999999999998,1.2856258077559286e-10,8.063989104337567e-11,-2.1988750413347447e-11,-0.11549368314133561,-0.025571733108255886,-0.0826540781261976,0.06848291269029093,-0.0038443533481633966,-0.004164107798775678,-0.005780805591145147,-0.0018307405039511998
0.3960000000000003,0.19888023238964495,0.12423824797828772,-1.498229275221026e-05,3.3648572972841984e-07,-7.897402498874586e-06,-7.016708662301746e-08,0.00047099283644327016,-0.008493201348407827,-0.00010369860072915561,0.0,0.0,0.9999999999999998,-2.4689064611115948e-11,-2.897137371418318e-10,-8.745552646325231e-12,-0.11732292334800122,-0.024891795798166666,-0.08172456814123069,0.06762323823437223,0.0044323226434998956,0.004491646270630857,0.006432631064170387,0.0019084604518887552
0.3970000000000003,0.1988802324562766,0.12423823212148702,-1.4982314966527853e-05,6.663165413504937e-08,-1.585680071144614e-05,-2.2214317592847136e-08,-0.00026985407559337047,-0.007959398212571554,4.7952769030170326e-05,0.0,0.0,0.9999999999999998,2.7919107484634954e-12,-2.0251066037542866e-10,-1.6118926240839672e-12,-0.11553961729499251,-0.02552831687151091,-0.08297640194403798,0.06816309443926727,-0.0026282067306420847,-0.002539767542945132,-0.0038101939990641256,-0.001092868985214802
0.3980000000000003,0.1988802325530706,0.12423821014234923,-1.4982314645992729e-05,9.67940174508612e-08,-2.197913778768186e-05,3.20535125005776e-10,3.0162363315811823e-05,-0.0061223370762357185,2.253485271785291e-05,0.0,0.0,0.9999999999999998,-1.895369464334894e-12,-2.3791918943667517e-10,-3.3884153733467272e-12,-0.11762110084387391,-0.024694373258732163,-0.08142969691426284,0.06771641659982175,0.0005719316594091704,0.0005830835679421744,0.0009277762185439404,0.00023052527819749096
0.3990000000000003,0.19888023264011204,0.12423818402596819,-1.4982346977525118e-05,8.704141707731043e-08,-2.61163810381975e-05,-3.23315323893641e-08,-9.752600373550768e-06,-0.004137243250515642,-3.265206751436988e-05,0.0,0.0,0.9999999999999998,1.7418416116813604e-09,4.825162037385374e-10,1.9000849684772254e-10,-0.11555023621985672,-0.025721378896126745,-0.08315977425838217,0.06833082857423829,-0.0005105552961896479,-0.0006940728985565304,-0.0009247763465558461,-0.00023471120118761366
0.4000000000000003,0.19888023268543698,0.12423815588509612,-1.4982385263212805e-05,4.5324929614922366e-08,-2.8140872068412205e-05,-3.828568768670676e-08,-4.171648746238806e-05,-0.0020244910302147047,-5.954155297342659e-06,0.0,0.0,0.9999999999999998,-1.4575611799967142e-10,-4.4095838797720075e-10,-1.0002115894262274e-11,-0.11747107326863464,-0.02475130494348467,-0.08136529396950071,0.06778984366154585,0.00015870737833312198,0.00039333453202644445,0.000362582691791777,0.00011494444402986476
0.4010000000000003,0.19888023269440996,0.12423812841699694,-1.4982303405824653e-05,8.972989981856762e-09,-2.746809917894247e-05,8.185738815151052e-08,-3.635193963306561e-05,0.0006727728894697364,0.00012014307583821729,0.0,0.0,0.9999999999999998,-2.8055135679029134e-13,-6.217445510534922e-11,-1.844231802693926e-12,-0.11671534247502052,-0.025153288297291847,-0.0818982342113119,0.06819224453942883,-0.0015801712363044578,-0.001723141326682347,-0.0023328781485891766,-0.000691600313265951
0.4020000000000003,0.1988802328704725,0.12423810214152889,-1.498233365027921e-05,1.7606251568998202e-07,-2.6275468057555918e-05,-3.024445455777846e-08,0.00016708952570812526,0.001192631121386551,-0.00011210184270928898,0.0,0.0,0.9999999999999998,2.6530221792098345e-10,4.547787427572617e-11,4.798432367189617e-11,-0.1175806611749041,-0.02494362666319428,-0.08167400915964754,0.06790540511625483,0.002810276597553496,0.0032321985335304853,0.004145915812505034,0.0012697565930118847
0.4030000000000003,0.1988802328724674,0.1242380804166975,-1.4982324514592625e-05,1.9949159081169086e-09,-2.1724831397619895e-05,9.135686585375277e-09,-0.00017406759978186512,0.004550636659936023,3.9380141143153736e-05,0.0,0.0,0.9999999999999998,6.39279114072777e-11,-1.298664685509048e-10,7.311799675227164e-13,-0.11574961783686338,-0.025753712753715907,-0.08302388029210389,0.06837320992131561,-0.0019449234515912812,-0.0019686530658106806,-0.0029197841676209075,-0.0007723838783100513
0.4040000000000003,0.19888023299847352,0.12423806457010599,-1.49822180906499e-05,1.2600613252140185e-07,-1.584659150633066e-05,1.0642394272589905e-07,0.00012401121661328494,0.005878239891289234,9.728825614052377e-05,0.0,0.0,0.9999999999999998,4.455338070750759e-12,-1.183186486819577e-10,1.7746808322623428e-11,-0.11769212361621748,-0.02474371315796185,-0.08144238652162114,0.06801613498349694,0.0004638469408994709,0.00029393081588331146,0.0008860980603199766,8.912315685685215e-05
0.4050000000000003,0.1988802330594447,0.12423805506584405,-1.4982225597127056e-05,6.097118427013148e-08,-9.50426193041035e-06,-7.506477156372229e-09,-6.503494825127038e-05,0.006342329575920311,-0.00011393041988227127,0.0,0.0,0.9999999999999998,-7.151198502606125e-13,-9.201201853995403e-11,-1.212690806562583e-12,-0.1155874115372364,-0.02590675834861855,-0.08308564062420318,0.06841839145191725,-0.0004549763280181167,-0.0006518941678536101,-0.0009384955897786318,-0.00023287546095486093
0.4060000000000003,0.19888023313956388,0.12423805162634789,-1.4982289195508052e-05,8.011919539230646e-08,-3.439496161180373e-06,-6.359838099626271e-08,1.9148011122174982e-05,0.006064765769229978,-5.609190383989048e-05,0.0,0.0,0.9999999999999998,5.040936308647375e-12,-1.1011105866570018e-10,2.6871694730275264e-13,-0.11779213945078001,-0.024815413432012785,-0.08148703590309066,0.0680037402476081,0.0006237498758323457,0.0011198729691147666,0.001146251713059776,0.0003276375540506791
0.4070000000000003,0.19888023318756545,0.12423805519073847,-1.4982207315459557e-05,4.8001582540972515e-08,3.5643905773422455e-06,8.188004849540735e-08,-3.211761285133394e-05,0.007003886738522618,0.00014547842949167006,0.0,0.0,0.9999999999999998,-2.491013100226002e-12,-5.330936094186887e-11,-6.65915341377272e-13,-0.11572699692300668,-0.02579953517535037,-0.0830794016257873,0.06842358256256978,-0.0009003060869893102,-0.0015158412139822373,-0.001517937434124809,-0.00047315762121953137
0.4080000000000003,0.19888023334039684,0.12423806464902513,-1.498225379849453e-05,1.5283137991595792e-07,9.458286661150814e-06,-4.648303497207106e-08,0.0001048297973749854,0.005893896083808569,-0.00012836308346747842,0.0,0.0,0.9999999999999998,1.0834113656217872e-11,-1.141834689305287e-10,4.066587315462134e-12,-0.1176416159281566,-0.024838356404467132,-0.08149915763390754,0.06798906080596605,0.0012468307292622734,0.001785262806845675,0.00201543877966465,0.0006292934510542904
0.4090000000000003,0.1988802335759811,0.12423807890404467,-1.498222433186334e-05,2.3558426397256802e-07,1.4255019535287811e-05,2.9466631188094135e-08,8.27528840566101e-05,0.004796732874136997,7.594966616016518e-05,0.0,0.0,0.9999999999999998,-2.37050898881893e-12,-1.5947056124445356e-10,-1.6818215320801071e-12,-0.11557167821971698,-0.025936068152360426,-0.08325830293951686,0.06840448451460668,0.00018050161319553264,-8.344205063022024e-05,8.136180988395058e-05,2.7037917032420343e-05
0.4100000000000003,0.198880233807229,0.12423809700081417,-1.4982233027523593e-05,2.3124787751444322e-07,1.8096769499616513e-05,-8.69566025196828e-09,-4.336386458124801e-06,0.0038417499643287026,-3.8162291440062416e-05,0.0,0.0,0.9999999999999998,-7.02400516327653e-13,-1.4648858874401418e-10,-3.0707139619779236e-12,-0.11558753295675259,-0.025825727870787664,-0.08322623687787749,0.06854348853970056,3.069188944334033e-05,-0.00022753840996651254,-0.00023482346775005426,-4.65807056576939e-05
0.4110000000000003,0.1988802337663389,0.12423811702465357,-1.498229956742399e-05,-4.089010229111569e-08,2.002383938894886e-05,-6.653990039676019e-08,-0.0002721379798055589,0.0019270698893323454,-5.7844240144791914e-05,0.0,0.0,0.9999999999999998,-1.9847523343583276e-10,-4.4957390799845174e-11,-5.1719891351015617e-11,-0.11768963308263496,-0.024699947991108237,-0.08158486540602977,0.06828826312382578,-0.0005735213732776477,-0.0003835608816114587,-0.0006555867949232194,0.0001231384228566429
0.4120000000000003,0.19888023365813487,0.12423813754655158,-1.4982247978067383e-05,-1.0820403190282435e-07,2.052189801323564e-05,5.158935660669994e-08,-6.731392961170867e-05,0.0004980586242867818,0.00011812925700346013,0.0,0.0,0.9999999999999998,-6.066151198010452e-11,-1.3872585962914888e-10,-1.2391741923416959e-11,-0.11767591119996187,-0.024662858138760416,-0.08157642530312868,0.06800781247954575,-0.0005337920029102409,-0.00038320086620543533,-0.000431222333934781,-0.00018183664444841667
0.4130000000000003,0.19888023397323645,0.12423815719370877,-1.4982368945399319e-05,3.1510158461127063e-07,1.9647157190598754e-05,-1.2096733193537206e-07,0.000423305616514095,-0.0008747408226368869,-0.000172556688542072,0.0,0.0,0.9999999999999998,3.9413854497247616e-11,-3.6805645447129303e-10,-1.4294877293446596e-10,-0.11567549175108102,-0.025024603441817627,-0.0820935408067377,0.06793565915217413,0.0026725118157432844,0.0022646987619828127,0.0033079721059709136,0.0011134030633098285
0.4140000000000003,0.1988802343027302,0.12423817382553108,-1.4982332537151554e-05,3.29493737158496e-07,1.6631822306053904e-05,3.6408247764740414e-08,1.4392152547225354e-05,-0.0030153348845448494,0.0001573755797001125,0.0,0.0,0.9999999999999998,-2.548810108924803e-11,-4.1159784569711465e-10,3.850824896349203e-12,-0.11549893865859023,-0.02579051239779072,-0.08314304204086345,0.06825840088479229,-0.0010454241153722741,-0.0013400545620592757,-0.0016865405592447838,-0.0006211668666009021
0.4150000000000003,0.19888023422411905,0.12423818697478527,-1.4982371533324136e-05,-7.861113883189415e-08,1.3149254187998824e-05,-3.8996172581228836e-08,-0.00040810487599039015,-0.00348256811805508,-7.540442034596925e-05,0.0,0.0,0.9999999999999998,-1.517488614315887e-11,-2.0197663831571483e-10,-4.1399413080393296e-13,-0.11563910763759086,-0.02561518659036866,-0.08289966768183221,0.06814773637719072,-0.002405933100628969,-0.00278246938100513,-0.003916838450595123,-0.0010197352506109154
0.4160000000000003,0.1988802342740824,0.12423819557167291,-1.4982399812245412e-05,4.9963367796283296e-08,8.596887644385302e-06,-2.8278921276027794e-08,0.00012857450662817746,-0.004552366543613522,1.0717251305201042e-05,0.0,0.0,0.9999999999999998,-2.2076543032792025e-11,-1.0712037745787809e-10,1.385106418293252e-11,-0.11768585918481893,-0.02475555843299161,-0.08148483561000532,0.06777786061290382,0.0010003220122641243,0.0011544086831351376,0.0016832712920499043,0.00039887733878662333
0.4170000000000003,0.198880234511348,0.12423819993821288,-1.4982468220456105e-05,2.372655914892622e-07,4.366539967399592e-06,-6.840821069220393e-08,0.00018730222369297888,-0.004230347676985709,-4.0129289416176146e-05,0.0,0.0,0.9999999999999998,-8.177351506689515e-12,-1.3110301878218273e-10,-1.4347363103929112e-11,-0.11763477666293892,-0.024722656393374537,-0.08148159444774314,0.06777614567730036,0.001420878542566683,0.0018447377710004702,0.002376375907535685,0.0006891817708955453
0.4180000000000003,0.19888023449799505,0.12423819930545625,-1.4982502116871302e-05,-1.3352957630266582e-08,-6.327566233380063e-07,-3.389641519667292e-08,-0.0002506185491195288,-0.004999296590737598,3.4511795495531015e-05,0.0,0.0,0.9999999999999998,3.232780287866807e-10,2.7070676574806213e-10,-6.401382927055284e-11,-0.11563325269892638,-0.025607932799387955,-0.0830844069081733,0.06826684275079387,-0.002429143896840915,-0.0027213880864433207,-0.003679056290212799,-0.0010862326594022467
0.4190000000000003,0.19888023484689366,0.12423819457559344,-1.4982689379855477e-05,3.488985973370619e-07,-4.72986280257109e-06,-1.8726298417603094e-07,0.0003622515549673285,-0.004097106179233084,-0.000153366568979358,0.0,0.0,0.9999999999999998,2.9389898988581006e-11,-2.703307554571135e-10,2.691857262551714e-11,-0.11747338308676301,-0.02485100087153754,-0.0815521144572927,0.06775920548642439,0.004100569528158903,0.0043385884349507985,0.005952656342556714,0.0018926472583259068
0.4200000000000003,0.19888023478503214,0.12423818491755201,-1.498253715434484e-05,-6.186152166026057e-08,-9.658041440175078e-06,1.522255106381386e-07,-0.00041076011899732244,-0.004928178637603988,0.0003394884948141695,0.0,0.0,0.9999999999999998,-3.377159372589277e-11,-8.833256201566029e-11,-8.009710585204021e-12,-0.11564347442476348,-0.025522529467777607,-0.08287329189426319,0.06831435055574982,-0.005207861381208508,-0.005339815315758192,-0.007433116688430262,-0.0024820637818830844
0.4210000000000003,0.19888023528765844,0.12423817343688831,-1.498285288820292e-05,5.026262968011782e-07,-1.1480663702667458e-05,-3.1573385807984747e-07,0.0005644878184614388,-0.0018226222624923801,-0.0004679593687179861,0.0,0.0,0.9999999999999998,1.7816218134573019e-10,4.448589687146625e-10,4.049442593756784e-11,-0.11753391383231222,-0.024916819866855025,-0.08170844504423071,0.06785758664194891,0.004661503469998476,0.004672236788825802,0.006611460429080172,0.002224819525902877
0.4220000000000003,0.19888023495181684,0.1242381595151176,-1.4982845982625192e-05,-3.3584160030810945e-07,-1.3921770702963623e-05,6.905577728828347e-09,-0.0008384678971092876,-0.002441107000296165,0.0003226394358086758,0.0,0.0,0.9999999999999998,8.818055537827718e-11,-9.83092925452372e-11,7.483218877387935e-12,-0.11573523847993218,-0.02566652135077351,-0.08294219912900211,0.068212755755985,-0.003322242549025035,-0.00310948148400521,-0.004875515523169608,-0.0012835596957365403
0.4230000000000003,0.19888023512253902,0.12423814413956877,-1.4982716963910404e-05,1.7072218852305166e-07,-1.5375548833972614e-05,1.2901871478709734e-07,0.0005065637888311611,-0.0014537781310089912,0.00012211313705826898,0.0,0.0,0.9999999999999998,5.633638275297783e-11,-1.7046085234538058e-10,-9.55669331718002e-12,-0.11761948510866685,-0.02466801587929131,-0.08157494812107159,0.06785911734366723,0.0011332698271310554,0.000866400346594953,0.0019491688220358203,0.00017726719205829117
0.4240000000000003,0.1988802354523218,0.12423812944598359,-1.498276727534998e-05,3.297827734899082e-07,-1.4693585180912443e-05,-5.031143957648485e-08,0.00015906058496685654,0.0006819636530601713,-0.0001793301543635822,0.0,0.0,0.9999999999999998,4.6073079063334514e-12,-2.0518926737517515e-10,-2.8519957434211716e-13,-0.11553039988426894,-0.025853748781709627,-0.08304932172435038,0.06818956583322437,0.001030812704519807,0.0009511391267319582,0.0011454362070809666,0.0004269831684472724
0.4250000000000003,0.19888023571402394,0.12423811601874675,-1.4982811187028854e-05,2.617021318322941e-07,-1.3427236834063928e-05,-4.3911678873270084e-08,-6.80806416576141e-05,0.0012663483468485144,6.399760703214767e-06,0.0,0.0,0.9999999999999998,6.675251565047535e-12,-2.0195697117946886e-10,7.222875543613119e-12,-0.11554520081802527,-0.025872427011511098,-0.08324655652190298,0.06839995900363605,-0.0005151069936418776,-0.0007502718420877421,-0.0010182457617473103,-0.00023883230694620087
0.4260000000000003,0.19888023580739506,0.12423810509322343,-1.498283107363871e-05,9.337110719522486e-08,-1.0925523321286548e-05,-1.988660985590304e-08,-0.00016833102463706927,0.0025017135127773805,2.4025069017367045e-05,0.0,0.0,0.9999999999999998,8.97930512040337e-10,-5.650330302860358e-10,1.8252940126110124e-10,-0.11787630232293665,-0.024574650846469558,-0.08126202595778018,0.06788484394751813,-0.0013354329561783866,-0.0012759121477039993,-0.001744257060990918,-0.0005449216891331808
0.4270000000000003,0.19888023588788262,0.12423809689376893,-1.4982859224209858e-05,8.048756116475479e-08,-8.199454506295603e-06,-2.8150571148117707e-08,-1.2883546030470071e-05,0.0027260688149909444,-8.263961292214668e-06,0.0,0.0,0.9999999999999998,3.4172899896677547e-12,-6.679526421043111e-11,-4.768664802328829e-13,-0.11768041094621427,-0.02471996135269392,-0.08136817767631326,0.06789782546329164,0.0006276328273672658,0.0010897865384416278,0.0011882334759673598,0.00031952145931714635
0.4280000000000003,0.19888023607945388,0.12423809223036697,-1.4982432474418747e-05,1.915712720704676e-07,-4.6634019575252505e-06,4.2674979111092994e-07,0.00011108371090571282,0.003536052548770353,0.00045490036225904763,0.0,0.0,0.9999999999999998,-6.152530574673962e-11,-1.0371042016788134e-10,-1.7997374637908746e-11,-0.11628911232023131,-0.02555656896774136,-0.08252231393093601,0.06830264977056726,0.0004901781670367342,0.00044522581512716216,0.0004514740047886183,0.00026285804764137455
0.4290000000000003,0.19888023636729465,0.12423809118375422,-1.4982178691994603e-05,2.878407745524015e-07,-1.0466127527849848e-06,2.537824241445535e-07,9.626950248193389e-05,0.0036167892047402656,-0.00017296736696637642,0.0,0.0,0.9999999999999998,-1.7911167689805634e-10,5.575600369047616e-11,-3.833859390414538e-11,-0.11576314009730218,-0.025858708218325897,-0.08336043768538982,0.06843537108077474,0.0004982950149924286,7.055768346637347e-05,0.0005346765596805325,4.3975176901567815e-05
0.4300000000000003,0.1988802367174565,0.12423809368113174,-1.4982248757854788e-05,3.501618397744567e-07,2.4973775271402923e-06,-7.006586018512553e-08,6.232106522205519e-05,0.003543990279925277,-0.00032384828432967906,0.0,0.0,0.9999999999999998,2.7246152065193624e-11,-1.293308304088154e-10,1.247420123129951e-13,-0.11569635071454411,-0.025847816371421917,-0.08341024952484782,0.0684188441742588,0.0007410558424992611,0.0006926528232242947,0.001004298219620049,0.00033496868461856236
0.4310000000000003,0.19888023692897833,0.12423809906766639,-1.498224957121874e-05,2.1152182467336383e-07,5.386534653739759e-06,-8.133639515428637e-10,-0.00013864001510109286,0.002889157126599467,6.925249623358266e-05,0.0,0.0,0.9999999999999998,4.91477986845377e-12,-2.4725647144400163e-11,-5.207779713185431e-12,-0.11559293726702428,-0.02582237265333676,-0.0831989103147898,0.0684601295517006,-0.0009670315387649509,-0.0012497029827152652,-0.0016773963238202849,-0.00045009958401261347
0.43200000000000033,0.19888023713988995,0.12423810744565986,-1.4982287085527737e-05,2.1091163202294506e-07,8.37799346054441e-06,-3.751430899836639e-08,-6.101926504187713e-07,0.0029914588068046507,-3.670094504682352e-05,0.0,0.0,0.9999999999999998,-3.612488946547171e-10,-4.1335259840130304e-10,-3.254004982196613e-10,-0.11778680156957631,-0.024668916479076628,-0.081390646002892,0.0678525669871634,0.00029945450488320794,0.0005884641909744872,0.0006734220311682661,0.00015564713225368174
0.43300000000000033,0.1988802371572991,0.12423811728224006,-1.4982638946303752e-05,1.7409154881809983e-08,9.836580205660723e-06,-3.518607760146684e-07,-0.00019350247714113508,0.0014585867451163133,-0.00031434646701630206,0.0,0.0,0.9999999999999998,1.490203252909185e-11,-6.646953167324743e-11,1.5309231072825879e-12,-0.11770002887577997,-0.024714137244688784,-0.08234042070895836,0.06810146322054751,0.00027857299909027643,0.0006558946005616381,0.0012463610661050258,0.00029161299286828196
0.43400000000000033,0.19888023795668242,0.12423812797887941,-1.4982491720105892e-05,7.99383304822962e-07,1.0696639353548471e-05,1.4722619785954645e-07,0.000781974149941152,0.0008600591478877479,0.0004990869738742148,0.0,0.0,0.9999999999999998,-2.8263098908442384e-09,1.7890551025204922e-09,-7.217968079117363e-10,-0.11527102358351958,-0.026140402423011005,-0.08340092750127287,0.06834840723188369,0.0039874459863402135,0.0035395050434609355,0.005494105545402038,0.0014384249727005698
0.43500000000000033,0.198880237625271,0.12423813912325994,-1.4982741189782296e-05,-3.3141142553378927e-07,1.1144380530616915e-05,-2.494696764038351e-07,-0.0011307947303567513,0.0004477411770684442,-0.0003966958742633815,0.0,0.0,0.9999999999999998,2.759770748277598e-12,-1.7239291589152663e-10,-3.2511376214987735e-12,-0.1158180020922604,-0.02544364096253258,-0.08262913172942915,0.06837978750187108,-0.006453529997012514,-0.006396765188905802,-0.009946108604176962,-0.002369762394392316
0.43600000000000033,0.19888023765826648,0.12423814994917971,-1.4982757893634878e-05,3.299550777183263e-08,1.082591976588915e-05,-1.670385258134939e-08,0.00036440693330562187,-0.00031846076472776474,0.0002327658238224857,0.0,0.0,0.9999999999999998,-3.2468227071171346e-11,-8.650335231360474e-11,-1.598988635525891e-11,-0.1176428827319622,-0.024762622715379445,-0.08150799362729494,0.06786111887870286,0.002242729573925913,0.0020885435472805325,0.0034966234839745934,0.0007882588661878681
0.43700000000000033,0.19888023753559575,0.12423815888781183,-1.4982821131718335e-05,-1.2267073213323496e-07,8.938632107901493e-06,-6.32380834567193e-08,-0.0001556662399050676,-0.0018872876579876575,-4.6534230875369914e-05,0.0,0.0,0.9999999999999998,1.1633491596424254e-11,-6.703625961953155e-11,4.237595900495263e-12,-0.11754044983868249,-0.024575902461381242,-0.08129343612636383,0.06791010206765781,-0.0011112954115144824,-0.0008107582331069316,-0.0013676947118716738,-0.000329573599015382
0.43800000000000033,0.19888023762700902,0.1242381658545664,-1.4982893964387274e-05,9.141326798967258e-08,6.966754574051668e-06,-7.283266893911747e-08,0.00021408400012290754,-0.001971877533849825,-9.594585482398172e-06,0.0,0.0,0.9999999999999998,1.968922602153631e-10,-1.974391568803028e-10,3.9179651505750556e-11,-0.11767018431472098,-0.0247124695637393,-0.08140777536850156,0.06780613690677244,0.001596245264693619,0.0019106930031351351,0.00256395482363415,0.0006936732880107868
0.43900000000000033,0.19888023745831587,0.12423817031330552,-1.4982918549983723e-05,-1.6869314386472705e-07,4.458739112902361e-06,-2.458559644890063e-08,-0.0002601064118543996,-0.002508015461149307,4.824707249021684e-05,0.0,0.0,0.9999999999999998,4.160623300091982e-12,-1.0165134766964542e-10,-1.379494175737307e-13,-0.11549055276593592,-0.025801141153436666,-0.08313389436549552,0.06827210812467449,-0.0019457489579359773,-0.0021513586993679983,-0.0030272091289282824,-0.0008209323585259985
0.44000000000000034,0.19888023761346504,0.12423817222753124,-1.4982955076792133e-05,1.551491728926772e-07,1.9142257246400642e-06,-3.6526808410177047e-08,0.00032384231675740424,-0.002544513388262297,-1.1941211961276415e-05,0.0,0.0,0.9999999999999998,5.462797189335243e-12,-2.765530717391342e-10,-3.0606060947785654e-12,-0.11768715584145786,-0.024730790042521485,-0.08146680988041247,0.06776902111666042,0.0025227281127453527,0.0025906922773627768,0.0038102352612424777,0.0010376242183866428
0.44100000000000034,0.1988802372811375,0.12423817146419482,-1.4982969456365813e-05,-3.3232755833859384e-07,-7.633364240220875e-07,-1.4379573680061382e-08,-0.0004874767312312711,-0.0026775621486621517,2.2147234730115665e-05,0.0,0.0,0.9999999999999998,-4.8352267887597616e-11,-1.5862881431224494e-10,3.733005028290058e-12,-0.11558478570568895,-0.02571711260829429,-0.08298574051191376,0.06828827580554915,-0.003751409046584441,-0.003829282831019431,-0.005594774406156138,-0.001545287122011881
0.44200000000000034,0.19888023719854644,0.12423816816912629,-1.4983003254808465e-05,-8.259104625819873e-08,-3.295068523341335e-06,-3.3798442652003556e-08,0.0002497365120803951,-0.0025317320993192474,-1.9418868971942172e-05,0.0,0.0,0.9999999999999998,-5.491354407255825e-11,-6.726388247509034e-12,1.1364682687985008e-11,-0.11775832367082568,-0.024713165107325366,-0.08142983856758343,0.06756671917218968,0.001968447731223623,0.001981064839453845,0.0029775178268406023,0.0008138720359771495
0.44300000000000034,0.19888023736130928,0.12423816314744025,-1.4983088213147975e-05,1.6276283896633064e-07,-5.0216860420016395e-06,-8.495833951047921e-08,0.0002453538852245294,-0.0017266175186603045,-5.115989685847566e-05,0.0,0.0,0.9999999999999998,-2.184648275620161e-11,-1.3646689971127759e-10,1.2589882027709229e-10,-0.11524573726431381,-0.026020531528915796,-0.08337393988808782,0.0681181608230014,0.0009030705979968872,0.0009830076850310975,0.001316925367697536,1.6727200455964217e-05
0.44400000000000034,0.19888023756219747,0.12423815639140597,-1.4983166102902224e-05,2.0088819375481714e-07,-6.756034284975784e-06,-7.788975424891983e-08,3.81253547884865e-05,-0.0017343482429741446,7.068585261559379e-06,0.0,0.0,0.9999999999999998,2.4703662684411378e-11,-1.0916561665613927e-10,3.736263639863753e-12,-0.11554077682754951,-0.025954877910056507,-0.08332138164580921,0.06815737754733457,0.0004056608694846892,0.00019729367086642914,0.00028054711807620704,0.00018515485996234668
0.44500000000000034,0.19888023783848172,0.12423814873605053,-1.4982945122223046e-05,2.7628423360122466e-07,-7.655355431041516e-06,2.209806791772372e-07,7.539603984640753e-05,-0.0008993211460657317,0.00029887043342615707,0.0,0.0,0.9999999999999998,2.0413631203399728e-11,-2.027747052213803e-10,1.2482072841804273e-11,-0.11621749684210977,-0.02582069862068142,-0.0832304356062465,0.06826819973166047,0.0008130831474597591,0.0005342732477624651,0.0010421027168593681,0.00014981646350077223
0.44600000000000034,0.19888023794296011,0.12423814122328122,-1.4982806015667189e-05,1.0447839495416825e-07,-7.512769313445946e-06,1.391065558576614e-07,-0.0001718058386470564,0.00014258611759556967,-8.187412331957582e-05,0.0,0.0,0.9999999999999998,-5.144353329564914e-10,3.478248084839042e-10,-3.8325612593183926e-10,-0.11555689847714817,-0.025849344307001008,-0.0832484048661854,0.0683737615370133,-0.0012684697215827325,-0.0014290595443203988,-0.0020157448240905747,-0.0005530736191900007
0.44700000000000034,0.19888023819843442,0.12423813244274938,-1.4982773542094287e-05,2.554743085371558e-07,-8.780531837148366e-06,3.247357290131321e-08,0.00015099591358298754,-0.0012677625237024195,-0.00010663298295634817,0.0,0.0,0.9999999999999998,-1.3741344459624091e-11,-2.0763552542344028e-10,2.1558566354826994e-13,-0.11762937835235221,-0.024725535420360042,-0.08138741222918884,0.06786596008069729,0.0013895225169688848,0.001678123953392261,0.0021973938974679144,0.0006332609110116694
0.44800000000000034,0.19888023837975463,0.12423812544767986,-1.498275826263594e-05,1.8132022108870795e-07,-6.9950695252565795e-06,1.5279458347887858e-08,-7.415408744844784e-05,0.0017854623118917863,-1.7194114553425348e-05,0.0,0.0,0.9999999999999998,1.9310275482138857e-11,-1.42614327686507e-10,-9.086499962898085e-12,-0.11549283455554059,-0.025911137890056737,-0.08323069104456753,0.06839582121348382,-0.0004935521790431487,-0.0006138274569813233,-0.0009147783615746115,-0.00017465169373615707
0.44900000000000034,0.19888023840694713,0.12423811972772927,-1.4982652754243287e-05,2.7192487954734374e-08,-5.719950578382978e-06,1.055083926532477e-07,-0.00015412773313397358,0.0012751189468736017,9.022893430535985e-05,0.0,0.0,0.9999999999999998,1.696631427028798e-11,-6.975770366654723e-11,9.395148036360267e-13,-0.11787277728034505,-0.02450804605282738,-0.08119160324545306,0.06795657186453155,-0.0010628342216238984,-0.0009540449527804659,-0.0013336851243452125,-0.00042035413821238073
0.45000000000000034,0.19888023856003934,0.12423811565494033,-1.4982588221816945e-05,1.5309220794850388e-07,-4.072788935961024e-06,6.453242634216566e-08,0.00012589971999376953,0.0016471616424219542,-4.097596631108204e-05,0.0,0.0,0.9999999999999998,-3.812615429837104e-11,-2.4037979316434567e-10,2.393571053716288e-11,-0.11777591214982636,-0.02472853628835897,-0.0813527683946208,0.06788502340909486,0.0009927110896099497,0.0012104409370635963,0.0017003762768725533,0.00043906381186133544
0.45100000000000035,0.1988802387223449,0.12423811328523618,-1.4982604761343698e-05,1.6230556298215974e-07,-2.3697041553643765e-06,-1.653952675405634e-08,9.213355033655857e-06,0.001703084780596647,-8.1071953096222e-05,0.0,0.0,0.9999999999999998,-9.082429342473592e-11,-2.436972192223098e-10,4.563830702101402e-11,-0.11538679618062662,-0.02597848011382377,-0.0834189348436062,0.06843775972755811,0.00021969512730415328,9.972869211870454e-05,9.136416719992162e-05,0.0001234729178342111
0.45200000000000035,0.19888023883695422,0.12423811383693523,-1.4982850252550458e-05,1.1460932139070152e-07,5.516990453026946e-07,-2.4549120675971835e-07,-4.7696241591458216e-05,0.002921403200667071,-0.000228951680005662,0.0,0.0,0.9999999999999998,3.221032477957666e-10,-3.5429292711140816e-10,1.3463798335275421e-10,-0.11552184592718316,-0.025949227036962053,-0.08327627184339267,0.0683768963239206,0.000807525566475949,0.0006783466135815824,0.0007725282566475608,0.0005253947843471201
0.45300000000000035,0.19888023898708504,0.12423811525115068,-1.498302790972231e-05,1.501308291059507e-07,1.4142154469446506e-06,-1.7765717185364986e-07,3.552150771524917e-05,0.000862516401641956,6.783403490606849e-05,0.0,0.0,0.9999999999999998,5.315370648328097e-10,3.811819091715883e-11,2.148223581386986e-11,-0.11689144240588632,-0.02522093857884833,-0.08244892724211679,0.06818230266424964,-0.00038823575649356957,-0.00039864029418538885,-0.0002074522448496756,-0.0003516468054841788
0.45400000000000035,0.1988802391630604,0.12423811746221244,-1.4982733122447676e-05,1.7597536919127976e-07,2.2110617688421834e-06,2.947872746342314e-07,2.584454008532907e-05,0.0007968463218975328,0.0004724444464878812,0.0,0.0,0.9999999999999998,-1.7822909490338636e-11,-1.7478095843318788e-10,3.4202567045883415e-11,-0.11560387281686081,-0.025849462184302126,-0.08333763859086324,0.06842972562426557,-0.0014740789561707819,-0.0017557726997678212,-0.0021413824114627404,-0.0008994751290612634
0.45500000000000035,0.19888023940728078,0.12423812206233481,-1.4982771786662037e-05,2.4422036752505895e-07,4.600122370589202e-06,-3.8664214361568795e-08,6.824499833377919e-05,0.0023890606017470187,-0.0003334514889958002,0.0,0.0,0.9999999999999998,-1.951665290452615e-10,1.9553845657547603e-10,2.041627832098133e-12,-0.11754770881514652,-0.024818189400342038,-0.08167146027052423,0.068039919933216,0.002731276166664374,0.00292225499469075,0.004039235939973001,0.0015158674568209723
0.45600000000000035,0.19888023937282698,0.12423812754465105,-1.4982764569094478e-05,-3.445381225549487e-08,5.482316242547213e-06,7.217567559400482e-09,-0.0002786741797805538,0.0008821938719580113,4.5881781920969274e-05,0.0,0.0,0.9999999999999998,-7.372867689009095e-13,-1.2953865357341462e-10,-2.16350502323759e-12,-0.11552600676422402,-0.025814766674465573,-0.08316605847858853,0.06842302249169029,-0.002440415693061695,-0.0025013379232405267,-0.0036577640468860337,-0.001024302390184201
0.45700000000000035,0.19888023934024865,0.12423813337086305,-1.498282437880775e-05,-3.257832943405972e-08,5.82621200078191e-06,-5.980971327133024e-08,1.875482821435145e-06,0.000343895758234697,-6.702728083073073e-05,0.0,0.0,0.9999999999999998,1.2137088095198322e-11,5.080443154179428e-11,3.620557037016079e-11,-0.11776984038185727,-0.02461382298823691,-0.08132685335595315,0.06784543551626243,0.0008164004252007066,0.0008779091456761787,0.001267896102959002,0.0003777026734361105
0.45800000000000035,0.19888023928793677,0.1242381392409796,-1.4982871461708863e-05,-5.231188505758947e-08,5.87011653915176e-06,-4.70829011134721e-08,-1.973355562352975e-05,4.3904538369850015e-05,1.2726812157858147e-05,0.0,0.0,0.9999999999999998,4.318284780543472e-10,-3.425410690987684e-10,4.636220597272559e-11,-0.11741310964327029,-0.02455250722635628,-0.08136624814949789,0.06798085178271063,-0.00025536147382368185,-0.0001317661990789238,-0.00015733732858215114,-3.92867065551268e-05
0.45900000000000035,0.1988802392530312,0.12423814464918789,-1.4982769232079797e-05,-3.4905567185769723e-08,5.408208293621551e-06,1.0222962906644537e-07,1.7406317871819746e-05,-0.0004619082455302095,0.00014931253017991746,0.0,0.0,0.9999999999999998,4.523144738370099e-12,-6.664454560723388e-11,-7.387210841313543e-12,-0.11547605920964273,-0.02591724069515441,-0.08328944242260529,0.06834811383942814,-0.0003667925429798874,-0.0005307155915715917,-0.000612206163759292,-0.0002285360412992087
0.46000000000000035,0.19888023928482806,0.12423814959143795,-1.4982837892581401e-05,3.1796864305499035e-08,4.942250051933241e-06,-6.866050160415391e-08,6.670243149126875e-05,-0.00046595824168830987,-0.00017089013067059927,0.0,0.0,0.9999999999999998,3.924840647059597e-11,-1.2739805577544022e-10,4.588965775104438e-12,-0.1177282869368415,-0.02464953049930476,-0.08131584067298432,0.0677125609105668,0.0014448104361504345,0.001757303403760328,0.002209950023953607,0.0006707900210703006
0.46100000000000035,0.1988802392525545,0.12423815313936802,-1.4982689697655298e-05,-3.22735659670109e-08,3.5479300735937113e-06,1.4819492610259695e-07,-6.407043027250994e-05,-0.0013943199783395296,0.00021685542770675089,0.0,0.0,0.9999999999999998,3.331354562902886e-12,-5.661599725772508e-11,-7.234851434123751e-13,-0.11541617490829696,-0.02581976136698507,-0.08325665130475926,0.06839391346856599,-0.0017263044512193283,-0.002128634832299143,-0.002609897701300538,-0.0008811188339678566
0.46200000000000035,0.1988802392385828,0.12423815558563042,-1.498271826636388e-05,-1.3971671452571967e-08,2.446262404484567e-06,-2.8568708581662933e-08,1.8301894514438937e-05,-0.0011016676691091444,-0.0001767636346842599,0.0,0.0,0.9999999999999998,4.651047350848442e-12,-1.0410911457085661e-10,-4.60419425902155e-12,-0.1177451624285191,-0.024636093830942084,-0.08129479585645262,0.06783005590925378,0.0010878533855467854,0.001401770263761565,0.0017065473942074597,0.0006039351346666731
0.46300000000000036,0.198880239371843,0.12423815646212485,-1.4982648586372455e-05,1.3326017212675187e-07,8.764944394442163e-07,6.967999142573518e-08,0.00014723184357932383,-0.0015697679650403507,9.824870000739811e-05,0.0,0.0,0.9999999999999998,-3.0218001572843065e-10,-3.426627175500048e-10,-8.439251638281343e-11,-0.11537916398724402,-0.02598361477185157,-0.08339878027565147,0.06831766655967518,0.0005752010303268226,0.0003670621140322935,0.0006846833481725181,0.000200345808505483
0.46400000000000036,0.1988802395095515,0.12423815594316846,-1.4982679367740603e-05,1.3770851841605158e-07,-5.189563884167848e-07,-3.078136814739102e-08,4.448346289299708e-06,-0.001395450827861001,-0.0001004613595731262,0.0,0.0,0.9999999999999998,5.74562041954447e-11,-1.2562724243133354e-10,8.169796607592403e-12,-0.11536961633145168,-0.02597581931223118,-0.08336927744573168,0.06836975438196131,-9.533243351336254e-06,-0.0002371790860401207,-0.00029054043380105404,-4.530613105442154e-05
0.46500000000000036,0.1988802393246211,0.12423815417523464,-1.4982700812830265e-05,-1.8493041691525346e-07,-1.7679338264471715e-06,-2.1445089661545334e-08,-0.00032263893533130507,-0.0012489774380303868,9.336278485845685e-06,0.0,0.0,0.9999999999999998,-1.6224221561408166e-10,9.838654282888104e-12,-4.599828007954009e-11,-0.11776135378816603,-0.024481665293265523,-0.08147816625377002,0.0680337932424364,-0.001172069123634755,-0.0010918965397471233,-0.0013509714772836226,-0.00029173317999577113
0.46600000000000036,0.19888023908177993,0.12423815130242348,-1.4982713629030928e-05,-2.428411678020054e-07,-2.872811162561739e-06,-1.2816200663434813e-08,-5.7910750886751926e-05,-0.0011048773361145676,8.628888998110521e-06,0.0,0.0,0.9999999999999998,8.464096816944699e-11,-1.105830228612102e-12,1.7971237765928606e-11,-0.11780037187004984,-0.02447289693768065,-0.08115693184909945,0.06781775424184774,-0.00044108792899807703,-0.00018240149722435433,-0.0003440980089954493,-0.00019889744614472226
0.46700000000000036,0.19888023876035338,0.1242381473906005,-1.4982729228786886e-05,-3.214265486874967e-07,-3.911822976287241e-06,-1.5599755959331654e-08,-7.85853808854913e-05,-0.0010390118137255015,-2.783555295896841e-06,0.0,0.0,0.9999999999999998,2.772579041363998e-11,-3.8705693469056356e-11,-6.700426611172603e-12,-0.11782890592824949,-0.02462897082919437,-0.08126439044348936,0.06782075954586878,-2.7828327303206356e-06,0.00033496775816083775,0.00023371887804260534,0.00012163223782072633
0.46800000000000036,0.198880238838262,0.12423814311866993,-1.4982755960642219e-05,7.790862042443112e-08,-4.271930570055361e-06,-2.6731855332724608e-08,0.0003993351691119278,-0.00036010759376812004,-1.1132099373392954e-05,0.0,0.0,0.9999999999999998,2.7078635952662245e-12,-1.4237092431632057e-10,-3.4175455059779373e-12,-0.1158026819639118,-0.02582377186469715,-0.08253066005131046,0.06802322326733293,0.0008021292843119562,0.0008084995794269768,0.000941049214702978,0.00015307071512622554
0.46900000000000036,0.19888023879161976,0.1242381387493327,-1.4982817681094954e-05,-4.664224327562639e-08,-4.369337218717051e-06,-6.17204527353726e-08,-0.0001245508637000575,-9.740664866168995e-05,-3.498859740264799e-05,0.0,0.0,0.9999999999999998,-2.3397764669970534e-12,-6.692851464890872e-11,5.620241697700014e-13,-0.11551936229801422,-0.025920452935415502,-0.08322500619010159,0.06826463493874235,-0.0004426601881594928,-0.0008644171986915671,-0.001054196115815539,-0.00021977594114010727
0.47000000000000036,0.1988802394022051,0.12423813409435903,-1.4982755754772985e-05,6.105853266968429e-07,-4.654973671368072e-06,6.19263219692142e-08,0.0006572275699724693,-0.000285636452651021,0.0001236467747045868,0.0,0.0,0.9999999999999998,-9.981796876891989e-11,-4.83837512365346e-10,-1.7281058306526724e-11,-0.11753745910721664,-0.02485194639671278,-0.08165069311877657,0.06792414948436833,0.003953658221521876,0.004180680496957215,0.006125042837326665,0.00156111448112272
0.47100000000000036,0.19888023883492761,0.12423813027386627,-1.4982844494002727e-05,-5.672774737223537e-07,-3.82049276520664e-06,-8.873922974096126e-08,-0.0011778628004191966,0.000834480906161432,-0.00015066555171017548,0.0,0.0,0.9999999999999998,1.587137203976755e-11,-5.88866323666125e-11,3.992363249082763e-12,-0.11583233612297103,-0.025578927967215375,-0.08269441869954765,0.0684328233255518,-0.007215698852070341,-0.007146371028883096,-0.010786982257965596,-0.00272607526113476
0.47200000000000036,0.19888023897621035,0.12423812700533875,-1.498286925245656e-05,1.4128273363120344e-07,-3.268527513419794e-06,-2.475845383161435e-08,0.0007085602073535571,0.0005519652517868456,6.398077590934691e-05,0.0,0.0,0.9999999999999998,1.5195234020415591e-10,-1.9551859930851398e-10,-1.5573991244047947e-11,-0.11765236603891904,-0.02480101029636907,-0.08154594833359567,0.06781435082523468,0.004772085365668521,0.004725051955406584,0.007108292028211467,0.0018486068288310433
0.47300000000000036,0.1988802389936657,0.12423812445485825,-1.4982846426144477e-05,1.7455337711375765e-08,-2.5504804936731157e-06,2.282631208131746e-08,-0.00012382739591982768,0.0007180470197466783,4.7584765912931816e-05,0.0,0.0,0.9999999999999998,-8.219203215521022e-11,-2.8884091273127855e-10,-1.566911400285069e-11,-0.11542355918890332,-0.025982757130744414,-0.08331845304508488,0.06846081938966044,-0.0016898097691775706,-0.0016991408918598631,-0.0025310745221317414,-0.0006916227919694743
0.47400000000000037,0.19888023894328385,0.12423812308657742,-1.4982799684439666e-05,-5.0381848055170464e-08,-1.3682808378407655e-06,4.6741704811607754e-08,-6.783718576654624e-05,0.0011821996558323503,2.3915392730290292e-05,0.0,0.0,0.9999999999999998,1.786705488263119e-11,-2.722078898446562e-10,-8.553054473649622e-12,-0.11783376332313769,-0.02457102216826071,-0.08119641958056098,0.067835982618694,0.00045918727136925704,0.0005435140507344997,0.0008020861394989293,0.00019896775229453576
0.47500000000000037,0.19888023896143117,0.12423812274196479,-1.4982782015218994e-05,1.8147309745073516e-08,-3.4461262846719846e-07,1.7669220671996704e-08,6.852915780024398e-05,0.001023668209373567,-2.907248413961105e-05,0.0,0.0,0.9999999999999998,1.6155765826173764e-10,-1.009130311538788e-10,-5.936175516287876e-13,-0.1154039871256796,-0.026037389582042367,-0.0834130264389438,0.0684435769107312,-0.0001133125900138469,-0.00031447099809008754,-0.0003659089675527749,-0.00013682760238600315
0.47600000000000037,0.1988802388709195,0.12423812246358866,-1.4982794571161078e-05,-9.05116861769288e-08,-2.7837612280079707e-07,-1.255594208312398e-08,-0.00010865899592200231,6.623650566640139e-05,-3.0225162755120687e-05,0.0,0.0,0.9999999999999998,-1.0994733765366675e-09,1.098015527069287e-09,-4.751552653695078e-10,-0.11783980497297834,-0.024541957675756496,-0.08138608622471888,0.06792496616204347,-0.0005986515237011512,-0.0004305740509668191,-0.00047890058758203136,-0.00021470903958785458
0.47700000000000037,0.19888023863160806,0.12423812513815367,-1.4983071290729232e-05,-2.3931143626460495e-07,2.674565016757389e-06,-2.7671956815436257e-07,-0.00014879975008767616,0.002952941139558186,-0.00026416362607123856,0.0,0.0,0.9999999999999998,-4.330475514480085e-11,-5.705349443443608e-11,-1.2435104257129664e-11,-0.11695954382561771,-0.024955045853128927,-0.08165793225160861,0.06789892625122557,-0.0012797355194060832,-0.0012741138577203196,-0.0018945753127289754,-0.0006674527064038406
0.47800000000000037,0.19888023845911115,0.12423812837323443,-1.4983324775980193e-05,-1.7249689334732993e-07,3.235080762783152e-06,-2.5348525096115243e-07,6.681454291727502e-05,0.000560515746025763,2.3234317193210142e-05,0.0,0.0,0.9999999999999998,4.1879762957366647e-11,-4.208860350618317e-11,-1.2122183762140103e-11,-0.11750545004799888,-0.024736190574823177,-0.08135070183802169,0.06800483275448069,0.001302033984443309,0.001560281903345001,0.0018547378546506952,0.0008100580448958702
0.47900000000000037,0.1988802383886856,0.12423813059429148,-1.4983548203969023e-05,-7.042554952605961e-08,2.22105704462815e-06,-2.234279888302468e-07,0.00010207134382127033,-0.0010140237181550018,3.005726213090562e-05,0.0,0.0,0.9999999999999998,-1.7832159541385217e-11,-6.445192978524123e-11,7.243465442180511e-12,-0.11622761613343256,-0.025597407285265876,-0.08261978315958542,0.06817756599533364,-0.0007383958108049367,-0.0008497856261392905,-0.0009624513834366804,-0.0005067362698257381
0.48000000000000037,0.19888023841165053,0.12423813385853838,-1.4983673378094498e-05,2.296492598455404e-08,3.2642468990328653e-06,-1.2517412547413125e-07,9.339047551061364e-05,0.001043189854404715,9.825386335611556e-05,0.0,0.0,0.9999999999999998,-2.9305241896270674e-10,-5.651104282941815e-10,-7.515066756474982e-11,-0.11734523580373873,-0.024826135600549346,-0.08125719292607622,0.06798574979819387,0.001308933278915323,0.0016261544554527756,0.0017614043123244368,0.0007556104062485758
0.48100000000000037,0.1988802386244349,0.12423813734670011,-1.4983751608947752e-05,2.1278436566189617e-07,3.488161738292063e-06,-7.823085325492938e-08,0.00018981943967734215,0.00022391483925919783,4.694327221920187e-05,0.0,0.0,0.9999999999999998,1.28676579580951e-10,-3.5070809317706264e-10,-3.027899220789184e-11,-0.11530191663932404,-0.02602749027090266,-0.08349177267556526,0.06843682457333146,0.0008918616210047014,0.0006562340116468345,0.0011199131067775436,0.00032854301336944817
0.4820000000000004,0.1988802384524228,0.12423814063025242,-1.4983792772635531e-05,-1.720121040910418e-07,3.283552305276563e-06,-4.1163687779638916e-08,-0.00038479646975293796,-0.0002046094330155002,3.706716547529046e-05,0.0,0.0,0.9999999999999998,6.100716685404739e-13,-8.165479172961399e-11,-4.69429215980214e-13,-0.11550150830315925,-0.02580277020007737,-0.083154536871394,0.06839193535649937,-0.0031698394760213246,-0.0034970462425490474,-0.0048829465602404495,-0.001379104791836055
0.4830000000000004,0.1988802386115561,0.12423814361547433,-1.4983854503321138e-05,1.5913330047554386e-07,2.9852219206269472e-06,-6.173068560660542e-08,0.00033114540456658566,-0.0002983303846496157,-2.0566997826966503e-05,0.0,0.0,0.9999999999999998,2.411562258309056e-10,-9.537543909690473e-11,2.512784529858313e-11,-0.11771743382835027,-0.02463911551620417,-0.08138022695653001,0.06781739553887221,0.002743466613213632,0.0028688963801032454,0.004151412929494931,0.0011496443980181512
0.4840000000000004,0.1988802387105208,0.12423814617401792,-1.498383878544105e-05,9.896468663891927e-08,2.5585435793157967e-06,1.5717880087835193e-08,-6.0168613836624594e-05,-0.00042667834131115056,7.744856569444061e-05,0.0,0.0,0.9999999999999998,-6.522899395303298e-10,7.932342839472688e-10,-8.221844611060259e-11,-0.11533263428385346,-0.025975391549448404,-0.08338139788520191,0.06841180447074918,-0.0008532647488089573,-0.0008953045128371365,-0.0013353315704864813,-0.00036240239080587286
0.4850000000000004,0.19888023879399216,0.12423814756201036,-1.4983937071126067e-05,8.347137437403485e-08,1.3879924471532606e-06,-9.828568501709439e-08,-1.549331226488442e-05,-0.001170551132162536,-0.00011400356510492958,0.0,0.0,0.9999999999999998,-2.3160363425451683e-10,-7.22346908035168e-11,-4.269986965612438e-11,-0.1178198769593439,-0.0245564154538378,-0.08124274038175018,0.06783582220589802,0.000519575484065209,0.0006778533296660613,0.0008946558268611246,0.00025361750522148
0.4860000000000004,0.19888023889351075,0.12423814866085571,-1.4984021296727105e-05,9.95185826093779e-08,1.0988453438809899e-06,-8.422560103878523e-08,1.6047208235343046e-05,-0.0002891471032722707,1.4060083978309162e-05,0.0,0.0,0.9999999999999998,3.953189019720582e-11,-1.7013428738319663e-10,1.0421346686089187e-11,-0.11533424364943788,-0.026001042428418362,-0.08339443451653059,0.06838978229768926,3.292347695842934e-05,-0.00011115567299707617,-0.00019972260053438453,3.310133378565424e-05
0.4870000000000004,0.19888023866119198,0.12423814857709373,-1.4983758056981155e-05,-2.3231876911427513e-07,-8.376198964766019e-08,2.632397459491545e-07,-0.00033183735172365305,-0.0011826073335286502,0.00034746534698793977,0.0,0.0,0.9999999999999998,2.3947230052600545e-10,8.98909511382224e-11,-7.329547787321082e-10,-0.11785550412150386,-0.02449838780303382,-0.08153657845631845,0.06808336851191164,-0.0018050295106800313,-0.0017783210910991675,-0.0020797224067992917,-0.000713872159794419
0.4880000000000004,0.19888023824807327,0.12423814799554518,-1.4983690085810243e-05,-4.1311871376287056e-07,-5.815485387688019e-07,6.797117091319306e-08,-0.00018079994464859542,-0.0004977865491211417,-0.00019526857503596146,0.0,0.0,0.9999999999999998,-2.1614219983760645e-10,3.031477786457304e-10,-5.580524608117852e-11,-0.11786953358331194,-0.024436353690076625,-0.08171818505866117,0.06785501712933999,0.0006376900251061257,0.000983828472834995,0.0010942202175150148,0.0004466234305362514
0.4890000000000004,0.19888023852018394,0.12423814678250018,-1.4983681693038378e-05,2.7211067888760275e-07,-1.2130450045806375e-06,8.392771865241812e-09,0.0006852293926504733,-0.0006314964658118357,-5.9578399047951256e-05,0.0,0.0,0.9999999999999998,1.1695259903471504e-10,-1.0072150615664487e-10,1.646870101673344e-11,-0.11577051833570048,-0.026238688355588787,-0.08242654752369197,0.06785646955414329,0.002333781900227532,0.0023192391466138494,0.0033895609806841695,0.0007462720961844048
0.4900000000000004,0.19888023824446036,0.12423814545832054,-1.498370061642905e-05,-2.7572358920414667e-07,-1.3241796446947815e-06,-1.8923390670544632e-08,-0.0005478342680917494,-0.000111134640114144,-2.7316162535786446e-05,0.0,0.0,0.9999999999999998,1.476407414486805e-11,1.1447768904591508e-10,3.535700910722202e-11,-0.11547505369794736,-0.025781699255021905,-0.0829946504395259,0.06837537156842302,-0.003575601204635194,-0.0035839380038195263,-0.005468100930772271,-0.001364064313642781
0.4910000000000004,0.1988802381939251,0.1242381425222705,-1.4983550335307072e-05,-5.0535251390529516e-08,-2.9360500389464373e-06,1.5028112197630765e-07,0.00022518833781361714,-0.0016118703942516557,0.0001692045126468523,0.0,0.0,0.9999999999999998,-4.25003431921736e-12,-8.135735568372302e-11,-3.7735991833686165e-12,-0.11784627955082305,-0.02467204511831389,-0.08145098988061235,0.06788877189599567,0.000867490366600032,0.0006097769641824259,0.0015293778681375037,0.00014815084354544985
0.4920000000000004,0.19888023797413168,0.1242381398889551,-1.4983508032920378e-05,-2.197934370867696e-07,-2.6333153968537065e-06,4.230238669384915e-08,-0.00016925818569624008,0.0003027346420927308,-0.0001079787352824585,0.0,0.0,0.9999999999999998,-1.1509068912608156e-11,-6.462808542267991e-11,-4.075552193255164e-12,-0.11774359877433888,-0.024741721899110537,-0.08164591494798397,0.06799362006902139,-8.962032084546085e-05,0.000540277902434991,0.00020971856936021692,0.0002868153523128585
0.4930000000000004,0.1988802383102517,0.12423813758369219,-1.4983641924700085e-05,3.361200194489199e-07,-2.3052629149097982e-06,-1.3389177970826196e-07,0.0005559134565356895,0.0003280524819439083,-0.00017619416640211113,0.0,0.0,0.9999999999999998,-1.7789055590941114e-11,-2.4353951986523015e-10,-3.7113062379791994e-12,-0.11538273282476007,-0.026224264237516857,-0.08312648614175477,0.06798898994665449,0.0027690341322375153,0.002731524535327734,0.0038266951071687905,0.0009998004084558823
0.4940000000000004,0.1988802382879388,0.124238135089442,-1.4983683520997091e-05,-2.231289160501451e-08,-2.4942501885676206e-06,-4.159629700634666e-08,-0.0003584329110539344,-0.00018898727365782242,9.22954827019153e-05,0.0,0.0,0.9999999999999998,-4.781828389620064e-12,-1.4437426862718436e-10,-4.56581873803467e-12,-0.11545631853807424,-0.025865460728047567,-0.08322327228845405,0.06845187286585436,-0.0031781006111057815,-0.0033414024384462258,-0.0047478866370486966,-0.0014000742489829003
0.4950000000000004,0.19888023815298853,0.12423813312234273,-1.4983778750730245e-05,-1.3495027610156475e-07,-1.9670992567911678e-06,-9.522973315255987e-08,-0.00011263738449655024,0.0005271509317764529,-5.363343614621321e-05,0.0,0.0,0.9999999999999998,1.5681222401332144e-11,-4.0266747193943555e-11,1.2153012693359323e-12,-0.11792639072496117,-0.024441960216816244,-0.08102528811477605,0.06779764991884354,-9.17830901451525e-05,7.087047649100264e-05,-3.441788878133592e-05,2.579696324605937e-05
0.4960000000000004,0.19888023803752874,0.12423813141313371,-1.498376265809254e-05,-1.1545979175930885e-07,-1.7092090310375303e-06,1.6092637705625072e-08,1.94904843422559e-05,0.0002578902257536375,0.00011132237085818494,0.0,0.0,0.9999999999999998,-1.0807421063542996e-10,3.4391314038320676e-10,-5.635166083483439e-11,-0.1179083351742773,-0.024484430813616512,-0.08108750638838733,0.06781365061463729,4.8325415327210506e-05,7.072386583065132e-05,0.000307302619368175,5.955895730855096e-06
0.4970000000000004,0.19888023801844573,0.12423813034020155,-1.4984101946018438e-05,-1.908302401629902e-08,-1.0729321613540564e-06,-3.3928792589764836e-07,9.637676774300983e-05,0.0006362768696834739,-0.0003553805636032734,0.0,0.0,0.9999999999999998,2.484750741419708e-11,-5.5912787746947735e-11,4.351864324363897e-12,-0.11710049969181043,-0.024497160292663973,-0.08105249366274903,0.06781062674127593,-2.75373677412037e-05,0.00019508154208553108,-0.00013884164780434173,-2.696263462326742e-05
0.4980000000000004,0.1988802381078753,0.12423812967948135,-1.4983922514168922e-05,8.942956613614279e-08,-6.607201972230704e-07,1.7943184951590863e-07,0.0001085125901524418,0.00041221196413098593,0.000518719775413557,0.0,0.0,0.9999999999999998,5.3943245182787266e-11,-7.016275374848012e-10,4.1634041901284954e-11,-0.11577535637243218,-0.02602273528933187,-0.08335666625206141,0.0683223322883345,0.00046872630042993796,0.00014676425485045668,0.0006442853556612251,4.451433738008062e-05
0.4990000000000004,0.19888023815269523,0.12423812977272787,-1.49842364612519e-05,4.4819920965827784e-08,9.32465250523055e-08,-3.139470829779347e-07,-4.4609645170315006e-05,0.0007539667222753759,-0.0004933789324938434,0.0,0.0,0.9999999999999998,1.0818716124647586e-10,-5.185963215352253e-11,1.4503837618649343e-11,-0.11559809237883352,-0.026090610574109857,-0.08337709463777329,0.0683906031165276,0.0009185433016595675,0.0010277409934311313,0.0010346792991065075,0.0005640269487774046
0.5000000000000003,0.198880238180318,0.1242381295643886,-1.4984190885001925e-05,2.7622768066240326e-08,-2.08339283070091e-07,4.5576249974148446e-08,-1.7197152899587456e-05,-0.0003015858081223965,0.00035952333295208316,0.0,0.0,0.9999999999999998,3.9259880988837683e-10,-1.576541869406934e-09,-8.005987273500182e-10,-0.11700918374017252,-0.025659638385274994,-0.08253775429181431,0.06819415045919512,-0.0015354770466888695,-0.0015230884106594582,-0.001852785099340857,-0.0009630437565003237
0.5010000000000003,0.19888023822980833,0.1242381300555325,-1.4984712502592204e-05,4.9490326382832085e-08,4.911439072278957e-07,-5.216175902793337e-07,2.186755831659176e-05,0.0006994831902979867,-0.000567193840253482,0.0,0.0,0.9999999999999997,6.619622679069333e-09,9.536182103761771e-09,1.0383813368321144e-09,-0.11762984307444536,-0.0244825069998418,-0.08139811383941208,0.06818159357621846,0.0009284019425220173,0.0012529979461214373,0.0015032945201119497,0.0006777627526117994
0.5020000000000003,0.19888023796040752,0.12423813131472207,-1.4984249946063832e-05,-2.6940081079021243e-07,1.25918956588662e-06,4.6255652837161113e-07,-0.0003188911371730445,0.0007680456586587243,0.0009841741186509447,0.0,0.0,0.9999999999999997,-5.3947855122379886e-11,-2.547486670039592e-12,-1.5583269743863074e-11,-0.11633135375840407,-0.025676320387317098,-0.08299265096841021,0.06784858514932937,-0.00032785191297408944,-0.0002055531478391474,-0.00022415811855597707,-0.00010075983688622501
0.5030000000000003,0.1988802379512024,0.12423813255644009,-1.4984394164148592e-05,-9.205118658453911e-09,1.241718022221434e-06,-1.4421808476093577e-07,0.0002601956921317585,-1.7471543665186034e-05,-0.0006067746131325468,0.0,0.0,0.9999999999999997,-2.25048808445142e-09,1.5184131572350536e-09,-8.178947185795997e-11,-0.11655042068359131,-0.025249407438254226,-0.08179124902149772,0.06826196116856863,-0.00022528765713169995,-0.0004938969891021289,-0.0005645907051491071,-0.00025416053682271423
0.5040000000000003,0.19888023805922556,0.12423813443800091,-1.4984644255575669e-05,1.0802315675472568e-07,1.8815608262817849e-06,-2.5009142707640907e-07,0.00011722827541317959,0.0006398428040603509,-0.0001058733423154733,0.0,0.0,0.9999999999999997,-1.988834687675921e-12,-1.3520033190544823e-10,-1.0063793945045142e-12,-0.1165540686436031,-0.025012640944936236,-0.08175764340536511,0.06808459335775983,0.0009378182031603977,0.001015372909608839,0.0011098769022147915,0.0005644855156262463
0.5050000000000003,0.19888023829379448,0.12423813631710837,-1.4984755073777301e-05,2.3456891969264212e-07,1.8791074485366645e-06,-1.1081820163255006e-07,0.00012654576293791645,-2.4533777451204245e-06,0.000139273225443859,0.0,0.0,0.9999999999999997,4.0476543633499355e-12,-1.813333166110773e-10,-7.345606513647721e-13,-0.11530661193198627,-0.026059427841694356,-0.08346114945976747,0.0683891655875353,0.00042548394157424445,0.000247651318628349,0.0004235082999953293,6.622167241081233e-05
0.5060000000000003,0.1988802385892364,0.12423813812529184,-1.4984784962807627e-05,2.95441911114908e-07,1.808183472894562e-06,-2.9889030324994624e-08,6.0872991422265894e-05,-7.09239756421025e-05,8.092917130755545e-05,0.0,0.0,0.9999999999999997,-1.4253607618427885e-11,-2.0034301963360962e-10,-2.366379801031979e-12,-0.1152813959046168,-0.026067314280553658,-0.08350945709321336,0.06845876223150843,0.0003489745305780476,0.00010518035576357072,0.00023755374303040917,9.439058009917584e-05
0.5070000000000003,0.19888023869403101,0.12423814030154393,-1.4984635854933365e-05,1.047946107570325e-07,2.1762520744534835e-06,1.491078742615019e-07,-0.0001906473003578755,0.00036806860155892153,0.0001789969045864965,0.0,0.0,0.9999999999999997,1.3516298135874878e-10,1.7769009985161627e-10,-9.859265015162882e-12,-0.11594247182450576,-0.025831450043047714,-0.08332869379874779,0.06839211818584597,-0.0011405514846317432,-0.001387362751415881,-0.0016475163469422923,-0.0005307923762248029
0.5080000000000003,0.19888023917615594,0.12423814179043667,-1.4984574865673609e-05,4.821249142307643e-07,1.488892747284105e-06,6.098925975583982e-08,0.00037733030347373187,-0.0006873593271693785,-8.811861450566207e-05,0.0,0.0,0.9999999999999997,-1.183051218531144e-10,-6.811479037416727e-10,2.1727329376797224e-10,-0.11771612041022782,-0.024673067312649292,-0.08135229274098171,0.06776739221046638,0.0030576184015878574,0.003447154173406142,0.004625148982773128,0.0013225448936031396
0.5090000000000003,0.19888023933980267,0.12423814337091095,-1.4984559926190861e-05,1.636467295036213e-07,1.5804742829257355e-06,1.493948274842982e-08,-0.000318478184727143,9.158153564163057e-05,-4.6049777007410005e-05,0.0,0.0,0.9999999999999997,3.5611075787765043e-10,-7.366502935161365e-10,9.187426038317034e-11,-0.11536582519625124,-0.025880226543244077,-0.08328244649928779,0.06843918540902189,-0.0019269578630533252,-0.0019219953283921658,-0.002928690029425994,-0.0007128233221984639
0.5100000000000003,0.19888023914768577,0.12423814378082741,-1.4984280611341271e-05,-1.9211690647992426e-07,4.0991646671969594e-07,2.7931484959054093e-07,-0.0003557636359835456,-0.0011705578162060396,0.0002643753668421111,0.0,0.0,0.9999999999999997,1.4891071271651633e-11,-7.795244969819193e-11,-4.161878106040345e-12,-0.1178976980927888,-0.02433915250730636,-0.08129469157435609,0.06804420898573732,-0.0025180573113362443,-0.0026118055591231146,-0.0033239101821140675,-0.0010668942517115265
0.5110000000000003,0.19888023922799403,0.12423814422875848,-1.4984179289721908e-05,8.03082601986508e-08,4.479310725001915e-07,1.0132161936360768e-07,0.0002724251666785751,3.801460578049558e-05,-0.00017799323022693324,0.0,0.0,0.9999999999999997,-2.2884476955972613e-11,-1.864197310052186e-10,-3.4386572789313975e-12,-0.11777525088877101,-0.024640393008046546,-0.08126490643559085,0.0678139470548865,0.0028532478504804852,0.003059109535037254,0.004266192344615703,0.0013562395223781062
0.5120000000000003,0.19888023913960878,0.12423814355289259,-1.4984041833873079e-05,-8.838523654006452e-08,-6.758658854067279e-07,1.3745584882925933e-07,-0.00016869349673871533,-0.0011237969579069194,3.613422946565164e-05,0.0,0.0,0.9999999999999997,-4.004762832323671e-12,-9.661454948426826e-11,-3.6339170314808404e-12,-0.11531566278727975,-0.026027611484682474,-0.0834158396594611,0.06843922388202685,-0.0017111362359539856,-0.0017609975399898398,-0.002574631899453973,-0.0007266362632403929
0.5130000000000003,0.19888023904540456,0.12423814321534823,-1.4984058060437616e-05,-9.420423502276469e-08,-3.3754434800031805e-07,-1.62265645369991e-08,-5.818998482700174e-06,0.0003383215374064099,-0.00015368241336625842,0.0,0.0,0.9999999999999997,3.0264360767965643e-12,-5.509430535404131e-10,1.9210982071353413e-10,-0.11790122310361863,-0.024476577527879455,-0.08108414305620668,0.0678217962237616,0.0004186113772434084,0.0006000742150317556,0.0007452598524201652,0.00025842183989705143
0.5140000000000003,0.19888023928892218,0.12423814212034129,-1.4984003398090475e-05,2.435176089817645e-07,-1.0950069396452008e-06,5.466234714068261e-08,0.0003377218440045292,-0.0007574625916448828,7.08889116776817e-05,0.0,0.0,0.9999999999999997,6.090726564993016e-11,-1.3164249986751014e-10,1.615602118071717e-11,-0.1162867657439559,-0.025475835643568256,-0.08219237270563572,0.06800873383626783,0.0014079998066456056,0.0013986418426914823,0.0019466501064901184,0.0005230231358443072
0.5150000000000003,0.19888023941245328,0.12423814074520581,-1.4983931029751093e-05,1.2353110007730003e-07,-1.3751354786197326e-06,7.236833938305848e-08,-0.00011998650890446447,-0.00028012853897453177,1.7705992242375867e-05,0.0,0.0,0.9999999999999997,-1.8477932320004087e-10,-1.927445255253955e-10,4.040059206954411e-12,-0.11529445608093047,-0.026084484901278217,-0.08344617319183904,0.06850642907844995,-0.0009335446407603371,-0.0010457966209452977,-0.001554514934322773,-0.00036507881158492287
0.5160000000000003,0.19888023937961072,0.12423813927269609,-1.4984229482513713e-05,-3.284255122117258e-08,-1.4725097219479407e-06,-2.9845276262076587e-07,-0.00015637365129847263,-9.737424332820808e-05,-0.00037082110200382435,0.0,0.0,0.9999999999999997,7.207210761418362e-10,-2.453963248701816e-10,-1.661532931882852e-10,-0.1179912986151935,-0.02443505916205068,-0.08103265189469092,0.06812746803877263,-0.0009755607803488776,-0.0008398272782859718,-0.0013201094814375533,-0.00011222289206094667
0.5170000000000003,0.19888023909371108,0.12423813771669817,-1.4983991432681842e-05,-2.858996392556014e-07,-1.5559979071414432e-06,2.3804983187169896e-07,-0.0002530570880344288,-8.34881851935025e-05,0.0005365025944924648,0.0,0.0,0.9999999999999997,-3.3314329830536756e-10,1.9936060750952554e-10,-4.7688322453440003e-11,-0.11790143209209535,-0.024485491693169516,-0.08108123606453638,0.06787805963616188,-0.0003014125609602896,-0.00013309152729684267,-7.620853553449677e-05,-9.149163000933076e-05
0.5180000000000003,0.19888023935538385,0.12423813640385088,-1.4984340048009354e-05,2.616727635491934e-07,-1.3128472866988267e-06,-3.486153275116274e-07,0.0005475724028047948,0.0002431506204426165,-0.0005866651593833263,0.0,0.0,0.9999999999999997,-5.782534988835275e-10,-1.0283720100059204e-10,-1.3294867358900142e-10,-0.11531846890522911,-0.025273008684382457,-0.08197645125737787,0.0680141702424279,0.0013039909025061142,0.0008821691124758186,0.000973815512205715,0.0003786065846344475
0.5190000000000003,0.1988802395056503,0.12423813523932885,-1.4984629852298776e-05,1.5026646280269918e-07,-1.1645220345998197e-06,-2.8980428942274616e-07,-0.00011140630074649423,0.00014832525209900697,5.881103808888122e-05,0.0,0.0,0.9999999999999997,-2.1778982619270244e-12,-1.404816990442953e-10,-8.950789497925909e-13,-0.11532713927969987,-0.02602486438249056,-0.0834006495788402,0.06850015282064413,-0.000702398614178654,-0.0011932437872718684,-0.0014654627846090414,-0.00039323157633264547
0.5200000000000004,0.1988802396285015,0.12423813439880192,-1.498475702382611e-05,1.2285118467021024e-07,-8.405269229006669e-07,-1.2717152733361526e-07,-2.7415278132488938e-05,0.0003239951116991528,0.0001626327620891309,0.0,0.0,0.9999999999999997,6.491604499954348e-11,-1.9650022716015085e-10,-2.9515346330855657e-11,-0.11795105660946423,-0.02437897077191864,-0.08104029265367073,0.06786637550351199,-6.545293558168277e-05,0.0002126351716167424,0.00023917015701450651,8.115520323591087e-05
0.5210000000000004,0.19888023945797823,0.12423813335110756,-1.4984846766986445e-05,-1.7052326437846502e-07,-1.0476943676247975e-06,-8.974316033458881e-08,-0.00029337444904867525,-0.00020716744472413053,3.7428366999026446e-05,0.0,0.0,0.9999999999999997,-1.1381318523019117e-10,-7.39238392907393e-11,7.325460299191449e-12,-0.11797370407583098,-0.024543406480730754,-0.08100814844086479,0.06814824417381722,-0.0011922927767250436,-0.000895261708239327,-0.0015460006592481624,-0.00025436387652052664
0.5220000000000004,0.1988802394952407,0.12423813346706554,-1.498487332843424e-05,3.7262484449400366e-08,1.15957979067799e-07,-2.6561447793799586e-08,0.00020778574882786537,0.0011636523466925966,6.318171254078922e-05,0.0,0.0,0.9999999999999997,7.395808553794462e-11,-1.8581073634426442e-10,-2.9222220792374125e-12,-0.11772504908196167,-0.02448525283275675,-0.08108262701496459,0.06782039803526212,0.0011938775900274586,0.001426334889929467,0.001899897462102081,0.0005236689527879841
0.5230000000000004,0.19888023931699111,0.12423813318893404,-1.4984822401493056e-05,-1.7824959557855904e-07,-2.781315055197278e-07,5.092694118414181e-08,-0.0002155120800279594,-0.00039408948458752676,7.748838897794138e-05,0.0,0.0,0.9999999999999997,-1.0417779644561696e-10,-1.9386737290225318e-10,2.0310840258782795e-11,-0.11537328440451233,-0.02601004760061661,-0.08335082465460428,0.0684738048146085,-0.001854155752289567,-0.002140044408720883,-0.0029204642228630906,-0.0008512325204554273
0.5240000000000004,0.19888023921091663,0.12423813366098588,-1.4984891892996626e-05,-1.0607447904453268e-07,4.720518360233663e-07,-6.949150356942902e-08,7.217511653402636e-05,0.0007501833415430941,-0.00012041844475357084,0.0,0.0,0.9999999999999997,4.981856482011339e-12,-9.611762665951874e-11,-2.0241146879829437e-12,-0.11790353554282514,-0.024432231762804443,-0.08106940534516667,0.06777463595264133,0.0010565093652412836,0.0012417058891338163,0.0016885971365573993,0.0005118957838145786
0.5250000000000004,0.19888023929683685,0.12423813356331599,-1.498483017473692e-05,8.59202075217026e-08,-9.766988262937295e-08,6.171825970518849e-08,0.0001919946865662353,-0.0005697217186527393,0.00013120976327461752,0.0,0.0,0.9999999999999997,1.9007334430293915e-12,-1.244215530135293e-10,1.8006077266067725e-12,-0.11532982028375498,-0.02620836857236604,-0.08349648652855528,0.0682813322604606,0.0006589451949562921,0.0006905341017691425,0.0008614552311974932,8.986361701065264e-05
0.5260000000000004,0.19888024005514357,0.12423813443964167,-1.498471707089972e-05,7.583067280841751e-07,8.763256845747796e-07,1.1310383720020104e-07,0.0006723865205624725,0.0009739955672041525,5.138557749501255e-05,0.0,0.0,0.9999999999999997,-1.4364847559173282e-09,-1.4029409800888145e-09,-3.09478991252037e-10,-0.11541866509795715,-0.02615348579268033,-0.08380872307262417,0.0683070589209486,0.0036326857701700784,0.003237466728275294,0.005337165493670935,0.0013029383028637619
0.5270000000000004,0.19888023972792612,0.1242381358000109,-1.4984941575153843e-05,-3.272174535895394e-07,1.36036924048079e-06,-2.2450425412460617e-07,-0.0010855241816737145,0.00048404355590601043,-0.0003376080913248072,0.0,0.0,0.9999999999999997,1.9821039173706385e-11,-1.3236004688548367e-10,-1.8552192834084968e-11,-0.11557782405867362,-0.025765846118440953,-0.08287213582608105,0.06845366999667465,-0.005812746684544172,-0.0057021498324613396,-0.008916390911894787,-0.002179452631793198
0.5280000000000004,0.19888023972220745,0.12423813622662465,-1.4984917660236332e-05,-5.718664951137052e-09,4.2661374960914584e-07,2.3914917511020158e-08,0.00032149878863840234,-0.0009337554908716442,0.00024841917163562633,0.0,0.0,0.9999999999999997,6.431998030940378e-12,-9.167674307532261e-11,-5.761208340927137e-12,-0.11782456894324032,-0.02447648236066486,-0.08120507167411155,0.06781524807752354,0.0015843344799333723,0.0013440092005845374,0.002488233987398362,0.0005124458858897741
0.5290000000000004,0.19888023966078486,0.12423813770913557,-1.4984921110253839e-05,-6.142258758461432e-08,1.4825109160494203e-06,-3.4500175066995646e-09,-5.5703922633477266e-05,0.0010558971664402746,-2.7364935017719725e-05,0.0,0.0,0.9999999999999997,1.7505805733097096e-10,-1.0515299654839266e-10,-9.014125159399368e-13,-0.11795942372891187,-0.024388444606768034,-0.0809665633873374,0.06785795301007931,-6.717444495352351e-05,0.00040245045907911933,0.00025293352568701264,0.0001091879869158283
0.5300000000000004,0.19888023982162722,0.12423813870551274,-1.4985075370093264e-05,1.6084237450461645e-07,9.963771700587797e-07,-1.5425983942550523e-07,0.00022226496208923078,-0.0004861337459906406,-0.00015080982191880568,0.0,0.0,0.9999999999999997,-7.090697720368239e-11,-1.350036011254931e-10,-1.0327167897009996e-11,-0.11742949405303171,-0.024898842440825207,-0.08149760883237583,0.0679335230912148,0.0010599822958036215,0.0013760724611720555,0.0017174826664654815,0.000509134701096954
0.5310000000000004,0.19888023970052615,0.12423813933486924,-1.4985243187399368e-05,-1.211010828244844e-07,6.293564979142698e-07,-1.6781730610455613e-07,-0.00028194345732910085,-0.00036702067214450994,-1.3557466679050898e-05,0.0,0.0,0.9999999999999997,-3.797552849347878e-10,-3.5036437773856145e-10,1.1313125011025906e-10,-0.11532200567815384,-0.02602325364911279,-0.08337839838504725,0.06849159142710133,-0.002164911117399784,-0.0024122632255312304,-0.003359237965627491,-0.0009120254865622927
0.5320000000000004,0.19888023971110544,0.12423813968988595,-1.4985287492931338e-05,1.0579277168789899e-08,3.5501671712071073e-07,-4.430553197107677e-08,0.0001316803599932743,-0.00027433978079355906,0.00012351177413347938,0.0,0.0,0.9999999999999997,-5.472493730368599e-11,-1.3170561516870694e-10,-8.669162934026717e-12,-0.11784497636461994,-0.024422645653430716,-0.0810902780335177,0.0677803330441488,0.0007874496837736899,0.0009176202060279312,0.0013819896483445522,0.0002441982982638243
0.5330000000000004,0.19888024032866533,0.1242381401889377,-1.4985257150397902e-05,6.175599050272834e-07,4.990517427558622e-07,3.034253343633837e-08,0.0006069806278584935,0.00014403502563515148,7.464806540741514e-05,0.0,0.0,0.9999999999999997,-1.599745688084222e-10,-5.584720110738692e-10,-2.8787773258805474e-11,-0.11580787420363363,-0.02632078825500411,-0.08382330914685183,0.06830460694470006,0.004402087964959882,0.004396624881622402,0.006578388785698729,0.0017855732172839993
0.5340000000000004,0.19888023970858998,0.12423814082127814,-1.498545841638092e-05,-6.200753659895739e-07,6.323404375614133e-07,-2.0126598301757208e-07,-0.0012376352710168571,0.0001332886948055511,-0.00023160851645391046,0.0,0.0,0.9999999999999997,-1.8052318230185708e-10,3.3871194776541547e-12,-5.00796331207445e-11,-0.11561922816923943,-0.02571313540013282,-0.08285514779461303,0.0684600678141883,-0.00733551663994202,-0.007112161567635671,-0.01093281823625993,-0.002756174343940812
0.5350000000000004,0.1988802398219958,0.12423814063168838,-1.49855035700855e-05,1.1340582575200836e-07,-1.8958975935498054e-07,-4.51537045807808e-08,0.0007334811917415823,-0.0008219301969163939,0.00015611227843679128,0.0,0.0,0.9999999999999997,3.0255739421888075e-11,-1.602945078840781e-10,-1.2634151255196743e-11,-0.11770090041144886,-0.02465247800357234,-0.08144530036613772,0.06776986679831253,0.004645518524767982,0.004456327337308851,0.006910033512060988,0.0017458130387013816
0.5360000000000004,0.19888023956219025,0.12423814040417785,-1.4985502077819132e-05,-2.598055261773405e-07,-2.2751052582566527e-07,1.492266367631738e-09,-0.00037321135192934886,-3.7920766470684735e-05,4.664597094841254e-05,0.0,0.0,0.9999999999999997,9.353597329259711e-11,-1.4550441709668438e-10,-4.0223057631752916e-11,-0.11530225424597461,-0.025945535174815553,-0.08336544826393001,0.0684968645494876,-0.0029615335750204533,-0.0030638305211045415,-0.004404646996520919,-0.0012027943255040283
0.5370000000000004,0.1988802397359303,0.12423813993735791,-1.4985576016430664e-05,1.7374005015085743e-07,-4.668199462705746e-07,-7.393861153200529e-08,0.00043354557632819797,-0.00023930942044490935,-7.543087789963703e-05,0.0,0.0,0.9999999999999997,2.8580417393188984e-11,-1.924851983625015e-10,2.1814717067577326e-12,-0.11782837572090296,-0.024569348435447384,-0.08121854481709385,0.06774060223055935,0.003374127353065831,0.003692934566123476,0.005069339963887256,0.0014406441741615964
0.5380000000000004,0.19888023962603593,0.1242381394780529,-1.498549015954562e-05,-1.0989437569046603e-07,-4.593050174274848e-07,8.585688504445032e-08,-0.00028363442584132347,7.514928843089826e-06,0.0001597954965764556,0.0,0.0,0.9999999999999997,2.3105764467270718e-10,-2.898738670967532e-10,-8.868861191692502e-11,-0.11528374891818392,-0.025977206307067457,-0.08343049060790271,0.06849313833042987,-0.002763392123986157,-0.0030609534302368973,-0.004137230859079454,-0.0012602298458513814
0.5390000000000004,0.1988802396559191,0.12423813839249491,-1.498553945075714e-05,2.988318158232866e-08,-1.085557989242549e-06,-4.9291211520391975e-08,0.0001397775572727947,-0.0006262529718150642,-0.0001351480965648423,0.0,0.0,0.9999999999999997,-3.1728227133104537e-10,-2.2231512596303279e-10,-1.22344655644403e-10,-0.11793036819747792,-0.02448126055310193,-0.08108377958589136,0.06777707830877013,0.0017098658959910126,0.002030459454689548,0.002668455846166373,0.0007961111115409886
0.5400000000000004,0.19888023949323758,0.12423813894668236,-1.498556351924019e-05,-1.6268153705147437e-07,5.541874499792582e-07,-2.406848305055042e-08,-0.00019256471863380304,0.001639745439221807,2.5222728469841554e-05,0.0,0.0,0.9999999999999997,1.1915087203945471e-10,3.797018913515954e-10,4.0592020770051295e-11,-0.11524678594306381,-0.02600744084447353,-0.0834085621231998,0.06844390784921126,-0.0012086003131107398,-0.001632096686617649,-0.002027688457207701,-0.0005652636096837864
0.5410000000000004,0.19888023971531313,0.12423813748122403,-1.498559742427116e-05,2.2207556088950085e-07,-1.4654583227335682e-06,-3.390503097092313e-08,0.0003847570979409752,-0.002019645772712826,-9.83654792037271e-06,0.0,0.0,0.9999999999999997,-9.694583604664188e-12,-1.8143798097761596e-10,-2.1026573919310903e-11,-0.11796313334535342,-0.02458504843484252,-0.08115064078164182,0.06779553415685069,0.0017317096797241445,0.002164846420075047,0.0028339028546449092,0.0007678412421913965
0.5420000000000004,0.19888023963066132,0.12423813684066584,-1.4985579396071219e-05,-8.465180784462952e-08,-6.405581915144118e-07,1.8028199941385544e-08,-0.0003067273687341304,0.0008249001312191565,5.1933230912308675e-05,0.0,0.0,0.9999999999999997,-2.3056569890526224e-12,-8.005286727598705e-11,-8.675063252155134e-13,-0.11532261889371123,-0.0260023026780187,-0.08346459352966451,0.06846884539594171,-0.0017442146576010598,-0.001963991004804654,-0.002722573422784805,-0.0007723869886483956
0.5430000000000004,0.19888023961718723,0.12423813655177186,-1.4985617276559406e-05,-1.3474079182568935e-08,-2.8889397801715905e-07,-3.788048818742039e-08,7.117772866206058e-05,0.00035166421349725277,-5.590868812880593e-05,0.0,0.0,0.9999999999999997,1.604902343318985e-11,-1.2420856955505905e-10,9.823312301202015e-12,-0.11799161808981226,-0.024385415151242245,-0.08098803851345758,0.06773307764093235,0.0007634704044737021,0.000971419360603047,0.0012956648655216088,0.00034694576081723385
0.5440000000000004,0.19888023974317964,0.12423813615778961,-1.4985543532058703e-05,1.2599241515389202e-07,-3.939822564423991e-07,7.374450070359717e-08,0.00013946649433646094,-0.00010508827842524002,0.00011162498889101756,0.0,0.0,0.9999999999999997,1.4953106251855905e-11,-1.4720038414958657e-10,-2.527311270254476e-12,-0.11515790147746607,-0.02622289769920746,-0.08365807779649914,0.06849852393488484,0.0006351614852994353,0.0004447298631991951,0.0007409802658773767,0.000213207363433027
0.5450000000000004,0.19888023985173825,0.12423813622354588,-1.4985554458321312e-05,1.0855861535734443e-07,6.575626222852485e-08,-1.0926262609560946e-08,-1.7433799796547594e-05,0.00045973851867092393,-8.467076331315811e-05,0.0,0.0,0.9999999999999997,-8.780615804917808e-11,-8.98698619777001e-12,7.927087004329255e-11,-0.11522480152483539,-0.02614228319813983,-0.08355809606723152,0.0684693539270496,-0.00023124365921903465,-0.0005100304773885232,-0.0006340979398643708,-0.00014522613674071026
0.5460000000000004,0.1988802399865165,0.12423813591756803,-1.4985594965113653e-05,1.347782506820942e-07,-3.059778375478935e-07,-4.050679234067095e-08,2.6219635324749763e-05,-0.00037173409977641833,-2.9580529731110002e-05,0.0,0.0,0.9999999999999997,3.463406710545021e-11,-3.5280796665395795e-11,-6.869179366235861e-12,-0.11793651444581972,-0.024377136182633707,-0.08095528472124208,0.0678107511857284,0.00030730295314466613,0.000563661896484356,0.0006989230511194427,0.00016419238582935226
0.5470000000000004,0.1988802402917977,0.12423813620826048,-1.498562913068529e-05,3.0528122280604685e-07,2.9069244775422905e-07,-3.416557163712644e-08,0.00017050297212395265,0.0005966702853021225,6.341220703544508e-06,0.0,0.0,0.9999999999999997,4.9613991925152324e-11,-2.796832741181701e-10,-1.5884059111956634e-12,-0.11529905764978568,-0.02619793843143487,-0.08364987802409825,0.06841829682657033,0.0014772711193091347,0.0013441232433055446,0.0019109808056470105,0.0006223636454638788
0.5480000000000004,0.19888024055121625,0.1242381362919992,-1.498556010061562e-05,2.594185424893065e-07,8.373871991611327e-08,6.903006967075528e-08,-4.586268031674034e-05,-0.0002069537278381158,0.00010319564130788172,0.0,0.0,0.9999999999999997,3.060287303896244e-11,-2.3164998734235648e-10,-1.9032919285520943e-11,-0.1152613025256507,-0.026098134172236227,-0.0835568917784029,0.0684353453213905,-0.0012413530576795525,-0.0014527281484850907,-0.0019846423667921635,-0.0006633617157867594
0.5490000000000004,0.19888024069653834,0.1242381364415593,-1.4985481178240102e-05,1.4532208319066986e-07,1.495600959467901e-07,7.892237551815637e-08,-0.00011409645929863665,6.582137603067684e-05,9.89230584740109e-06,0.0,0.0,0.9999999999999997,-2.30653506019375e-11,-9.855044433361312e-11,-1.1010058160851825e-11,-0.11799171266703029,-0.024309759594340768,-0.08093847205136905,0.06782421903519528,6.028885340520085e-05,7.908402346875834e-05,0.0002621838394321785,2.0192425116661277e-05
0.5500000000000004,0.19888024087265113,0.12423813673026951,-1.4985813607699724e-05,1.761127871735339e-07,2.8871020937417645e-07,-3.3242945962239776e-07,3.0790703982864036e-05,0.00013915011342738635,-0.0004113518351405541,0.0,0.0,0.9999999999999997,1.0653512205111461e-10,-1.7465419430161387e-10,5.080410984679101e-11,-0.11529000667410993,-0.024648797088071786,-0.08292936828947044,0.06834409199654339,0.0011789381422727982,0.00032442921200232037,0.0010752786532082493,0.00043260002188083904
0.5510000000000004,0.19888024126022133,0.12423813695273109,-1.4985831444011265e-05,3.8757019976517553e-07,2.2246157317037047e-07,-1.7836311540553522e-08,0.00021145741259164164,-6.624863620380598e-05,0.00031459314808184426,0.0,0.0,0.9999999999999997,7.120771186013117e-12,-2.5676087235233757e-10,3.9561063301099305e-12,-0.11523180123198926,-0.026208766726861017,-0.08362554022802952,0.06837937137874557,0.000820326518679662,0.000391788361994423,0.0008053250005466922,0.00013106597405871198
0.5520000000000004,0.19888024168120796,0.12423813725398321,-1.4985884885134911e-05,4.2098663341268295e-07,3.0125212196235505e-07,-5.3441123645607564e-08,3.341643364750742e-05,7.879054879198458e-05,-3.560481210505404e-05,0.0,0.0,0.9999999999999997,-8.728323584510033e-12,-2.563099225390876e-10,-4.4243191844340095e-13,-0.11512445471095996,-0.026211686912058274,-0.08367018729575569,0.0685253708718534,0.00026752886664089734,7.5406656216784e-05,0.0001243240084013336,8.520311943969348e-05
0.5530000000000004,0.1988802409299658,0.12423813726879616,-1.4985862880363224e-05,-7.512421646499938e-07,1.4812961152154374e-08,2.2004771687510747e-08,-0.0011722287980626767,-0.00028643916081020065,7.544589533311832e-05,0.0,0.0,0.9999999999999997,-2.2472587623978304e-11,-6.512655013853158e-11,-2.57138107375504e-12,-0.11813466685084843,-0.024160051070080617,-0.08357567644800525,0.0685294966267395,-0.002563452655791474,-0.0022648002350372843,-0.002277555694812576,-0.0007412300673012535
0.5540000000000004,0.19888024046129288,0.1242381377763676,-1.4985859943042749e-05,-4.686729269363507e-07,5.075714359799043e-07,2.937320474347058e-09,0.0002825692377136431,0.00049275847482775,-1.9067451213163687e-05,0.0,0.0,0.9999999999999997,-3.732435755126472e-11,-1.2973730725664926e-10,1.977911603459103e-13,-0.11787469301575214,-0.024414019397812597,-0.08108171332691651,0.06778613317159064,0.0018971677741305194,0.001773772428463033,0.0029049133880029855,0.0007914247079775265
0.5550000000000004,0.19888024002521287,0.12423813831936174,-1.4985862898252007e-05,-4.360800178631068e-07,5.429941513184559e-07,-2.9552092583367716e-09,3.259290907324391e-05,3.542271533855159e-05,-5.892529732683829e-06,0.0,0.0,0.9999999999999997,1.909658059406866e-11,-2.394490946764355e-10,8.157254681880086e-11,-0.11529380912183192,-0.026213443228080106,-0.08351865876827505,0.06823354684968135,-0.00020145091176280728,-0.0002180498074890648,-0.00041145568702344825,-0.00020590401173369797
0.5560000000000004,0.19888023949123146,0.12423813870961202,-1.4985960738562364e-05,-5.339814239069622e-07,3.902502775359814e-07,-9.784031035643931e-08,-9.790140604385536e-05,-0.0001527438737824745,-9.488510109810254e-05,0.0,0.0,0.9999999999999997,1.1817424814140606e-11,-7.710214561318184e-11,3.3747476252554743e-13,-0.11775837913667704,-0.0243320956082209,-0.08093521962299524,0.06779997765479563,-0.0006758439329057805,-0.00046773000403947933,-0.0008345654472591774,-0.00019193413868712675
0.5570000000000004,0.1988802389034499,0.12423813896843523,-1.4985952055474289e-05,-5.877815402771789e-07,2.5882321823531646e-07,8.683088075376478e-09,-5.380011637021673e-05,-0.00013142705930066495,0.00010652339843181579,0.0,0.0,0.9999999999999997,-3.482034852278736e-10,-1.3116378681518137e-10,-1.5013517354101291e-10,-0.11802872631861762,-0.02430364837824142,-0.080881957655988,0.06777600961053196,-0.0007597397058778907,-0.0005686709369569471,-0.0007266044907543717,-0.00032656023895668483
0.5580000000000004,0.19888023939164534,0.12423813926046032,-1.498600521861959e-05,4.88195437194002e-07,2.920250890340807e-07,-5.3163145301145095e-08,0.0010759769774711808,3.3201870798764256e-05,-6.184623337652158e-05,0.0,0.0,0.9999999999999997,-4.786008463371578e-11,-4.5339563946780236e-10,-1.8655611665750965e-11,-0.1158105917987158,-0.026150216401651556,-0.08123581144840286,0.06779078017876104,0.0036009781479098392,0.003877823364316897,0.0048161795184229845,0.0014813387330284188
0.5590000000000004,0.1988802391920738,0.12423813917491973,-1.4986064630159428e-05,-1.9957156101615766e-07,-8.554058158786846e-08,-5.941153983733328e-08,-0.0006877669982101596,-0.00037756567062194915,-6.248394536188185e-06,0.0,0.0,0.9999999999999997,1.2011230209498497e-11,-1.7630713468408762e-10,3.1270324091167453e-12,-0.11541910403160635,-0.025940833524837142,-0.08321018790648252,0.06855058678466788,-0.005147692156178249,-0.005015516810787758,-0.007713361967251771,-0.0020130468633751926
0.5600000000000004,0.198880239058589,0.12423813860005835,-1.4986042037922854e-05,-1.334847796563058e-07,-5.748613800404839e-07,2.259223657304214e-08,6.608678135985186e-05,-0.0004893207984526155,8.200377641037543e-05,0.0,0.0,0.9999999999999997,-5.425323064102458e-11,2.2109915956018597e-10,-9.139082010086734e-12,-0.11781578197672858,-0.02432409894725518,-0.08098685043707497,0.06777861574332235,0.0003961775656353265,0.00014500632752157997,0.0006704317337665312,0.00013011021470513316
0.5610000000000004,0.19888023896047322,0.12423813911604106,-1.4986134472967599e-05,-9.811579115187082e-08,5.159827184489361e-07,-9.243504474420465e-08,3.5368988504434975e-05,0.0010908440984894203,-0.0001150272813172468,0.0,0.0,0.9999999999999997,2.7102040120106247e-11,-8.480973439659274e-11,-2.5657662161931888e-11,-0.11813771060667667,-0.024341030191955434,-0.08091383982164506,0.06773373390413634,0.0009654959091692458,0.00137283670856698,0.0016904600206606743,0.00041736907415785386
0.5620000000000004,0.19888023927158135,0.12423813873889628,-1.498605042479881e-05,3.1110813609687945e-07,-3.7714478197407733e-07,8.404816878887102e-08,0.0004092239272487503,-0.0008931275004230135,0.00017648321353307567,0.0,0.0,0.9999999999999997,-1.1430487839128782e-11,-3.927980336747635e-10,-6.896931007906234e-12,-0.11560668782523116,-0.026137926991314366,-0.0837376407169758,0.06827088490244834,0.0026014186981378343,0.0025791732888834555,0.0039406459517901315,0.0009606478665703395
0.5630000000000004,0.19888023904910757,0.12423813837383832,-1.4986014338799337e-05,-2.224737772386956e-07,-3.6505795382505747e-07,3.6085999473759986e-08,-0.0005335819133355751,1.2086828149019862e-05,-4.796216931511104e-05,0.0,0.0,0.9999999999999997,-1.670526750081958e-10,-1.0546602851589315e-10,-3.371630940733637e-11,-0.11533620424108396,-0.026024576690254188,-0.08337131897387841,0.06852373036097717,-0.0034791304283928915,-0.003532907237592141,-0.0052667119288153175,-0.001393594605608028
0.5640000000000004,0.19888023867460608,0.12423813793741811,-1.4985995984677771e-05,-3.7450147622119845e-07,-4.36420201159786e-07,1.8354121566118767e-08,-0.00015202769898250285,-7.136224733472854e-05,-1.773187790764122e-05,0.0,0.0,0.9999999999999997,3.3019580512078097e-11,-2.3190070403874495e-10,2.6161308901130817e-11,-0.11811855318681874,-0.02417748664714461,-0.08077057431667864,0.06767914765776174,-0.0007607373264347252,-0.0009352694122554354,-0.0010428756484626843,-0.0003733034216310553
0.5650000000000004,0.19888023855891204,0.12423813756305047,-1.4985879755983259e-05,-1.1569403157408747e-07,-3.743676417001516e-07,1.1622869451165536e-07,0.000258807444647111,6.20525594596344e-05,9.78745729455366e-05,0.0,0.0,0.9999999999999997,-8.315664985473872e-13,-1.5943964816065305e-10,2.4929769600342113e-13,-0.11783071807051491,-0.02449085148577449,-0.08111237195323781,0.06791302109102394,0.0012978439932135723,0.0017199365186157506,0.0022087412759807,0.0006437946519721325
0.5660000000000004,0.19888023839749927,0.12423813753060393,-1.4985731825105574e-05,-1.614127706366807e-07,-3.244653434847888e-08,1.4793087768430646e-07,-4.571873906259324e-05,0.00034192110735167277,3.17021831726511e-05,0.0,0.0,0.9999999999999997,-8.500674636691164e-10,8.445764159487869e-10,7.855794640276845e-11,-0.1157088290287072,-0.025949095657218348,-0.08334105293551368,0.06815627792556407,-0.0005084078064384613,-0.0006365935466846977,-0.0008478928954626302,-0.00032585908955782287
0.5670000000000004,0.1988802383239276,0.1242381373022058,-1.4985838359233924e-05,-7.357168342835686e-08,-2.2839813957356262e-07,-1.0653412834888187e-07,8.784108720832384e-05,-0.00019595160522508374,-0.0002544650060331883,0.0,0.0,0.9999999999999997,1.43565239414694e-10,-2.8983785705361087e-10,-6.682951960447758e-11,-0.1176476860552747,-0.024315446531809864,-0.08084841501908333,0.06787754030581686,0.0003363606479139075,0.00040837151821595803,0.0006284436273677127,0.00010176223892662854
0.5680000000000004,0.19888023813967742,0.12423813689770105,-1.4985739010297166e-05,-1.8425015753713722e-07,-4.045047557958553e-07,9.934893675862778e-08,-0.00011067847410878035,-0.0001761066162222927,0.00020588306510750966,0.0,0.0,0.9999999999999997,-2.045318744701012e-11,-1.4667157284291092e-10,-7.870173609179215e-12,-0.11535897224988055,-0.02621484232950655,-0.08372685521049456,0.0684376850365558,0.0001497944075744083,6.310403295346835e-05,5.546054297416344e-05,3.8926003903005956e-05
0.5690000000000004,0.19888023816625822,0.12423813689762042,-1.4985782929868042e-05,2.6580789429920146e-08,-8.062318286271212e-11,-4.3919570875794316e-08,0.00021083094696705735,0.0004044241326129926,-0.0001432685076344221,0.0,0.0,0.9999999999999997,-1.730939676997822e-13,-9.458786164259397e-11,1.9429125477905526e-12,-0.11632167096082573,-0.02625337187368492,-0.0823605389449482,0.06810464957588223,-0.00040743899307543394,-0.00021983120860234035,-0.0007004480662641208,-0.00010126993872299045
0.5700000000000004,0.19888023804371807,0.1242381369937878,-1.498564313215437e-05,-1.2254015756267906e-07,9.616738482183051e-08,1.3979771367094566e-07,-0.0001491209469925992,9.624800800469321e-05,0.00018371728454673997,0.0,0.0,0.9999999999999997,3.6273618560820384e-12,9.758134473079242e-13,4.536788995660064e-13,-0.11799764873740842,-0.024289208415246052,-0.08097794836525878,0.06804838964111135,-0.0009018266057779376,-0.0006752483965635055,-0.001065914503875165,-0.0002293042289014905
0.5710000000000004,0.19888023793381168,0.12423813690968374,-1.4985725266643752e-05,-1.0990637937753255e-07,-8.410405166899216e-08,-8.213448938161013e-08,1.2633778185146507e-05,-0.00018027143649082268,-0.00022193220305255577,0.0,0.0,0.9999999999999997,-1.0974997787373723e-11,-6.442349427548575e-11,-3.517876549977268e-12,-0.11803432551270525,-0.02421300023980256,-0.08071539043608406,0.06776938897098234,0.00036923005354740085,0.000745242444636033,0.0008618723851259895,0.00026824629932102725
0.5720000000000004,0.19888023826301815,0.12423813749372813,-1.4985906646461955e-05,3.292064760197329e-07,5.840443805185332e-07,-1.8137981820330755e-07,0.00043911285539726546,0.0006681484321875254,-9.924532882169743e-05,0.0,0.0,0.9999999999999997,9.09209350929902e-11,-2.443059834599232e-10,9.484279027552358e-12,-0.11507945106616425,-0.026468887368768138,-0.08400183449803045,0.06790775995155618,0.002998201428420747,0.0029179669969691103,0.004088375913117589,0.0010560837670907145
0.5730000000000004,0.19888023831948257,0.12423813700060339,-1.498574022590324e-05,5.646440579779165e-08,-4.931247286557704e-07,1.6642055871538803e-07,-0.00027274207022194124,-0.0010771691091743037,0.0003478003769186956,0.0,0.0,0.9999999999999997,8.56933686769522e-12,-1.7939015558496058e-10,2.735964071510384e-11,-0.11523711151676104,-0.026056243546511586,-0.08350378945308733,0.06853697370909206,-0.0037846238051128887,-0.004198575234581453,-0.00550553994336297,-0.0019514185162338858
0.5740000000000004,0.1988802382529075,0.12423813730799206,-1.4985798454670814e-05,-6.657508156513743e-08,3.073886708449992e-07,-5.8228767573225034e-08,-0.00012303948736292907,0.0008005133995007696,-0.00022464932628861307,0.0,0.0,0.9999999999999997,1.3080912590463388e-12,-7.418129153921652e-11,-8.166641469379484e-12,-0.11809994776125286,-0.02419804924521821,-0.0808497456972221,0.06782900936520243,0.0003319122089120176,0.0004340445652796063,0.0005265143753377703,0.00034409540505161594
0.5750000000000004,0.19888023811993782,0.1242381367968899,-1.4985841630647605e-05,-1.3296965778154018e-07,-5.111021656702e-07,-4.3175976790716606e-08,-6.639457621640275e-05,-0.0008184908365151992,1.5052790782508427e-05,0.0,0.0,0.9999999999999997,-6.06339258958365e-12,-5.132786173096583e-11,-2.710851632241109e-12,-0.11810245283295298,-0.024298795076211,-0.08079033211150737,0.06765480253196741,-0.00036471771817581653,-4.476526425838719e-05,-0.0002309347253181559,-0.00011541098615814884
0.5760000000000004,0.19888023826911438,0.12423813772069087,-1.4986080310016589e-05,1.4917656487927644e-07,9.238009656027843e-07,-2.3867936898423847e-07,0.00028214622266081664,0.0014349031312729844,-0.00019550339219352188,0.0,0.0,0.9999999999999997,4.26439492605032e-11,-2.467942039962878e-10,7.789107762518533e-11,-0.11740363188450598,-0.024668777980979634,-0.0812350820560719,0.06797362291874293,0.0015479952189251585,0.0017961579245761754,0.002320078322033888,0.0007777003289702065
0.5770000000000004,0.1988802384660333,0.12423813795521231,-1.4986234081160505e-05,1.9691892054664038e-07,2.3452143916435427e-07,-1.537711439167238e-07,4.774235566736394e-05,-0.0006892795264384301,8.490822506751467e-05,0.0,0.0,0.9999999999999997,2.3104336652331584e-11,-3.0438055170903725e-10,-5.41261492187544e-12,-0.11516866286892509,-0.02627621309403603,-0.08375942775227924,0.06851043905443241,0.0003299063699843576,0.0001541423530809944,0.000285182275011913,0.0001011982832807793
0.5780000000000004,0.19888023821679449,0.12423813812057083,-1.4986318980600753e-05,-2.492388333501232e-07,1.653585217471789e-07,-8.489944024707204e-08,-0.00044615775389676357,-6.916291741717536e-05,6.887170366965176e-05,0.0,0.0,0.9999999999999997,2.859573845176254e-10,1.442255867440162e-10,3.748086766509703e-11,-0.1152516214439665,-0.026045342447110275,-0.08347054819026863,0.06853250664103669,-0.003093595583779816,-0.0035391620299132787,-0.004872448134752798,-0.0013301978519007435
0.5790000000000004,0.1988802383473766,0.12423813892831218,-1.4986545559911214e-05,1.3058211365891303e-07,8.077413415606819e-07,-2.2657931046002848e-07,0.00037982094700903625,0.0006423828198135029,-0.00014167987021295646,0.0,0.0,0.9999999999999997,2.1705481405544505e-10,-1.2790697330546343e-10,-4.015701730015631e-11,-0.11795115965926796,-0.024460292790881532,-0.08106831078698244,0.06770703672543608,0.0031262775063587156,0.0034618747629942014,0.004762349933252667,0.0013849378289821806
0.5800000000000004,0.19888023847390252,0.12423813891749547,-1.4986476670455359e-05,1.265259162871702e-07,-1.0816715099051046e-08,6.888945585499253e-08,-4.056197371742822e-06,-0.0008185580566597328,0.00029546876631502105,0.0,0.0,0.9999999999999997,-3.1997158485923274e-10,-4.870061731534976e-10,-8.605343293224131e-11,-0.11519785794208379,-0.02611422434590706,-0.08363504419171151,0.06838671271283414,-0.0016395572290318296,-0.0017351853987888715,-0.0023476176765728934,-0.0009819128108295042
0.5810000000000004,0.19888023857255496,0.12423813937616103,-1.4986635136848348e-05,9.865245264316294e-08,4.58665567705029e-07,-1.5846639298902394e-07,-2.7873463644007263e-05,0.0004694822828040801,-0.00022735584884401647,0.0,0.0,0.9999999999999997,2.953020282951993e-11,-1.9426271847625124e-10,2.3984690489794342e-12,-0.1179921664429862,-0.024478631435305816,-0.08098444167117996,0.06797447121260988,0.0014533508733667474,0.0015728754177887052,0.002109580055867303,0.0009351322889997246
0.5820000000000004,0.19888023851316372,0.12423813945719059,-1.498653948601724e-05,-5.939124468694332e-08,8.102955779462265e-08,9.565083110651685e-08,-0.00015804369733010625,-0.00037763600991040636,0.0002541172240955408,0.0,0.0,0.9999999999999997,9.893310047196819e-10,1.7634368585052351e-09,-2.9400506282849355e-11,-0.11515216796747099,-0.026127247481851277,-0.08360955605218674,0.06851301983056385,-0.0020611895795755652,-0.002339894318488442,-0.0031603344557740946,-0.0010045482956766722
0.5830000000000004,0.19888023894933549,0.1242381396381722,-1.498659597894808e-05,4.361717792060458e-07,1.8098160473349307e-07,-5.649293084087228e-08,0.0004955630238929891,9.995204693887041e-05,-0.00015214376194738912,0.0,0.0,0.9999999999999997,-2.3158053101007063e-10,-1.0007093696578118e-09,-5.244103871981078e-12,-0.11789036107462979,-0.024478556285022428,-0.0811162496803116,0.06768203519778641,0.003910485722616726,0.004165029093276048,0.005869843478453958,0.0016588345886402551
0.5840000000000004,0.19888023887832568,0.12423813863457912,-1.4986614899015291e-05,-7.100979908005212e-08,-1.003593074034448e-06,-1.8920067210530322e-08,-0.0005071815782860979,-0.0011845746787679412,3.7572863630341956e-05,0.0,0.0,0.9999999999999997,-3.904256132228812e-11,-2.0015795917837581e-10,-3.8531588571284634e-12,-0.11519418022473,-0.026078304100865184,-0.0835056848922243,0.0686292298866018,-0.003813706954257831,-0.0037797915191163755,-0.005640065370815825,-0.0015422862076866237
0.5850000000000004,0.19888023883576614,0.12423813907959336,-1.4986608208930809e-05,-4.2559542070201526e-08,4.4501423550752467e-07,6.690084482353729e-09,2.845025700985059e-05,0.0014486073095419728,2.561015169288405e-05,0.0,0.0,0.9999999999999997,1.2122245681885692e-10,-1.2129696822468577e-10,1.2224482042811426e-11,-0.11806705623733635,-0.02421299034731475,-0.08081263578817745,0.06769061512676265,0.0005394789386770767,0.0004747092253955625,0.000824910594878808,0.00020639153992236056
0.5860000000000004,0.19888023867573745,0.12423813858677289,-1.4986690039997681e-05,-1.6002868427550983e-07,-4.928204623679888e-07,-8.183106687267183e-08,-0.0001174691422053083,-0.0009378346978755135,-8.852115135502556e-05,0.0,0.0,0.9999999999999997,-1.964534256219883e-11,-3.677459616360009e-11,1.318543691583611e-09,-0.1176438305725438,-0.02430215096456068,-0.08087911488146121,0.06795599532135661,-0.0010714575244172948,-0.0009869226642713641,-0.0014825462968228716,-0.00033819822504974284
0.5870000000000004,0.19888023855045758,0.12423813826015614,-1.4986766727900462e-05,-1.252798572331961e-07,-3.2661675436742555e-07,-7.668790278081955e-08,3.4748827042313736e-05,0.00016620370800056323,5.143164091852274e-06,0.0,0.0,0.9999999999999997,-1.1877171407094512e-11,-1.2635870741203903e-10,-6.5080809206187006e-12,-0.11807370304513194,-0.02437020293131948,-0.08086989452533941,0.06768726314436554,0.0005330144883237124,0.0008924827955677549,0.0010540087616678342,0.00025937685681956513
0.5880000000000004,0.19888023874321345,0.12423813790818898,-1.4986794010727564e-05,1.9275587526926543e-07,-3.5196715905809795e-07,-2.7282827102497655e-08,0.0003180357325024615,-2.5350404690672395e-05,4.94050756783219e-05,0.0,0.0,0.9999999999999997,2.358002683197057e-10,4.634819657210303e-10,-3.554656254066919e-11,-0.11490597362616994,-0.026369541873958176,-0.083941548908784,0.06850111653068619,0.0018500503893670122,0.0016437716698127752,0.0024719547699064955,0.0007038030507592677
0.5890000000000004,0.19888023872152183,0.12423813827254925,-1.4986944265127122e-05,-2.169162672137545e-08,3.643602638154819e-07,-1.5025439955847498e-07,-0.00021444750199064088,0.0007163274228735798,-0.00012297157245597733,0.0,0.0,0.9999999999999997,1.0793089675697722e-10,-2.2427508948240747e-10,1.3100504291144265e-11,-0.11529623398168796,-0.026231918065639008,-0.08356012275330212,0.0685323511382551,-0.0006343253114692648,-0.0007048171142734515,-0.0013153874263557089,-8.957661856180425e-05
0.5900000000000004,0.19888023855959325,0.1242381373370337,-1.4986664990736327e-05,-1.6192857898117348e-07,-9.355155346828266e-07,2.7927439079470513e-07,-0.00014023695225979802,-0.0012998757984983085,0.00042952879035318013,0.0,0.0,0.9999999999999997,8.788494178989443e-10,2.0783127001809764e-10,4.805168134636969e-11,-0.11800225948226521,-0.024338442952826146,-0.08154877971146225,0.06807796630661007,-0.001498869798353946,-0.001483615985460024,-0.0015813194266980613,-0.0008333863325386409
0.5910000000000004,0.19888023809770808,0.12423813727217548,-1.4986748232187058e-05,-4.6188517019770645e-07,-6.485822613295865e-08,-8.32414507308528e-08,-0.00029995659121653296,0.000870657308549868,-0.00036251584152555794,0.0,0.0,0.9999999999999997,2.5358967266600992e-12,-1.778383324913141e-10,-1.124571841735763e-12,-0.11715630303866328,-0.024295950032699135,-0.08163165649500854,0.06804102115246431,-0.0006777495339690644,-0.0005024829732474524,-0.00041257479020438584,9.888219507226557e-05
0.5920000000000004,0.1988802374554253,0.12423813674199956,-1.4986781624581468e-05,-6.422827888351141e-07,-5.301759182049619e-07,-3.3392394409894244e-08,-0.0001803976186374077,-0.00046531769207200325,4.9849056320958554e-05,0.0,0.0,0.9999999999999997,-4.084564680804415e-11,-2.5303462230530003e-11,2.0085673274740494e-11,-0.11815800707508345,-0.024164986899084362,-0.08079266167059278,0.06772370590392068,-0.000842447375660709,-0.0006948495642898568,-0.0010166281675048892,-0.00034916513872365346
0.5930000000000004,0.19888023713935243,0.12423813713954404,-1.4986757193050565e-05,-3.160728734480187e-07,3.975444811111997e-07,2.4431530903850504e-08,0.00032620991538709544,0.0009277203993161617,5.7823925313744746e-05,0.0,0.0,0.9999999999999997,-9.510606660773456e-11,-7.49028580048382e-10,2.372851251313621e-10,-0.11796114632231214,-0.024412858841005313,-0.08093824739806531,0.06767706101041762,0.0018629604379138765,0.0021810482352923066,0.0029134512029502907,0.0008348645624012029
0.5940000000000004,0.19888023664435578,0.12423813715359157,-1.4986686564915034e-05,-4.949966677296622e-07,1.40475282533742e-08,7.062813552987225e-08,-0.00017892379428164354,-0.0003834969528578255,4.6196604626021745e-05,0.0,0.0,0.9999999999999997,1.0762686477596886e-11,-2.6392029710364083e-10,-4.3328293569971645e-13,-0.11509436613261947,-0.026185221198826245,-0.08371558387640024,0.06855546767908982,-0.0013242041719927714,-0.0014464979842982646,-0.0020429083002164086,-0.0005862449542074368
0.5950000000000004,0.19888023593784418,0.12423813749699433,-1.4986947039167633e-05,-7.065115927543477e-07,3.434027594634266e-07,-2.6047425259874633e-07,-0.00021151492502468545,0.0003293552312100524,-0.0003311023881286186,0.0,0.0,0.9999999999999997,1.279560746778964e-10,-2.5451283556374757e-11,1.802087372620031e-11,-0.11786627897562016,-0.024879743303325517,-0.08047173248564407,0.06766414712124334,-0.00227089304645873,-0.0018732168826478507,-0.003157458394997244,-0.0007007870372494248
0.5960000000000004,0.19888023557396234,0.12423813716029404,-1.4986796582164956e-05,-3.6388183967403414e-07,-3.367002872148844e-07,1.504570026762878e-07,0.00034262975308031355,-0.0006801030466783111,0.00041093125527503414,0.0,0.0,0.9999999999999997,1.4668856139148906e-11,-6.205097938712562e-11,4.1134194804469405e-12,-0.11804813347858,-0.02421482644028767,-0.08099299696185068,0.0677855571773471,0.0004436192343770545,0.00021478595031391426,0.0011613693581611687,-0.00013471407787552894
0.5970000000000004,0.19888023582199227,0.1242381375139674,-1.498709244197361e-05,2.4802992163543735e-07,3.5367335680180876e-07,-2.9585980865325187e-07,0.0006119117613094715,0.0006903736440166933,-0.00044631681132953967,0.0,0.0,0.9999999999999997,4.861496648085264e-11,-2.932763190629872e-10,-9.217437455819294e-12,-0.11507770226971298,-0.026080434020343896,-0.08263372441655044,0.06808737870218436,0.0036472562329486293,0.0035299931385045103,0.0045453885149606375,0.001607468259672792
0.5980000000000004,0.1988802358159264,0.1242381376457632,-1.4987279201742896e-05,-6.065865437560251e-09,1.3179581107212965e-07,-1.8675976928541788e-07,-0.0002540957870729976,-0.0002218775457296791,0.00010910003936783398,0.0,0.0,0.9999999999999997,-1.3406188120459852e-12,-3.035585260892715e-10,-1.86305177795911e-12,-0.11518246856730209,-0.026156262142441985,-0.08363280790117651,0.06857050399065188,-0.002370007720042675,-0.0025148013559603104,-0.003648877484393979,-0.0010303515601838519
0.5990000000000004,0.19888023526423065,0.12423813756851858,-1.4987264302832144e-05,-5.516957416528838e-07,-7.724463231157614e-08,1.489891075302825e-08,-0.0005456298762153236,-0.00020904044338370577,0.00020165868003844614,0.0,0.0,0.9999999999999997,4.355832037673032e-11,-2.2388242438072112e-11,-3.67880154003476e-11,-0.11824283384876923,-0.024016471030129695,-0.08044647843031175,0.06768924082398715,-0.003384831435199739,-0.0035947247033066075,-0.004950783454140214,-0.0014391309468988506
0.6000000000000004,0.19888023515496298,0.12423813796739744,-1.4987307405170613e-05,-1.0926767531836246e-07,3.9887886586042586e-07,-4.310233846918307e-08,0.00044242806633452134,0.000476123498172002,-5.800124922221132e-05,0.0,0.0,0.9999999999999997,8.574125010820795e-12,-1.0614769450040271e-10,-4.776532507801402e-12,-0.11797531461623326,-0.0243896836662081,-0.08103227962880613,0.06772580936088535,0.002799732966427294,0.0033640537229396718,0.004499320659279043,0.0011793360599377583
0.6010000000000004,0.19888023514233305,0.12423813843404992,-1.498729537950415e-05,-1.2629930787055987e-08,4.666524872631146e-07,1.202566646299955e-08,9.663774453130648e-05,6.777362140268876e-05,5.512800493218262e-05,0.0,0.0,0.9999999999999997,-1.2837549228730702e-11,-9.295915967708927e-11,-8.206457068808016e-12,-0.11509304750067308,-0.026263132211356635,-0.08378548353971216,0.06846460729521421,4.101238459008601e-05,-0.000325570021936778,-0.00010894929894115857,-9.811811615184358e-05
0.6020000000000004,0.19888023520717182,0.12423813872061538,-1.4987464836888977e-05,6.483876421636297e-08,2.8656546506228537e-07,-1.6945738482758965e-07,7.746869500341895e-05,-0.00018008702220082925,-0.0001814830512905892,0.0,0.0,0.9999999999999997,5.115630771877194e-11,-7.055918162647019e-11,-5.528771706775629e-12,-0.11652850311728738,-0.025211899999125525,-0.08183783258089616,0.06806770027601299,0.0010054383336642286,0.0010236293795662433,0.001069153393891274,0.0005766322031513527
0.6030000000000004,0.1988802353880404,0.12423813895967162,-1.4987486153919441e-05,1.8086857474645932e-07,2.390562299494175e-07,-2.1317030462967392e-08,0.00011602981053009635,-4.750923511286789e-05,0.00014814035436462226,0.0,0.0,0.9999999999999997,-1.560981896586446e-12,-1.8590985507075065e-10,5.754861623382031e-13,-0.11515177484800984,-0.026313598710410013,-0.08384090358234611,0.06859858783264319,0.00025077633089029663,6.11026987599552e-05,0.0002656377189829843,3.077542200522186e-05
0.6040000000000004,0.19888023546259292,0.1242381391816925,-1.4987446366454474e-05,7.455252781381978e-08,2.220208867180782e-07,3.978746496792717e-08,-0.00010631604693263954,-1.7035343231339277e-05,6.110449543089457e-05,0.0,0.0,0.9999999999999997,-1.5458663786994545e-13,-7.47025156351019e-11,1.2255227950725931e-12,-0.11505630515065797,-0.0262457349823661,-0.0837667992293798,0.06859515587611263,-0.0007418284661842493,-0.0011071319214257954,-0.0014061531009601416,-0.0003526609267360294
0.6050000000000004,0.1988802356269459,0.12423813871065686,-1.4987376990433016e-05,1.6435296377915936e-07,-4.7103564701847633e-07,6.937602145762747e-08,8.980043596533958e-05,-0.0006930565337365545,2.9588556489700297e-05,0.0,0.0,0.9999999999999997,-5.199307707179073e-11,-9.066893441814315e-11,-8.459715797806352e-12,-0.11809793860885494,-0.02420468059706077,-0.08079973563681601,0.06766221012722841,0.0001785608892880255,0.0005319206086463831,0.0006356190810016038,-6.1178099929144635e-06
0.6060000000000004,0.1988802358568037,0.12423813891941878,-1.4987341409809238e-05,2.2985778998418192e-07,2.087619108538419e-07,3.558062377839155e-08,6.550482620502256e-05,0.0006797975578723182,-3.3795397679235914e-05,0.0,0.0,0.9999999999999997,-1.3475037847543842e-12,-1.7264437138494383e-10,-6.84286863638259e-12,-0.11638625804326198,-0.025509203878481396,-0.08260348246821701,0.06817050558339538,0.0016098720499226134,0.0015981178049449863,0.0022181243988849924,0.0008565281280951406
0.6070000000000004,0.19888023599788338,0.12423813831692357,-1.4987190133364345e-05,1.410796794038288e-07,-6.024952025809463e-07,1.512764448931102e-07,-8.877811058035312e-05,-0.0008112571134347883,0.00011569582111471864,0.0,0.0,0.9999999999999997,-4.207808388019045e-11,-1.986067123896436e-11,-1.2617101363375675e-11,-0.11519930445176303,-0.02617638680466624,-0.08366881395583844,0.06840588534057207,-0.0014822908493067996,-0.0017184626144096057,-0.0022907791585034636,-0.0008372046372243676
0.6080000000000004,0.19888023616545486,0.12423813842086111,-1.4987027993401785e-05,1.6757148741481817e-07,1.0393754427198902e-07,1.6213996256073093e-07,2.6491808010989366e-05,0.0007064327468529354,1.0863517667620734e-05,0.0,0.0,0.9999999999999997,-8.92886190314426e-10,5.886816229721564e-10,-1.444565037528591e-10,-0.11809866764358706,-0.024231371048443508,-0.0808135104960088,0.06777283503161581,0.0004090282363133893,0.0006679472412895597,0.0008286940118014915,0.00023189223747247984
0.6090000000000004,0.1988802364139737,0.12423813799685228,-1.498706757895698e-05,2.4851885276640925e-07,-4.2400883207757667e-07,-3.958555519500051e-08,8.094736535159109e-05,-0.0005279463763495657,-0.00020172551775573145,0.0,0.0,0.9999999999999997,6.939977782372798e-11,-7.744021996046341e-11,-6.71346188760917e-12,-0.11502779876498032,-0.026344006362029618,-0.08383303132565842,0.06855040770456985,0.0005800062661656253,0.00046011140142431385,0.0006459306092078702,0.00023735090771294614
0.6100000000000004,0.19888023631996898,0.1242381375361813,-1.4987540793485592e-05,-9.400470877801406e-08,-4.606709710431889e-07,-4.732145286123735e-07,-0.0003425235615444233,-3.6662138965612254e-05,-0.000433628973417373,0.0,0.0,0.9999999999999997,-2.5012343813476426e-10,3.1657879127066036e-10,-1.0985445019216015e-10,-0.11663909696235226,-0.025263264673778773,-0.08390330561058128,0.06847228908293566,0.0005299060372543603,0.00042589416218095683,0.0013642289997228018,0.0003185179737837701
0.6110000000000004,0.19888023619804185,0.1242381376686802,-1.4987687207343882e-05,-1.219271426685664e-07,1.3249890700898086e-07,-1.464138582895536e-07,-2.7922433890552347e-05,0.0005931698780521698,0.0003268006703228199,0.0,0.0,0.9999999999999997,-1.5256583316473576e-11,-1.6791360687419918e-10,-1.4133927745043693e-13,-0.11530884393369474,-0.02626428968945514,-0.08384500509524802,0.06857977610153083,-4.3680311267518815e-05,-0.00023684434469653994,-9.349800496619584e-05,-4.510297037359976e-05
0.6120000000000004,0.19888023614125153,0.1242381374861646,-1.4987802915879612e-05,-5.679032226073493e-08,-1.8251561451486624e-07,-1.1570853572916694e-07,6.513682040783148e-05,-0.00031501452152384713,3.070532256038666e-05,0.0,0.0,0.9999999999999997,-1.0367521449655113e-10,1.9694639852115482e-11,9.926204498759206e-13,-0.11800115468149998,-0.024259958360214925,-0.08088762231515399,0.0678080659714797,0.0008663623255755164,0.0010881210591503958,0.0014743105753223394,0.0004885280540144603
0.6130000000000004,0.198880235809618,0.12423813718354454,-1.4987877694972245e-05,-3.3163351284774074e-07,-3.0262004834463135e-07,-7.477909263322673e-08,-0.0002748431905870058,-0.00012010443382976511,4.092944309594021e-05,0.0,0.0,0.9999999999999997,-6.518632219202629e-12,-1.0778871173008599e-10,-5.098894054334111e-12,-0.11516918343980981,-0.026225538035449265,-0.0836697150883071,0.06857758534893373,-0.0021845373616333403,-0.0023347118759402346,-0.0033497158819658173,-0.0009517947798568527
0.6140000000000004,0.19888023592578355,0.12423813721764938,-1.4987954215327793e-05,1.1616555002031868e-07,3.410484500539081e-08,-7.652035554837267e-08,0.0004477990628680594,0.00033672489335002216,-1.7412629151459366e-06,0.0,0.0,0.9999999999999997,-3.818455515402408e-11,-2.5818369728022397e-10,-6.77880168663752e-11,-0.11795567657705808,-0.024331590951964133,-0.0810146904832909,0.06766567158281844,0.0033880674551887285,0.0033738079004944034,0.005028336906901523,0.001431219426622788
0.6150000000000004,0.19888023545998978,0.1242381372717399,-1.4988060848047408e-05,-4.657937754950773e-07,5.409052256059916e-08,-1.0663271961474115e-07,-0.0005819593255153959,1.998567755520835e-05,-3.0112364066368482e-05,0.0,0.0,0.9999999999999997,1.2383113250007227e-11,-9.551388231192506e-11,-2.8644676254476797e-12,-0.1152488267544614,-0.026167613362316267,-0.08348348474746946,0.06860489137062732,-0.004195349852826601,-0.004075562646409873,-0.006212059287055035,-0.0016690032105181997
0.6160000000000004,0.19888023515568112,0.12423813550199958,-1.4987859279071646e-05,-3.0430867075282075e-07,-1.7697403298481528e-06,2.0156897576255e-07,0.00016148510474225654,-0.001823830852408752,0.00030820169537729115,0.0,0.0,0.9999999999999997,-8.778775131362281e-09,4.799853084219454e-09,-2.360810682603209e-09,-0.11812969482500604,-0.02427515637565462,-0.08082150195857657,0.06766141444476115,0.0014982320499551185,0.0014363306795155985,0.0024132935628559085,0.0005086830978297579
0.6170000000000004,0.19888023529575294,0.12423813714322401,-1.498820101332825e-05,1.4007180684540135e-07,1.6412244391310403e-06,-3.417342566055727e-07,0.0004443804775982221,0.003410964768979193,-0.0005433032323681227,0.0,0.0,0.9999999999999998,2.6875109871486153e-12,-1.659088391681554e-10,-7.580091172203984e-12,-0.11653623982733692,-0.025853743513292612,-0.08222765041427134,0.0680678084103258,0.0011219052478910884,0.0015323073807831352,0.0016145295907924414,0.0006397376968751285
0.6180000000000004,0.19888023537595168,0.1242381371789856,-1.4988422828429848e-05,8.019873236618714e-08,3.576158419167535e-08,-2.2181510159735863e-07,-5.987307447921421e-05,-0.001605462854939365,0.00011991915500821408,0.0,0.0,0.9999999999999998,2.461126047899208e-11,-1.50167304713447e-10,-1.1981890761640429e-12,-0.11518353858282256,-0.02634842486677563,-0.08350161737359361,0.06839629792739775,-0.0009786384164878143,-0.0009806497765255608,-0.0015774414152495422,-0.0005894667143708782
0.6190000000000004,0.1988802353047565,0.12423813714329243,-1.4988527230909006e-05,-7.119519778779014e-08,-3.5693165978978225e-08,-1.0440247915771803e-07,-0.00015139393015397727,-7.145475017065358e-05,0.00011741262243964061,0.0,0.0,0.9999999999999998,-7.133816796392245e-13,-8.010813086147498e-11,5.483262661513915e-13,-0.11815223497331144,-0.024124748823786388,-0.08061722916929284,0.06771428708573597,-0.000798385641723465,-0.0007734919391452058,-0.0010913997478771676,-0.0003241608874136165
0.6200000000000004,0.19888023515313888,0.124238136928198,-1.4988547509682227e-05,-1.5161759676207045e-07,-2.1509442867784081e-07,-2.027877322257168e-08,-8.042239897428031e-05,-0.0001794012626988626,8.412370593514635e-05,0.0,0.0,0.9999999999999998,-4.826295205945933e-11,-4.9124825209619413e-11,1.3581920701415851e-11,-0.1182464062156807,-0.02412322269413034,-0.0806595378180032,0.06767955818379287,-0.0007561374838773861,-0.0005308954795901959,-0.0007681965637892048,-0.0003313532368330103
0.6210000000000004,0.19888023518977277,0.12423813728283875,-1.498871748650974e-05,3.663388013915181e-08,3.5464074115253824e-07,-1.6997682751252534e-07,0.00018825147690122227,0.0005697351698303791,-0.00014969805428995364,0.0,0.0,0.9999999999999998,-1.0760080488114255e-11,-2.5147722976440015e-10,-2.83019363670174e-12,-0.11798015938323353,-0.024346548346316617,-0.08090019197794983,0.06782716982791558,0.002115458161934043,0.002407638830515728,0.0032455922314104874,0.0010983384000857908
0.6220000000000004,0.19888023483406087,0.12423813726589522,-1.4988723639185227e-05,-3.5571190126932653e-07,-1.6943535638919133e-08,-6.152675485621925e-09,-0.00039234578140847834,-0.0003715842767914574,0.0001638241520269034,0.0,0.0,0.9999999999999998,-4.2971288794620554e-12,-1.2171868215901435e-10,-6.674664919006977e-12,-0.11517331712644367,-0.026154264785923875,-0.08362640194948491,0.06859202977010095,-0.0035129907829281066,-0.003767402546789923,-0.005244293979131025,-0.0015439544498083474
0.6230000000000004,0.19888023474952987,0.12423813759552368,-1.4988864549237948e-05,-8.453098521331902e-08,3.296284629128049e-07,-1.409100527216283e-07,0.0002711809160560075,0.000346571998551724,-0.00013475737723600637,0.0,0.0,0.9999999999999998,1.2523079042008853e-11,-2.1378091974259755e-10,1.1060833294066904e-12,-0.11807759167571266,-0.02432329504653039,-0.08088434790196875,0.06764786050937018,0.0027418151632551176,0.002926025357533452,0.004075147952356149,0.0012237868529780668
0.6240000000000004,0.19888023458670412,0.12423813776638859,-1.4988828059830358e-05,-1.6282576027172693e-07,1.708649001974423e-07,3.6489407590121367e-08,-7.829477505840792e-05,-0.0001587635627153626,0.00017739946031174967,0.0,0.0,0.9999999999999998,1.8285369004780307e-10,1.5053966250890757e-10,2.1908096981697694e-11,-0.11504529780771897,-0.026297383538740428,-0.08379311671322857,0.06854753261707167,-0.001520655058385875,-0.0016630295715205099,-0.0022822459971918265,-0.0007600354648342281
0.6250000000000004,0.1988802344837585,0.12423813796723494,-1.4988879101731609e-05,-1.0294562983841868e-07,2.0084635209175916e-07,-5.1041901250979905e-08,5.9880130433308254e-05,2.998145189431687e-05,-8.753130884110128e-05,0.0,0.0,0.9999999999999998,-6.124943765515264e-13,-2.5541700219639387e-10,-7.917877845100045e-13,-0.11814593646846565,-0.024199016322943773,-0.08078639618544224,0.06773862639762306,0.0009619851047901253,0.0010592765020544233,0.0015374530176218571,0.00047556706815819787
0.6260000000000004,0.19888023441735997,0.12423813817146145,-1.49889144072103e-05,-6.639853408638577e-08,2.042265055030167e-07,-3.530547869074663e-08,3.654709575203291e-05,3.3801534112575445e-06,1.5736422560233274e-05,0.0,0.0,0.9999999999999998,4.7457210168591605e-11,-2.6374849783583163e-10,8.979731339658833e-12,-0.11497977149603099,-0.02642149163185162,-0.08393763937018316,0.0685849684306832,1.5874864587603623e-05,-8.610221125776514e-05,-0.00013810750081362616,1.846835323358255e-05
0.6270000000000004,0.19888023403464047,0.12423813849912448,-1.498886724819681e-05,-3.827195060197023e-07,3.2766302349053787e-07,4.7159013489849695e-08,-0.0003163209719333165,0.00012343651798752116,8.246449218059632e-05,0.0,0.0,0.9999999999999998,-4.193216363174483e-11,-1.7832528094772884e-11,-1.0058166987140664e-11,-0.1150715369588686,-0.0262440907943184,-0.083684484410066,0.06861473649649971,-0.0022210420836223056,-0.002675991376354783,-0.0035837668692014135,-0.0009625906714686904
0.6280000000000004,0.1988802340601439,0.12423813883847194,-1.4988906770086771e-05,2.550343636783298e-08,3.3934746616351224e-07,-3.952188996221526e-08,0.00040822294238753527,1.1684442672974376e-05,-8.668090345206495e-05,0.0,0.0,0.9999999999999998,2.4511490199357266e-11,-1.2059991276461684e-10,-1.461944489367915e-11,-0.11807701254538479,-0.024287466541232875,-0.08090449489534901,0.06764075391694131,0.0031255292238944925,0.0035541781542146327,0.004812234058437886,0.001347003874849148
0.6290000000000004,0.19888023408616715,0.12423813910247428,-1.4988843180400791e-05,2.6023232058683947e-08,2.6400233382893426e-07,6.358968598048894e-08,5.197956908509656e-07,-7.534513233457798e-05,0.00010311157594270421,0.0,0.0,0.9999999999999998,-5.758377972667055e-12,-1.17581590909759e-10,-1.0302472130702233e-11,-0.11499855440230458,-0.026409937154507537,-0.08391612524283798,0.06858964390144019,-0.00047505813074799825,-0.0006703474100693805,-0.0008281029317794544,-0.00022106642273465497
0.6300000000000004,0.19888023405375635,0.12423813899356899,-1.498903354950572e-05,-3.241078781986592e-08,-1.0890528418473802e-07,-1.903691049288554e-07,-5.8434019878549866e-05,-0.00037290761801367226,-0.00025395879090934435,0.0,0.0,0.9999999999999998,-3.603531770878666e-10,-3.38792009341033e-12,-1.8408306088308407e-10,-0.1181311256775234,-0.024661460023332415,-0.08087950099297016,0.06809257043551437,9.59733162192957e-05,0.0004152275340030125,0.000266889980452956,0.00033008154294979485
0.6310000000000004,0.19888023405251345,0.12423813905460551,-1.4989149745819543e-05,-1.2429007088928349e-09,6.1036528020466e-08,-1.1619631382355399e-07,3.116788711097309e-05,0.000169941812205204,7.417279110530142e-05,0.0,0.0,0.9999999999999998,8.258765203979529e-12,-1.6222704671515994e-10,-2.4412219111166723e-13,-0.11498258343251554,-0.026415799614279707,-0.08391693399125152,0.0685177566195051,-0.00011621296099585947,-0.00021521693401961624,-0.00035107867296539023,-6.361449536844435e-05
0.6320000000000005,0.1988802340563491,0.12423813892779766,-1.4988908880846011e-05,3.8356508276877045e-09,-1.2680785267799053e-07,2.408649735312809e-07,5.07855153658054e-06,-0.0001878443806984565,0.0003570612873548349,0.0,0.0,0.9999999999999998,1.7550568060458623e-11,-1.9513948419384768e-10,2.0686075158647334e-12,-0.11797124244874886,-0.02428577912903636,-0.08065967786154853,0.06765513425761371,-0.0001430567399854434,2.124485195367544e-06,-0.00017281755641117548,-8.908893160229884e-05
0.6330000000000005,0.19888023407449978,0.12423813874020126,-1.4988780411555359e-05,1.8150687776112977e-08,-1.8759640107535317e-07,1.284692906531489e-07,1.4315036948425274e-05,-6.0788548397362645e-05,-0.00011239568287813201,0.0,0.0,0.9999999999999998,1.049871136779617e-10,-2.355138176541716e-10,2.6351642351171835e-11,-0.11500256411756273,-0.026388004407525825,-0.08387724714368387,0.06855138806134091,-0.00044444878961206585,-0.000726494177660276,-0.0008691704646421785,-0.00029127821971108793
0.6340000000000005,0.19888023420384157,0.12423813859357928,-1.4988741050880517e-05,1.2934179462411575e-07,-1.4662198460325625e-07,3.936067484186043e-08,0.00011119110684800278,4.097441647209692e-05,-8.910861581128849e-05,0.0,0.0,0.9999999999999998,5.1371030785932294e-11,-1.9546259785324033e-10,-9.470266844726377e-12,-0.11816270611351935,-0.02413633624180041,-0.08072785594759815,0.06766431628931337,0.0011179602951838714,0.0012935157609035124,0.0018263317588731681,0.00046388964309085904
0.6350000000000005,0.19888023409248826,0.12423813894377936,-1.4988670329375723e-05,-1.1135331971768049e-07,3.5020008147556927e-07,7.072150479301831e-08,-0.00024069511434179626,0.0004968220660788255,3.136082995115788e-05,0.0,0.0,0.9999999999999998,-2.0514534448095004e-11,-5.794788072757477e-11,-3.126776323567982e-12,-0.11502807796879973,-0.026291368008773488,-0.08375291619690615,0.06862287637765904,-0.0022644170048452777,-0.0025033650315886865,-0.0034811157470802227,-0.0009489434169399341
0.6360000000000005,0.19888023418493503,0.12423813846827908,-1.4988705169372926e-05,9.24467635732588e-08,-4.7550028071961706e-07,-3.483999720289633e-08,0.0002038000832909393,-0.0008257003621951862,-0.00010556150199591463,0.0,0.0,0.9999999999999998,-2.9627637606384676e-11,-1.3462015235266363e-10,-2.1470177795363737e-11,-0.11818769805942483,-0.024285433852828626,-0.08084897454211314,0.06768565105710314,0.002517582614923369,0.0028401624376646712,0.0038157939506158083,0.0011130480331935644
0.6370000000000005,0.19888023420827802,0.1242381385322771,-1.498868989238848e-05,2.3342993274939053e-08,6.399801654639142e-08,1.5276984447433673e-08,-6.910377029831975e-05,0.0005394982972660085,5.011698165033e-05,0.0,0.0,0.9999999999999998,4.586432196135114e-12,-4.1348232105356106e-11,3.4881630230789986e-11,-0.11502851209732522,-0.026294385872340308,-0.08373048986913033,0.06850281617003393,-0.0013908713214168178,-0.001591456776983332,-0.0021630021719640916,-0.0006496217844283924
0.6380000000000005,0.19888023436921018,0.1242381385071029,-1.4988734723728402e-05,1.60932143703683e-07,-2.5174196319692294e-08,-4.483133992225572e-08,0.00013758915042874392,-8.917221286608371e-05,-6.0108324369689394e-05,0.0,0.0,0.9999999999999998,1.5579321536379082e-11,-2.0208189162792343e-10,-1.690099212760918e-12,-0.11817529326692798,-0.02416699778813775,-0.08086609828886766,0.06764615051249062,0.001456807659752955,0.0017132009804328913,0.0023185720377175566,0.0006267670432654415
0.6390000000000005,0.19888023445868233,0.12423813842210805,-1.4988688039069837e-05,8.94721602263113e-08,-8.499484954819961e-08,4.6684658564848276e-08,-7.145998347737168e-05,-5.9820653228507323e-05,9.1515998487104e-05,0.0,0.0,0.9999999999999998,-3.22138701095948e-10,2.7964438084334605e-10,-1.213868638028822e-10,-0.11500368409237949,-0.026411731052006154,-0.08383395451647041,0.06861356706691357,-0.0009022153856225975,-0.0011342933260672118,-0.001498341660610566,-0.0004053102086428679
0.6400000000000005,0.19888023459968554,0.1242381385112595,-1.4988843814189216e-05,1.410031968262712e-07,8.915145109089689e-08,-1.5577511937911992e-07,5.153103659995989e-05,0.0001741463006390965,-0.00020245977794396822,0.0,0.0,0.9999999999999998,-2.0535458764054066e-10,-5.437990826816019e-10,-1.545143929048615e-11,-0.11812853086674666,-0.02411449625263725,-0.08084174550707922,0.06786795729187907,0.0009567391948878364,0.0010801572134364525,0.0015680962271523372,0.0005134445462323674
0.6410000000000005,0.19888023421846385,0.12423813847141017,-1.4988991619511114e-05,-3.812216905502451e-07,-3.984933216629933e-08,-1.4780532189727457e-07,-0.0005222248873765163,-0.0001290007832571962,7.969797481845349e-06,0.0,0.0,0.9999999999999998,5.303124144553573e-11,-3.5655107070147006e-11,6.035144138305064e-12,-0.11514845092503218,-0.026267559414739124,-0.08365156615999361,0.06861562401563392,-0.0031914023120240844,-0.003189009583755089,-0.004878603363313647,-0.001197135263114767
0.6420000000000005,0.19888023430544574,0.12423813855940001,-1.4988981098506255e-05,8.698188643412338e-08,8.798984120190773e-08,1.0521004859058367e-08,0.00046820357698436853,0.00012783917336820706,0.00015832632675633293,0.0,0.0,0.9999999999999998,-1.0556467119699078e-11,-1.8913763191944913e-10,-8.479382373983433e-12,-0.11807411901606511,-0.02421532187894224,-0.08089493323095175,0.06765325064405561,0.002647225716661009,0.0024392732971104383,0.004069755257814044,0.0009360008907679546
0.6430000000000005,0.1988802342250911,0.12423813824017126,-1.4989094837668453e-05,-8.035464032115192e-08,-3.1922875997991524e-07,-1.1373916219727928e-07,-0.0001673365267552753,-0.00040721860118182295,-0.00012426016705633766,0.0,0.0,0.9999999999999998,4.768963163914342e-10,-3.6219579920824495e-10,7.964699045569541e-11,-0.11503791715412706,-0.02636521174665482,-0.08379527587335035,0.06854016589245851,-0.0011560790457153449,-0.001236877830786273,-0.0019227569321119868,-0.00047422743454526384
0.6440000000000005,0.1988802345411358,0.12423813853991568,-1.4989137988443852e-05,3.160446883875696e-07,2.997444233705095e-07,-4.3150775399598776e-08,0.0003963993287087215,0.0006189731833504247,7.058838679768051e-05,0.0,0.0,0.9999999999999998,5.855038224039404e-11,-7.017469969709424e-10,-1.3354254582336772e-10,-0.11808241893262708,-0.02427005165639472,-0.08081617174207845,0.0677720806819363,0.0020495230825847317,0.0023866083382404423,0.0032082362862769793,0.0009137080015670021
0.6450000000000005,0.19888023418771095,0.12423813858942345,-1.4989250022866946e-05,-3.534248312793829e-07,4.950777900388462e-08,-1.1203442309352806e-07,-0.0006694695196669525,-0.00025023664436662487,-6.888364769392929e-05,0.0,0.0,0.9999999999999998,4.248660321508055e-11,1.2121677139507435e-11,1.870413894781195e-12,-0.11493909754286245,-0.026237572067463053,-0.08370555811111864,0.06852821988942427,-0.002900462105600083,-0.0032716636232724048,-0.0045317845287890235,-0.0012428490137836796
0.6460000000000005,0.1988802342655246,0.12423813843737001,-1.4989315116809714e-05,7.781364807255346e-08,-1.520534374179803e-07,-6.509394276779536e-08,0.0004312384793519364,-0.00020156121642186492,4.69404803257327e-05,0.0,0.0,0.9999999999999998,3.358888487514416e-11,-1.0053279160338768e-10,-1.5551062871367147e-11,-0.11825991960133593,-0.024182777492200085,-0.0807568965669899,0.06761901267808901,0.0019451786663007558,0.002350801284342768,0.0031699069293439955,0.0008021113377379116
0.6470000000000005,0.19888023477678712,0.12423813857967071,-1.4989391259182144e-05,5.112625246726173e-07,1.423007022611882e-07,-7.614237242956361e-08,0.0004334488766000639,0.0002943541396791685,-1.1048429661768248e-05,0.0,0.0,0.9999999999999998,1.629645121138781e-11,-3.4625942473082103e-10,8.80924347014253e-12,-0.11479441755155523,-0.026646639275686796,-0.0842245267001218,0.06860407634036886,0.002877136416264835,0.0026257242414782014,0.003956185309495195,0.001196368722686104
0.6480000000000005,0.1988802348784435,0.12423813851531532,-1.4989426226223663e-05,1.016563880044708e-07,-6.435539756323197e-08,-3.496704151801421e-08,-0.0004096061366681465,-0.00020665609982442015,4.11753309115494e-05,0.0,0.0,0.9999999999999998,-6.51172214103767e-13,-2.724037968533096e-10,-4.526594192322529e-12,-0.11506009013297991,-0.026289762975849226,-0.0837560250498394,0.06865944508970642,-0.0029363688637811768,-0.003042695133378423,-0.004508937761117009,-0.0012234770245443175
0.6490000000000005,0.19888023483203332,0.12423813856842478,-1.498945544266503e-05,-4.6410181340736173e-08,5.310946033340086e-08,-2.92164413672247e-08,-0.00014806656934520697,0.00011746485789663283,5.750600150789511e-06,0.0,0.0,0.9999999999999998,-1.0521865839457708e-11,-1.822850174017535e-10,-7.412323155808362e-12,-0.11827475834477236,-0.02399707678433842,-0.08052614857156686,0.06768198286458349,-0.0006509035460598541,-0.0007225613067434037,-0.0008686028613772815,-0.0002688029498059423
0.6500000000000005,0.19888023455512838,0.12423813886943309,-1.4989551132325261e-05,-2.7690495466751297e-07,3.010083209135998e-07,-9.568966023149481e-08,-0.00023049477332677678,0.00024789886058019893,-6.64732188642701e-05,0.0,0.0,0.9999999999999998,6.540620101452645e-11,-5.4531708170753286e-11,1.0503660380365841e-11,-0.1183701271726599,-0.02400815870551126,-0.08047923644504082,0.06761382125823244,-0.0010048773340095903,-0.0005558079796151095,-0.0012257175248218195,-0.0002892301086454869
0.6510000000000005,0.198880234380862,0.12423813894163664,-1.498938538407329e-05,-1.7426637146104414e-07,7.220355466971255e-08,1.6574825197161807e-07,0.00010263858320646882,-0.00022880476624388726,0.0002614379122031129,0.0,0.0,0.9999999999999998,1.1452472869198782e-11,-7.95170925950728e-11,-7.185522550112262e-13,-0.11823542012672719,-0.02404418304299334,-0.08064896477836728,0.0677124655493959,-3.478776039470067e-05,-5.392794730800416e-05,0.00030551691400225944,-0.00012002018063035028
0.6520000000000005,0.1988802348873976,0.12423813890681834,-1.4989813425383345e-05,5.065355958633049e-07,-3.481830139406497e-08,-4.2804131005591487e-07,0.000680801967324349,-0.00010702185606377753,-0.000593789562027533,0.0,0.0,0.9999999999999998,1.8331336747640924e-10,4.438952338103301e-10,-1.6963643485421201e-10,-0.11484385792547003,-0.026511485056394425,-0.083198732898447,0.0681430733726642,0.002489134397313176,0.0022550391309541086,0.0030631882019215313,0.0008497845986661992
0.6530000000000005,0.19888023493659004,0.12423813913854852,-1.4990235564663855e-05,4.919245958211672e-08,2.3173017772291377e-07,-4.221392805098019e-07,-0.00045734313628118813,0.00026654847911697875,5.902029546112973e-06,0.0,0.0,0.9999999999999998,2.0079268813216228e-11,-1.0832779690270261e-10,-2.07692512042163e-11,-0.1150126974977124,-0.026326712266709698,-0.08365735713510547,0.0685532041374272,-0.0029267622602137705,-0.0031786350050370736,-0.004559390158223272,-0.0012167280466317482
0.6540000000000005,0.19888023531657878,0.12423813906459363,-1.4990559230894786e-05,3.799887423277954e-07,-7.395487803510957e-08,-3.236662309306474e-07,0.00033079628274567866,-0.00030568505575802335,9.847304957915449e-05,0.0,0.0,0.9999999999999998,4.304587224637291e-12,-2.0186505920793947e-10,7.831238318220238e-13,-0.11816286296057389,-0.024211870995723438,-0.08084626244748505,0.06768947585025459,0.002496618608325747,0.002817035027270663,0.003831722691166047,0.0010571249161177116
0.6550000000000005,0.19888023568997884,0.12423813831447471,-1.4990766309186588e-05,3.734000534884141e-07,-7.501189199748326e-07,-2.0707829180227866e-07,-6.5886888393812885e-06,-0.000676164041939723,0.00011658793912836874,0.0,0.0,0.9999999999999998,-1.5070130922630955e-11,-2.2657852007028174e-10,-3.98278996835029e-12,-0.11498017629981853,-0.026446524447298194,-0.08399817349809494,0.0686165828334545,-0.00026814274896555876,-0.0003187912272833683,-0.00046369498677246377,-0.00014657337712342395
0.6560000000000005,0.19888023640659144,0.12423813858550056,-1.4991213368908807e-05,7.166125950246619e-07,2.7102584901138507e-07,-4.4705972221903163e-07,0.0003432125415362478,0.0010211447689862177,-0.00023998143041675297,0.0,0.0,0.9999999999999998,8.087855681506484e-10,5.491675280230066e-10,1.5321328221148902e-10,-0.11512918678241235,-0.026524253179063706,-0.08422820975751906,0.0685614198686822,0.002526183586061538,0.002221550059537294,0.003584311402367108,0.0010377499125805592
0.6570000000000005,0.19888023635961802,0.1242381382070457,-1.499149638114142e-05,-4.6973418598735066e-08,-3.784548712565284e-07,-2.8301223261406266e-07,-0.0007635860136233969,-0.0006494807202679135,0.00016404748960496896,0.0,0.0,0.9999999999999998,6.913356524793618e-12,-8.39742181883939e-11,4.059660975309029e-13,-0.11520178721120271,-0.026240255162490015,-0.08360785641919487,0.0686568515833488,-0.004712223723593814,-0.0047667956930245205,-0.007141344362246025,-0.001905632394634799
0.6580000000000005,0.1988802374000089,0.12423813751390068,-1.4991676579732184e-05,1.0403908945508505e-06,-6.931450202637767e-07,-1.8019859076279378e-07,0.0010873643131495856,-0.00031469014900724823,0.00010281364185126888,0.0,0.0,0.9999999999999998,-1.4559132405308977e-10,-5.217123932936246e-10,-2.5502018295639654e-11,-0.1179042928360571,-0.02439383611229329,-0.08120356669114212,0.06764537751942701,0.0065573452003687,0.006456354114457564,0.009842869805022943,0.0024848353960514402
0.6590000000000005,0.19888023783642267,0.12423813753209541,-1.499215879094843e-05,4.364137633081617e-07,1.8194723375595273e-08,-4.822112162459422e-07,-0.0006039771312426888,0.0007113397436393719,-0.0003020126254831484,0.0,0.0,0.9999999999999998,8.957931874345057e-11,-4.5296574218523926e-10,-5.333259179623828e-11,-0.11516028626892974,-0.026366193799103998,-0.08362113104117523,0.06851505486262013,-0.002744087528471855,-0.002181856376436503,-0.004207768861324161,-0.0007395229767455819
0.6600000000000005,0.1988802373551628,0.12423813716943188,-1.4992208995290093e-05,-4.812598790087763e-07,-3.6266352963215227e-07,-5.020434166347348e-08,-0.0009176736423169381,-0.00038085825300774754,0.0004320068745824687,0.0,0.0,0.9999999999999998,1.2354978683941195e-10,1.0610159355280291e-10,-8.877131820056971e-11,-0.11822991781151719,-0.024325046077821967,-0.08182215212545432,0.06823836919547502,-0.004752655750071443,-0.004730360110899491,-0.006164490310527298,-0.0020136852640762616
0.6610000000000005,0.19888023744857766,0.12423813701406188,-1.4992323894336783e-05,9.341486794736326e-08,-1.553700045720066e-07,-1.1489904668902924e-07,0.0005746747469561396,0.00020729352506014567,-6.469470502555576e-05,0.0,0.0,0.9999999999999998,4.2884733711572005e-11,-1.657708711886557e-10,7.618942208818051e-13,-0.1181996325868305,-0.024268466332728767,-0.080813045222866,0.06757701228144995,0.0037186342204651507,0.004071323355013115,0.005684277105470148,0.0015392869076507683
0.6620000000000005,0.19888023776620742,0.12423813669574306,-1.4992440201218323e-05,3.176297484285085e-07,-3.183188188716492e-07,-1.1630688153940813e-07,0.00022421488048114525,-0.0001629488142996426,-1.4078348503788879e-06,0.0,0.0,0.9999999999999998,-1.3663777199681542e-10,-5.379109156193511e-10,-9.987222706107396e-11,-0.11482460397101714,-0.026633619192832334,-0.08419285187140489,0.06861085339823415,0.0015444681768523993,0.0015298278700568307,0.002138589435648652,0.0006687883799466191
0.6630000000000005,0.1988802379164753,0.12423813680166013,-1.4992557056078597e-05,1.5026789433905476e-07,1.0591707295121059e-07,-1.1685486027479379e-07,-0.00016736185408945377,0.00042423589182285983,-5.479787353856525e-07,0.0,0.0,0.9999999999999998,3.890359775190681e-11,2.980396214612292e-10,-1.1848712618165455e-10,-0.11484811494155837,-0.026411920225764975,-0.08388617641574331,0.06871022811697218,-0.001081440351947427,-0.0013384267195662648,-0.0018969367594426738,-0.00045874491666274226
0.6640000000000005,0.19888023769673635,0.12423813655224115,-1.4992725318755342e-05,-2.1973895233146018e-07,-2.494189780332543e-07,-1.6826267674389543e-07,-0.00037000684667051493,-0.0003553360509844649,-5.140781646910164e-05,0.0,0.0,0.9999999999999998,1.9607791450714358e-11,-7.382820796768706e-11,-2.4686757175690988e-12,-0.11847328347904672,-0.02386710923038672,-0.08072552262002262,0.06766151285024936,-0.0019524979680108211,-0.0018638421406413385,-0.002482380334324842,-0.0007636750778707861
0.6650000000000005,0.1988802378746549,0.12423813691093674,-1.499277856135417e-05,1.7791853366589505e-07,3.586955852382211e-07,-5.324259882845954e-08,0.0003976574859973552,0.0006081145632714755,0.00011502007791543588,0.0,0.0,0.9999999999999997,6.8966311959680474e-09,1.0011937172937961e-08,-1.8718174031646257e-10,-0.11816347731672208,-0.024208077065981617,-0.08082642835217203,0.06757625236808394,0.003016371444552222,0.00315420349500129,0.004630407384524019,0.0012354837073613003
0.6660000000000005,0.19888023781175918,0.12423813703159017,-1.4992796200155846e-05,-6.289572602864503e-08,1.2065343205758545e-07,-1.7638801675794195e-08,-0.00024081425969454007,-0.00023804215318063565,3.560379715266535e-05,0.0,0.0,0.9999999999999997,3.013610969665105e-11,-1.9586086861243508e-10,2.9567306423151618e-12,-0.11494354193145648,-0.026392247141513434,-0.08391605632900077,0.06866040767422771,-0.0019256225808836312,-0.0018722472778669157,-0.002891294866083319,-0.000790964402968994
0.6670000000000005,0.198880237563837,0.12423813651433693,-1.4992550442129824e-05,-2.4792218632133804e-07,-5.172532461900546e-07,2.4575802602169456e-07,-0.000185026460292693,-0.0006379066782476401,0.0002633968276974888,0.0,0.0,0.9999999999999997,-1.2351502939556958e-10,2.5013951005054024e-11,-3.762947582188572e-11,-0.11836752148456398,-0.023890917472750885,-0.08042022316899136,0.06762898638311349,-0.0017668722971270678,-0.0016761390154704705,-0.002357053950387378,-0.0008762031370221342
0.6680000000000005,0.19888023728762885,0.12423813745317554,-1.4992557111779243e-05,-2.7620814324952346e-07,9.388386074903085e-07,-6.669649419455279e-09,-2.828595692818542e-05,0.001456091853680363,-0.00025242767544114984,0.0,0.0,0.9999999999999997,1.7195842575725612e-10,-1.8397550640617623e-10,-1.5468387838108211e-12,-0.11808120860578261,-0.02412410446997122,-0.0807535572056664,0.06790828770285208,0.0014225579282227912,0.0013331033843848677,0.002088981102438984,0.000934909954348701
0.6690000000000005,0.19888023721269005,0.12423813777446142,-1.4992446221994238e-05,-7.493879852786759e-08,3.212858915938619e-07,1.108897850057614e-07,0.00020126934472165588,-0.0006175527158964467,0.00011755943442521668,0.0,0.0,0.9999999999999997,2.64042318526986e-11,-1.5667121079838273e-10,1.9022109667061257e-11,-0.1153099538905634,-0.026368531224819036,-0.08340446864236767,0.0681939280975764,-0.0001514529527819238,-4.5378061062378507e-05,-0.00033911648369210485,-0.00029364194869205127
0.6700000000000005,0.19888023705662894,0.12423813810809912,-1.499282369436216e-05,-1.5606109695545532e-07,3.3363769585835716e-07,-3.7747236792170305e-07,-8.112229842758774e-05,1.2351804264495257e-05,-0.0004883621529274644,0.0,0.0,0.9999999999999997,-1.3359171697821041e-11,-4.466390491801067e-11,-4.1392988705186696e-12,-0.11807923400351948,-0.025202719540400167,-0.0810868768246446,0.06766744803219515,-0.0017245987010208357,-0.0009535414530484066,-0.0023410344414167713,-0.0006854577984050793
0.6710000000000005,0.19888023692418735,0.12423813850109625,-1.4993082495356985e-05,-1.3244158406514394e-07,3.929971193902586e-07,-2.5880099482496236e-07,2.361951289031138e-05,5.935942353190143e-05,0.00011867137309674068,0.0,0.0,0.9999999999999997,-2.6238368157934327e-11,-1.6489603757121384e-10,-5.274779489041117e-13,-0.11835075714506849,-0.024045340458278473,-0.08049824436014343,0.06754887562545592,0.0003430635113455519,0.0005624442019815615,0.0007304191370138245,0.0001822197592975524
0.6720000000000005,0.1988802369668618,0.12423813900966271,-1.499306492787994e-05,4.2674445724087884e-08,5.085664632234348e-07,1.7567477044981954e-08,0.00017511602978923183,0.0001155693438331762,0.00027636847186994436,0.0,0.0,0.9999999999999997,2.6229527464575015e-12,-1.3991284631771536e-10,-2.432613944798692e-12,-0.11478235389517828,-0.02654636741127176,-0.08415998555994259,0.06866970836221623,0.0009962736891973283,0.0009161703338308206,0.0013237300058741288,0.0003351318262186655
0.6730000000000005,0.19888023693526477,0.12423813939214881,-1.499310300276855e-05,-3.159702861210954e-08,3.82486103091458e-07,-3.807488861001642e-08,-7.427147433619743e-05,-0.0001260803601319768,-5.564236565499837e-05,0.0,0.0,0.9999999999999997,6.136377333971965e-11,-3.589734256296134e-11,9.406390320216218e-12,-0.11494292381218515,-0.02649407836905577,-0.08400087803950006,0.06855763012809482,-0.00020828764358939785,-0.0003506913793609893,-0.0006156186551734644,-3.6923169490030665e-05
0.6740000000000005,0.1988802370541892,0.12423813939932184,-1.4992883501665036e-05,1.1892441573898227e-07,7.173022260309466e-09,2.195011035125477e-07,0.00015052144435109181,-0.0003753130808311485,0.00025757599212256413,0.0,0.0,0.9999999999999997,3.3761538113334354e-10,-8.220796675120762e-10,-1.1750638515993818e-10,-0.11826645530936639,-0.023992290007891433,-0.08067783716879576,0.06772467505399665,0.0005335782556763677,0.0004927642583228502,0.0010903481376922112,0.00015635239231709763
0.6750000000000005,0.1988802372219441,0.124238139404989,-1.4993044909024997e-05,1.6775488297535103e-07,5.667162003572927e-09,-1.614073599616798e-07,4.883046723636876e-05,-1.5058602567365387e-06,-0.00038090846347422754,0.0,0.0,0.9999999999999997,-3.4718559593331582e-12,-1.169797270013806e-10,-1.9235074094030445e-12,-0.11480858623203663,-0.02660690009994142,-0.08391078685618125,0.06847193423199827,0.0003669738578753316,0.00036549682097938065,0.00023923770460540638,0.00013574064634062932
0.6760000000000005,0.19888023723614634,0.12423813942749119,-1.499245881993072e-05,1.4202261500344548e-08,2.2502198142411757e-08,5.86089094277891e-07,-0.0001535526214750065,1.683503613883883e-05,0.0007474964542395708,0.0,0.0,0.9999999999999997,2.5714142272437842e-12,-8.214912970421806e-11,-2.67674719300468e-12,-0.11606600521625497,-0.02639391806626714,-0.08380380880537082,0.06856215669545151,-0.00031716110175763394,-4.021536777103565e-05,-0.00014754559068586362,-2.7868811745006436e-05
0.6770000000000005,0.1988802372978208,0.12423813881505853,-1.4992146308874353e-05,6.167448313042947e-08,-6.124326572557349e-07,3.125110563670254e-07,4.7472221630084926e-05,-0.0006349348553981466,-0.0002735780379108656,0.0,0.0,0.9999999999999997,-6.229921271870292e-11,-2.324952607526571e-10,-2.8555743000560484e-11,-0.11808359457444532,-0.02406402620764946,-0.08051142968562243,0.06768934387573848,4.1725354038643316e-05,0.0004353182492812833,0.00036794874184279953,2.7443958815479925e-05
0.6780000000000005,0.19888023771768748,0.12423813885227684,-1.4992034431497907e-05,4.198666678258552e-07,3.721830511067341e-08,1.1187737644639883e-07,0.00035819218469542574,0.0006496509623664082,-0.00020063367992062658,0.0,0.0,0.9999999999999997,2.5520606508399813e-11,-2.67054478136817e-10,-8.259653663280084e-12,-0.11493122020184697,-0.026629342236623846,-0.08395988644286326,0.06834255954985784,0.0017077284240436248,0.0013305953557331903,0.002131878793359518,0.0005630314544466488
0.6790000000000005,0.198880237944485,0.12423813860153107,-1.4991971430323927e-05,2.267975337223023e-07,-2.5074576784776626e-07,6.300117397989621e-08,-0.0001930691341035529,-0.0002879640729584396,-4.887620246650263e-05,0.0,0.0,0.9999999999999997,-5.151793012342762e-12,-2.4102540800353974e-12,9.299448524452206e-11,-0.11500970092563305,-0.026470418377959434,-0.08396270454774431,0.06853987911276839,-0.0012141834689811156,-0.0011969240397345351,-0.0019332982855771797,-0.0005486397243465087
0.6800000000000005,0.19888023790719986,0.1242381381769247,-1.4991780777803458e-05,-3.728514921694084e-08,-4.246063744729327e-07,1.9065252046825976e-07,-0.00026408268293924315,-0.00017386060662516646,0.00012765134648836353,0.0,0.0,0.9999999999999997,2.961328014099407e-11,-3.7313651825520034e-11,5.269479503874572e-12,-0.11845035070285395,-0.023834488241156592,-0.08036830008319414,0.06765177690309282,-0.0017516489326580575,-0.0016416435819185562,-0.0023118724689420813,-0.0006955128014006402
0.6810000000000005,0.1988802379709561,0.12423813779777611,-1.4991592042358292e-05,6.375625270620401e-08,-3.7914858383202093e-07,1.8873544516725738e-07,0.00010104140192314486,4.5457790640911786e-05,-1.91707530100238e-06,0.0,0.0,0.9999999999999997,1.0847584408633645e-12,-5.201630031443583e-11,-1.0592161301170291e-12,-0.11832577033044643,-0.02402205759399658,-0.08050979202800547,0.06760790022860654,0.0005816921484707436,0.0006306739459286919,0.0010708328348577234,0.00018219991583923105
0.6820000000000005,0.1988802377873205,0.12423813780391085,-1.4992440834532005e-05,-1.8363561773313566e-07,6.13473859562077e-09,-8.487921737120822e-07,-0.0002473918704393397,0.0003852833224276417,-0.0010375276188793394,0.0,0.0,0.9999999999999997,3.19063925162588e-11,-3.912003561740294e-11,5.0175751453878826e-12,-0.11629273148357135,-0.024203714961425756,-0.08251428486149247,0.0682175688964915,0.0001986051408352134,-0.000259055455145608,0.0003018086510293852,0.00018324509954853615
0.6830000000000005,0.19888023804845367,0.1242381378646794,-1.4992365413433747e-05,2.6113317145693015e-07,6.076854745949722e-08,7.542109825789964e-08,0.0004447687891900658,5.463380886387645e-05,0.0009242132719699818,0.0,0.0,0.9999999999999997,7.804844246047838e-10,-2.6908870047013855e-11,-5.546700721614506e-11,-0.11603257365932881,-0.026304102774166983,-0.08230260513744886,0.06805150684628695,0.0015495547624729549,0.001655812260165474,0.00172383989140612,0.000564112043236578
0.6840000000000005,0.19888023827796758,0.12423813747955728,-1.4991828749799226e-05,2.2951389988320486e-07,-3.8512211901399553e-07,5.366636345218006e-07,-3.161927157372529e-05,-0.00044589066647349277,0.0004612425362639009,0.0,0.0,0.9999999999999997,1.0107602654740123e-11,-5.01058962699544e-11,2.4378662518937004e-14,-0.11493842275790195,-0.02641226463187269,-0.08395694408050511,0.06850134651475338,-0.0018106479784581748,-0.002054422450990859,-0.002648230417781822,-0.0010868300327414922
0.6850000000000005,0.19888023847106753,0.12423813747852955,-1.499176179292009e-05,1.9309993976761476e-07,-1.0277311438186663e-09,6.695687913722821e-08,-3.64139601155901e-05,0.00038409438787017687,-0.00046970675538457235,0.0,0.0,0.9999999999999997,1.0146004552518024e-11,-2.1406972518400937e-11,-1.8576713078202412e-11,-0.11828585470308346,-0.024065647847843586,-0.08077768451128943,0.06796344685780384,0.0015725639818079053,0.0017679827467303154,0.0024769430046032233,0.0010057510976024411
0.6860000000000005,0.1988802385788853,0.12423813752645801,-1.4991679892235933e-05,1.0781775585768528e-07,4.7928466627334287e-08,8.190068415657407e-08,-8.528218390992948e-05,4.895619777115295e-05,1.4943805019345861e-05,0.0,0.0,0.9999999999999997,3.7650454229768265e-13,-5.978085174492101e-11,-2.490631890849587e-12,-0.11487503438106089,-0.026469302269263813,-0.08403317984738572,0.06866889088159257,-0.00104820088880609,-0.001172211061552321,-0.0017224978266242217,-0.00043562464804636176
0.6870000000000005,0.19888023890444395,0.12423813764716284,-1.499168703492494e-05,3.2555867438395714e-07,1.2070482199337537e-07,-7.142689008539991e-09,0.00021774091852627187,7.277635536604109e-05,-8.904337316511407e-05,0.0,0.0,0.9999999999999997,1.6482851697949884e-11,-2.3498895310154763e-10,1.441187316057981e-12,-0.11826952332172869,-0.02409285206516782,-0.08059856448609326,0.06760204018508234,0.0019153532846844185,0.0020670994358089907,0.0029724489401747093,0.0007883610234264134
0.6880000000000005,0.1988802388966976,0.12423813782353736,-1.4991657202183624e-05,-7.746351799044e-09,1.7637453230472938e-07,2.9832741316393825e-08,-0.00033330502618300113,5.566971031135401e-05,3.697543032493381e-05,0.0,0.0,0.9999999999999997,8.464662334416488e-10,-7.913200076564724e-10,8.444496020028584e-11,-0.11494705747113834,-0.026378991003198998,-0.08393726686962895,0.06869229004716704,-0.002626609372662226,-0.002788928713696375,-0.003998205021030439,-0.0010936387154842834
0.6890000000000005,0.1988802393305305,0.12423813793103895,-1.4991651074754705e-05,4.3383290447967557e-07,1.0750159441977718e-07,6.127428919556583e-09,0.00044157925627871954,-6.88729378849522e-05,-2.370531239683724e-05,0.0,0.0,0.9999999999999997,-8.177536231180318e-11,-3.503055357177934e-10,-8.774989270354351e-12,-0.11819435801212941,-0.024161228322353765,-0.08071848313169706,0.06756975878605136,0.003289043184167579,0.0033871415859515106,0.004958374537947065,0.0013278110925029694
0.6900000000000005,0.19888023910479485,0.12423813820269558,-1.4991700308695322e-05,-2.2573564970377802e-07,2.716566259147293e-07,-4.9233940616936874e-08,-0.0006595685541834536,0.0001641550314949521,-5.5361369536493454e-05,0.0,0.0,0.9999999999999997,1.772166913710966e-11,-6.880170906383162e-11,5.667349969320529e-13,-0.11503737727307317,-0.026320159214108352,-0.08375350103357082,0.06871072490105781,-0.004545611643931333,-0.0044627734516712375,-0.006771582970117947,-0.0017848733351491836
0.6910000000000005,0.19888023920340328,0.1242381384974955,-1.4991667603209828e-05,9.860841493435127e-08,2.947999172703958e-07,3.27054854944161e-08,0.0003243440646381293,2.3143291355666547e-05,8.193942611135298e-05,0.0,0.0,0.9999999999999997,-5.526939333487614e-12,-1.197376411227029e-10,3.470953085082572e-14,-0.11827659831164483,-0.02402493108591058,-0.08061814528898631,0.06757359234493021,0.002216315577897932,0.0020741352778264307,0.0033579643711765628,0.0008250994078904228
0.6920000000000005,0.1988802395914966,0.1242381388580548,-1.499178368657777e-05,3.88093320358438e-07,3.605593069309306e-07,-1.1608336794049439e-07,0.00028948490542408673,6.57593896605348e-05,-0.00014878885343491048,0.0,0.0,0.9999999999999997,8.274520265196839e-12,-1.7985600904605905e-10,8.283704772271228e-12,-0.1146593122849911,-0.026763084076745602,-0.08432728595760437,0.06864548950950482,0.002318463488290038,0.0022643977539437816,0.003191696905223688,0.0009544013894497809
0.6930000000000005,0.19888023966844304,0.12423813964121021,-1.4992067468278516e-05,7.694646042885814e-08,7.831554055336871e-07,-2.837817007458399e-07,-0.0003111468599295798,0.00042259609860275646,-0.00016769833280534552,0.0,0.0,0.9999999999999997,6.649311679729639e-10,5.828021028223314e-10,7.256341032956154e-11,-0.11497426770103723,-0.02650400543836383,-0.0838985691800079,0.06868196383051837,-0.001987556715976141,-0.001985388464817091,-0.0032687922060353628,-0.0006209474912135603
0.6940000000000005,0.19888023999668278,0.1242381393885749,-1.499175406405397e-05,3.282397427705596e-07,-2.5263529466583475e-07,3.134042245458349e-07,0.0002512932823417015,-0.0010357907001995218,0.0005971859252916748,0.0,0.0,0.9999999999999997,8.778484661734261e-11,-3.24126829358886e-10,-2.5077494631861485e-11,-0.11826445262897528,-0.023953239196536705,-0.08078111560370087,0.06789679655995688,0.0009689497062339848,0.0007710534718578317,0.0018910616246964923,0.00016333353123638644
0.6950000000000005,0.19888024071805593,0.12423813964633253,-1.4991883962851206e-05,7.213731628935202e-07,2.5775761672110666e-07,-1.2989879723515686e-07,0.0003931334201229606,0.0005103929113869414,-0.0004433030217809918,0.0,0.0,0.9999999999999997,-1.7655213653641735e-11,-3.903326133191833e-10,-6.746005594073381e-12,-0.11473414561226122,-0.026742727396515363,-0.08407880011920418,0.06833810292001147,0.0023541017596842933,0.00232554334782927,0.0030450989945912804,0.0009856518656567738
0.6960000000000005,0.1988802409471379,0.12423814013873107,-1.4991988831202085e-05,2.2908197127270441e-07,4.923985350297995e-07,-1.0486835087862623e-07,-0.0004922911916208157,0.00023464091830869283,2.503044635653063e-05,0.0,0.0,0.9999999999999997,-5.909570045777867e-12,-2.2537034137358033e-10,-2.316090336007948e-12,-0.11488682937243964,-0.02639910858848242,-0.08389291684226997,0.06872129777177884,-0.00302200747103455,-0.0031400361824366904,-0.004680527924110286,-0.0012143979427160776
0.6970000000000005,0.19888024116811015,0.12423813961946813,-1.4992033311630777e-05,2.2097223196913126e-07,-5.19262943464391e-07,-4.448042869188426e-08,-8.109739303573157e-06,-0.0010116614784941905,6.038792218674197e-05,0.0,0.0,0.9999999999999997,-6.49641825683231e-12,-9.168644576295595e-11,1.0294112384424895e-11,-0.1183418201689311,-0.023930321316988308,-0.08043965177615205,0.06755254299178495,-0.00012882181985988486,-0.0001525569442699987,-4.4701959111674966e-05,-3.9826634598996535e-05
0.6980000000000005,0.1988802414312162,0.12423813945972906,-1.4992060852327698e-05,2.631060318124963e-07,-1.597390663209391e-07,-2.7540696921612147e-08,4.213379984336507e-05,0.00035952387714345194,1.6939731770272112e-05,0.0,0.0,0.9999999999999997,1.568719516058751e-10,4.319123160323704e-11,-3.879405018352603e-11,-0.11831344123725818,-0.02397542059820983,-0.08047373000386351,0.06783052505122969,0.0008229373457705174,0.0010892653701440173,0.0014542560480529628,0.0003653238526654458
0.6990000000000005,0.19888024173909813,0.12423813926296803,-1.4992077779480908e-05,3.0788194068068645e-07,-1.9676102229248002e-07,-1.6927153210108818e-08,4.4775908868190124e-05,-3.702195597154094e-05,1.0613543711503329e-05,0.0,0.0,0.9999999999999997,3.9200475454644773e-11,-8.023402565925551e-11,-9.763841208200878e-12,-0.11475022722911554,-0.02665017444697313,-0.08417334015293171,0.0685727632124739,2.7928942798645842e-05,-7.174372573378534e-05,-0.00016445708255364316,5.0567436341960135e-05
0.7000000000000005,0.19888024190994152,0.12423813904403029,-1.499204698466819e-05,1.7084338546505246e-07,-2.1893774633545202e-07,3.079481271745948e-08,-0.000137038555215634,-2.2176724042971997e-05,4.77219659275683e-05,0.0,0.0,0.9999999999999997,-1.4796229035334132e-12,-2.052126172860677e-10,1.913625767395853e-12,-0.11835335084836719,-0.02387827692654236,-0.08042763776263638,0.06823430511406596,0.00018527222100174772,0.00034274625453328405,0.00040466831784422263,0.00038754448639219993
0.7010000000000005,0.1988802422322538,0.12423813868319224,-1.4992004613934326e-05,3.223122742858032e-07,-3.6083805148912576e-07,4.2370733864612474e-08,0.0001514688888207507,-0.00014190030515367374,1.1575921147152997e-05,0.0,0.0,0.9999999999999997,6.655004877635975e-11,-3.0423766479798493e-10,-3.961279175115621e-11,-0.1147498477773181,-0.02672212743446872,-0.08428310149809473,0.06864376368778559,0.001118628428626525,0.0009553737586583986,0.0013657993814290205,0.0004893384063471483
0.7020000000000005,0.19888024237891452,0.12423813828492637,-1.4991945879685741e-05,1.466607204624829e-07,-3.982658689686511e-07,5.873424858378611e-08,-0.00017565155382332027,-3.7427817479525315e-05,1.6363514719173634e-05,0.0,0.0,0.9999999999999997,1.1365961208234228e-11,-1.2757375650161036e-10,-6.316851650496287e-12,-0.1147946365093122,-0.026535061320894903,-0.08408902356999111,0.06874967433655148,-0.0015921551875209112,-0.0018190241735694334,-0.002558116467199801,-0.0007376054250271226
0.7030000000000005,0.198880242515275,0.12423813818129009,-1.4991964573541506e-05,1.363604672148332e-07,-1.0363627362585221e-07,-1.86938557636976e-08,-1.030025324764972e-05,0.0002946295953427989,-7.74281043474837e-05,0.0,0.0,0.9999999999999997,-1.0439447568876022e-12,-1.1154359410456564e-10,2.929489499928088e-13,-0.11844297526022278,-0.023899813541305874,-0.08039146409442238,0.06762335671280191,0.00045403186997346315,0.0004904243284185125,0.0008049474131821789,0.0002566787770673124
0.7040000000000005,0.19888024246065286,0.12423813808687059,-1.4991872015904666e-05,-5.462215088481067e-08,-9.441950142457407e-08,9.255763683868808e-08,-0.00019098261809964384,9.216772201278138e-06,0.00011125149260238568,0.0,0.0,0.9999999999999997,-5.058894156701326e-13,-1.1162327100180968e-10,-1.1939588855290185e-12,-0.11834438395618735,-0.02388325916764827,-0.08050178607791146,0.06792683044570613,-0.0007425666551126271,-0.00038307492779404175,-0.000755523357159674,-6.159647518111044e-05
0.7050000000000005,0.19888024254476655,0.12423813768006409,-1.4991642007922362e-05,8.411369183006083e-08,-4.068065069209999e-07,2.3000798230374106e-07,0.00013873584271487148,-0.0003123870054964258,0.000137450345465053,0.0,0.0,0.9999999999999997,5.293621817486665e-12,-9.252441736690429e-11,2.6021821399624567e-12,-0.11662802812087322,-0.02593230167090953,-0.08186559646185092,0.06804958022471008,-0.00039709371651511536,-0.00020980304043390218,-0.0007758189222345467,-0.0001985405697818395
0.7060000000000005,0.1988802429593471,0.1242381378934406,-1.4991610931960419e-05,4.145805343955738e-07,2.1337650764106257e-07,3.107596194336348e-08,0.000330466842565513,0.0006201830145620624,-0.00019893202036037758,0.0,0.0,0.9999999999999997,-2.1792023640377086e-12,-3.542237333606812e-10,-3.717266212270613e-12,-0.11796356292644994,-0.024171540404384715,-0.08065442317907094,0.06780937944979425,0.0019905305408476417,0.0022880351025937958,0.0030239801686000717,0.0009571962130088109
0.7070000000000005,0.19888024293059123,0.12423813793032708,-1.4991560366503975e-05,-2.8755858077475653e-08,3.6886477659390215e-08,5.056545644369004e-08,-0.0004433363924730494,-0.00017649002998167235,1.948949450032656e-05,0.0,0.0,0.9999999999999997,-3.195303838387038e-09,-4.955781949495071e-09,-1.5215653035390965e-09,-0.1149334260684309,-0.026465772492734876,-0.08390877186479113,0.06868333988185175,-0.003301340735423738,-0.0035141646752344193,-0.005004371311601372,-0.0013686868874343808
0.7080000000000005,0.19888024313848215,0.12423813798942031,-1.4991473548646169e-05,2.0789092632173958e-07,5.909323165809441e-08,8.681785780576184e-08,0.00023664678439921523,2.2206753998704195e-05,3.62524013620718e-05,0.0,0.0,0.9999999999999997,-5.201925929677407e-11,-2.6984174603979347e-10,-4.536836072135934e-12,-0.1182493336246278,-0.024038480847740382,-0.08056956931108257,0.06763631407560843,0.002281743149591143,0.002401631964411937,0.0034125545557449318,0.0010116823929690502
0.7090000000000005,0.19888024337376678,0.12423813819082909,-1.4991505346694589e-05,2.3528462913652e-07,2.0140877205945985e-07,-3.1798048420291634e-08,2.7393702814780413e-05,0.00014231554040136543,-0.00011861590622605347,0.0,0.0,0.9999999999999997,6.338784523716202e-10,-1.5764359327583352e-10,-4.709140687546933e-11,-0.11482239476845628,-0.02663849452131456,-0.08418134568408679,0.06861510928436401,-0.0003083231247672947,-0.0003750242239082463,-0.0005828523918377853,-0.0002048402602892986
0.7100000000000005,0.19888024326574655,0.12423813829310267,-1.4991127509056784e-05,-1.0802022595055915e-07,1.022735744939252e-07,3.7783763780418944e-07,-0.0003433048550870791,-9.913519756553466e-05,0.0004096356862244811,0.0,0.0,0.9999999999999997,8.636779376994466e-13,-2.701520644403229e-10,-1.8496902426031867e-12,-0.11653668525110414,-0.026040249555548414,-0.0843095496775387,0.06852981293112335,0.0006560148422047013,0.00038295819805945737,0.0010131753084525012,0.00018578526582414603
0.7110000000000005,0.19888024315612673,0.12423813846702181,-1.4991859106662079e-05,-1.0961981467052845e-07,1.7391913925773255e-07,-7.315976052940902e-07,-1.5995887199692987e-06,7.164556476380736e-05,-0.0011094352430982795,0.0,0.0,0.9999999999999997,-1.5958929640492628e-11,-1.332484938983876e-10,6.8803887150192714e-12,-0.11519165171945399,-0.025461344429199572,-0.08256797445235048,0.06815959950224315,-0.0012397734449722012,-0.001784896344388858,-0.002396770833955539,-0.0007598497034404731
0.7120000000000005,0.1988802430839251,0.12423813883128587,-1.4992486505423251e-05,-7.220163450639995e-08,3.642640625104477e-07,-6.273987611714832e-07,3.741818016412849e-05,0.00019034492325271514,0.000104198844122607,0.0,0.0,0.9999999999999997,4.764837591957701e-11,-6.39197165317615e-11,6.806266824943621e-12,-0.11842662527660486,-0.02389603631067382,-0.08040620330650963,0.06756978077964446,0.0007187398124011247,0.0008673924942901829,0.0011444573639862623,0.00036276270862627895
0.7130000000000005,0.19888024275083593,0.12423813924803656,-1.4992413223057939e-05,-3.3308916646873513e-07,4.167506866681692e-07,7.328236531285087e-08,-0.0002608875319623352,5.2486624157721505e-05,0.0007006811264843341,0.0,0.0,0.9999999999999997,1.2857534074105574e-10,-1.263793323781894e-10,2.5909866970466183e-11,-0.11832044441311236,-0.023900067377389037,-0.0807971488620527,0.06794528155952677,-0.0009345517574111077,-0.0007550914990833309,-0.000960885009160479,-0.00024263732459749523
0.7140000000000005,0.1988802425612327,0.1242381392782316,-1.4992210394132614e-05,-1.8960321024619656e-07,3.019503980780084e-08,2.028289253246325e-07,0.00014348595622253857,-0.0003865556468603684,0.00012954656001178165,0.0,0.0,0.9999999999999997,3.3662823007688054e-11,-1.6727514325716488e-10,1.0674983913500906e-11,-0.11813535177677817,-0.02402796789714833,-0.08046861489023847,0.06768857040697492,0.0006685548095707848,0.0006885479175160454,0.0011652724183949226,0.00024822664929476963
0.7150000000000005,0.19888024225733317,0.12423813947740082,-1.4992165654495004e-05,-3.0389953267156913e-07,1.9916921758026317e-07,4.473963761031939e-08,-0.00011429632242537257,0.00016897417777246234,-0.0001580892877143131,0.0,0.0,0.9999999999999997,2.3647276188441193e-11,-1.5725985560858587e-10,3.0416935327382084e-11,-0.11487017407827636,-0.02658722320491639,-0.08411377046282723,0.06860101493481584,-0.0008041280820986971,-0.0008566487936981648,-0.0013754561261576177,-0.00028086082476871786
0.7160000000000005,0.1988802417457438,0.12423813799088479,-1.4992042130463507e-05,-5.11589352578809e-07,-1.4865160410033216e-06,1.235240314971698e-07,-0.00020768981990723984,-0.0016856852585835848,7.87843938868504e-05,0.0,0.0,0.9999999999999997,-5.481037253457539e-10,2.5859159388246173e-10,-1.777685718925259e-10,-0.11834802798325958,-0.02402723966091079,-0.08030665112004591,0.06765002014403526,-0.0015473606718751716,-0.0013386495409496407,-0.0019749496735951802,-0.0006398037327577212
0.7170000000000005,0.19888024122821296,0.124238138881616,-1.499194926756253e-05,-5.175308544924185e-07,8.907312042180142e-07,9.286290097727753e-08,-5.941501913609529e-06,0.0023772472452213357,-3.066113051989226e-05,0.0,0.0,0.9999999999999997,-7.645129348751829e-11,-1.1149943544270742e-10,4.470635135214131e-11,-0.11830018684929224,-0.0238362818847809,-0.08023546900593219,0.067654685563059,-5.579900869772645e-05,9.013248408903578e-05,5.0479767799876516e-05,6.663819300306833e-05
0.7180000000000005,0.19888024119074246,0.12423813886178664,-1.4992124878588547e-05,-3.747049935007689e-08,-1.982935646036582e-08,-1.7561102601808808e-07,0.0004800603551423416,-0.00091056056067838,-0.0002684739269953656,0.0,0.0,0.9999999999999997,7.734608818737154e-13,-1.176535549917746e-10,-1.0328468061060586e-12,-0.11640127031776716,-0.02515634319140484,-0.08076311367131522,0.0678435174273268,0.0006780761894140548,0.0006373314035860937,0.0002907738494015177,0.00021799151235519146
0.7190000000000005,0.1988802411937603,0.12423813847670066,-1.4992172918156102e-05,3.017848980981083e-09,-3.850859826450489e-07,-4.8039567554439864e-08,4.048834833105798e-05,-0.00036525662618468305,0.00012757145846364822,0.0,0.0,0.9999999999999997,5.2024533520678735e-11,-9.53560268537537e-11,-1.1828706397066238e-12,-0.11502397065615388,-0.026657091088705464,-0.08422547181602177,0.06859094372445486,0.0003824604494537372,0.0003093424265615529,0.0004573184799207368,0.00012375726210177575
0.7200000000000005,0.19888024132025,0.12423813810976594,-1.4992117473772026e-05,1.2648971815686523e-07,-3.6693472009435993e-07,5.544438407588683e-08,0.00012347186917588415,1.8151262550688953e-05,0.0001034839516303267,0.0,0.0,0.9999999999999997,-1.2650787714912013e-10,3.822424267045865e-11,2.724607933556406e-11,-0.115036635297133,-0.026475223328421758,-0.08390333018268233,0.06837325599345014,-0.00023088011876642466,-0.0005070296198671377,-0.0004420574215847559,-0.00037550980824501855
0.7210000000000005,0.1988802412444674,0.12423813834204596,-1.4992443449648458e-05,-7.578260403294073e-08,2.3228001735433082e-07,-3.2597587643274853e-07,-0.00020227232218980598,0.0005992147374486907,-0.0003814202605086354,0.0,0.0,0.9999999999999997,-2.2085029454318844e-09,-3.173264166271479e-09,-3.71354289227909e-11,-0.11849142944388857,-0.023898689236447366,-0.08034853993783769,0.06784452177716864,0.0008237469828938559,0.0012876210926241465,0.0012869478970154076,0.0008212167010514322
0.7220000000000005,0.19888024150294142,0.12423813786319816,-1.499230127487327e-05,2.584740080639864e-07,-4.788477945223281e-07,1.4217477518748618e-07,0.00033425661209692713,-0.0007111278118766589,0.00046815065162023474,0.0,0.0,0.9999999999999997,8.30567689970035e-12,-5.636933920783114e-11,5.44235722007306e-13,-0.11497638781673414,-0.02645142549617213,-0.08338484841957865,0.06821520488881483,-0.0008379801577623328,-0.0012299103919761589,-0.0016544753606523386,-0.0009231771380218938
0.7230000000000005,0.1988802415199313,0.12423813792119591,-1.4992493650877034e-05,1.6989873838858975e-08,5.7997739705270754e-08,-1.9237600376287232e-07,-0.0002414841342251274,0.0005368455342275988,-0.00033455077895035845,0.0,0.0,0.9999999999999997,9.865852909495272e-11,-1.4054102876179096e-10,-5.100093435645378e-10,-0.11838246441537353,-0.02395418179734135,-0.08074594830601028,0.06802990195069186,0.00022320579020628233,0.00046228622785828466,0.0006714557429823705,0.00047399304548560397
0.7240000000000005,0.19888024164410026,0.12423813766406874,-1.4992455506701263e-05,1.2416895069203471e-07,-2.571271672062462e-07,3.8144175770746626e-08,0.00010717907685317574,-0.00031512490691151693,0.00023052017953361894,0.0,0.0,0.9999999999999997,-2.9397194540392785e-10,-7.50657114424373e-11,-1.5570653335632618e-10,-0.11487417834645444,-0.026627596740845534,-0.08432959265381011,0.06872169709150032,0.0009246171094468691,0.0007738779143487995,0.0011870893261021346,0.00039256201939125667
0.7250000000000005,0.19888024172910396,0.12423813777942244,-1.4992550435351192e-05,8.500369058875052e-08,1.1535369339035394e-07,-9.492864992848978e-08,-3.916526010328419e-05,0.0003724808605966001,-0.00013307282569923642,0.0,0.0,0.9999999999999997,4.386514477344039e-11,6.759325905718305e-13,-1.437937709950529e-12,-0.1149731451071934,-0.026650147360444427,-0.08419053274002547,0.0686317020237703,-0.00010391468865106454,-0.00024440405335478065,-0.00026164425012450575,-4.862929573536733e-05
0.7260000000000005,0.19888024199298887,0.1242381378368792,-1.4992660380093838e-05,2.638849154156167e-07,5.7456764479412244e-08,-1.0994474264587453e-07,0.0001788812248268662,-5.78969289109417e-05,-1.5016092717384758e-05,0.0,0.0,0.9999999999999997,1.136841565706533e-11,-2.045972678799839e-10,8.047505576396357e-13,-0.11838986036913572,-0.023953897587339422,-0.08047571069055598,0.06757353012325275,0.0013885024614420354,0.0017338045565835492,0.002290322627951445,0.0006143639297179294
0.7270000000000005,0.19888024203334848,0.12423813786560256,-1.4992655321579778e-05,4.035961239272076e-08,2.8723363123483664e-08,5.058514059246648e-09,-0.00022352530302289597,-2.873340135592858e-05,0.00011500325670512119,0.0,0.0,0.9999999999999997,2.2485292785551657e-11,-1.1953368866729664e-10,5.592480046960374e-12,-0.11482853431168691,-0.026557373313345997,-0.0841006525395665,0.06871559708203281,-0.0017919736006547127,-0.0019720170183279086,-0.0028030571797847347,-0.000756279012844326
0.7280000000000005,0.19888024193112575,0.12423813806242597,-1.499265749754608e-05,-1.0222274349346559e-07,1.968234008938591e-07,-2.1759663012042e-09,-0.00014258235588618634,0.00016810003777037544,-7.234480360450848e-06,0.0,0.0,0.9999999999999997,4.864306658274797e-11,-2.3354792228315235e-11,-9.655483611672872e-13,-0.11848210617381778,-0.023798701733469624,-0.08024923422668,0.06754696168415224,-0.000666243265214121,-0.0005976142754050409,-0.0008279625661592966,-0.00027911888501132797
0.7290000000000005,0.19888024210547864,0.12423813824286942,-1.4992578207301482e-05,1.7435288762591085e-07,1.8044345516725902e-07,7.929024459668553e-08,0.0002765756311193764,-1.6379945726600087e-05,8.146621089788974e-05,0.0,0.0,0.9999999999999997,-3.7621507897297546e-13,-2.2733333749780524e-10,-1.2605135643022297e-12,-0.11839386854946976,-0.02398229188093575,-0.08045834465085634,0.06753360401836384,0.0016512947214209323,0.001780824853242261,0.0026819656460080514,0.0006333440340480536
0.7300000000000005,0.19888024184928516,0.12423813852113776,-1.4992535506381815e-05,-2.561934752341319e-07,2.782683353550187e-07,4.270091966657137e-08,-0.0004305463628600427,9.782488018775965e-05,-3.6589324930114165e-05,0.0,0.0,0.9999999999999997,3.2570710300267327e-13,-5.092125774623282e-11,-8.711797029000411e-13,-0.11486628860501771,-0.026470357945060013,-0.08402496048257486,0.06873720825616685,-0.0029253636338393866,-0.003093879001323616,-0.0044956571666055056,-0.0011778058472982195
0.7310000000000005,0.19888024184396885,0.1242381387033781,-1.4992538570959185e-05,-5.316316061674527e-09,1.822403464712012e-07,-3.0645773691353682e-09,0.0002508771591724574,-9.602798888381748e-05,-4.5765497035706734e-05,0.0,0.0,0.9999999999999997,-1.143509178832701e-11,-1.1638874076590741e-10,-1.57780682554279e-15,-0.11837038951390345,-0.023989353767907954,-0.08045396975959969,0.06752619499918026,0.0016810627839427654,0.0019373524739825054,0.0027153020947352394,0.0006796746404359943
0.7320000000000005,0.198880241724703,0.12423813927053123,-1.4992618036770712e-05,-1.192658496174657e-07,5.67153127581276e-07,-7.94658115273009e-08,-0.00011394953355579117,0.0003849127811100748,-7.640123415816553e-05,0.0,0.0,0.9999999999999997,3.415932800062361e-10,2.2764747973336306e-10,-4.8744615594216935e-11,-0.11472080959723588,-0.026649068038236693,-0.08419805876344695,0.06871099103576075,-0.0003505474197071824,-0.000636979573934999,-0.0008357257021065427,-7.751801819990556e-05
0.7330000000000005,0.19888024184054987,0.12423813914819161,-1.4992669064345063e-05,1.1584686938265417e-07,-1.223396278896735e-07,-5.102757435123025e-08,0.00023511271900011985,-0.0006894927554709495,2.8438237176070654e-05,0.0,0.0,0.9999999999999997,7.38139172585202e-12,-2.009629435758761e-10,-3.4580062215971724e-12,-0.118357778977693,-0.023947450398816895,-0.08041956360181256,0.06772183190396791,0.001283130298002736,0.0017028574399342547,0.0022289552420442635,0.0005822031942995889
0.7340000000000005,0.19888024166120197,0.12423813918874635,-1.4992662004506268e-05,-1.7934789953831927e-07,4.055473928239262e-08,7.05983879488475e-09,-0.0002951947689209734,0.00016289436717206612,5.8087413146115e-05,0.0,0.0,0.9999999999999997,-9.669081094279616e-12,-6.401128031641621e-11,9.941035368255373e-14,-0.11479837489783995,-0.026564266135675016,-0.0841338243045834,0.06868027416940817,-0.0019408833212791188,-0.0023221310555698294,-0.00312774683764714,-0.0008179773013593727
0.7350000000000005,0.19888024161574305,0.12423814002782706,-1.4992711506260779e-05,-4.545890295610482e-08,8.390807093907872e-07,-4.950175451041621e-08,0.00013388899658221446,0.0007985259701083946,-5.6561593305300955e-05,0.0,0.0,0.9999999999999997,-1.148525855602641e-11,-1.594123901466673e-10,1.2271642801974737e-11,-0.11843774751464677,-0.02390091378059356,-0.0803370227840664,0.06753077546834088,0.000987661570619672,0.0012316609696213494,0.001669520906431662,0.00041831174380014207
0.7360000000000005,0.19888024158912082,0.12423813946821338,-1.4992783808878121e-05,-2.6622225484021556e-08,-5.596136738427105e-07,-7.230261734214908e-08,1.8836677472083265e-05,-0.0013986943832334977,-2.2800862831732876e-05,0.0,0.0,0.9999999999999997,1.3656586857822062e-10,-4.394747754042349e-11,3.8568113767305433e-11,-0.11484970143567799,-0.026451204329458307,-0.08412059031304454,0.0684554777363646,-0.00047738210313389616,-0.0006294142399411949,-0.0007663816816866887,-0.00035813058322009653
0.7370000000000005,0.19888024154789224,0.12423813883955186,-1.4992688890930284e-05,-4.122856840948196e-08,-6.286615319745742e-07,9.491794783624303e-08,-1.4606342925460401e-05,-6.904785813186372e-05,0.00016722056517839208,0.0,0.0,0.9999999999999997,6.965195149758814e-11,4.424380316918926e-11,-2.2702507832728264e-11,-0.11814919549330696,-0.024444833963985373,-0.08051689110541346,0.0677974720085589,-0.00017533779624370234,0.00014980917916643916,-9.727799192920683e-05,3.2356544794833445e-05
0.7380000000000005,0.19888024178625013,0.12423813844860628,-1.4993035825619356e-05,2.3835789447971908e-07,-3.9094558505663534e-07,-3.469346890712044e-07,0.00027958646288920105,0.00023771594691793886,-0.0004418526369074475,0.0,0.0,0.9999999999999997,5.892758654278328e-12,-2.218815070078443e-10,-4.530634084161047e-12,-0.11474854251675397,-0.02617894908005506,-0.08436079996103844,0.06816508983240512,0.0024496537606258314,0.0021515778457720323,0.003288781654994521,0.0008172964936665679
0.7390000000000005,0.19888024180812117,0.12423813795613767,-1.49931715148929e-05,2.187104376999645e-08,-4.924686065138247e-07,-1.3568927354539629e-07,-0.0002164868507097226,-0.00010152302145718933,0.0002112454155258081,0.0,0.0,0.9999999999999997,8.544132743466505e-10,-4.1167573053604113e-10,6.374919432506032e-11,-0.11479195259948126,-0.026537323091370087,-0.08408259058827998,0.0686207326351694,-0.002445871303110342,-0.0027768513117420747,-0.003753804654247858,-0.0012325434444864184
0.7400000000000005,0.1988802419313687,0.1242381376499864,-1.4993340982870244e-05,1.2324753382363932e-07,-3.0615126745357425e-07,-1.6946797734306257e-07,0.00010137649005364287,0.00018631733906025044,-3.3778703797666285e-05,0.0,0.0,0.9999999999999997,-2.443895070464515e-11,-8.394188984097847e-11,-2.2134615102680064e-12,-0.11841805561834551,-0.02393980325210524,-0.0803967403456685,0.06758203041837822,0.0015437234386177514,0.0018442882967669545,0.0023630731726334525,0.0007607707860667508
0.7410000000000005,0.19888024204112387,0.12423813764174736,-1.4993299095056787e-05,1.0975517232524787e-07,-8.239031703208387e-09,4.1887813457716085e-08,-1.3492361498391445e-05,0.00029791223575036585,0.00021135579080077866,0.0,0.0,0.9999999999999997,-5.709891260266499e-11,-4.828702867989393e-11,6.791483958851416e-11,-0.11513521472413403,-0.026510446987260877,-0.08418080479489413,0.06857414480838799,-0.0006178232966411483,-0.0010983769499500434,-0.000882643107499159,-0.00043953982679128785
0.7420000000000005,0.19888024225740628,0.12423813770161504,-1.4993447162925445e-05,2.1628239929461166e-07,5.98676869570629e-08,-1.4806786865914113e-07,0.00010652722696936379,6.810671866027128e-05,-0.00018995568211685723,0.0,0.0,0.9999999999999997,1.2097910063869107e-10,-2.8198461796010436e-10,2.3545747388792045e-11,-0.11797412438978754,-0.024020254206681104,-0.08057292457626311,0.067833791686607,0.0015467910224891146,0.0019956102532106778,0.002265550677213361,0.0009000380428017862
0.7430000000000005,0.19888024228935788,0.12423813766735589,-1.4993446984548264e-05,3.1951600924946795e-08,-3.4259155336119616e-08,1.783771822768398e-10,-0.00018433079836966486,-9.412684229318252e-05,0.00014824624584141796,0.0,0.0,0.9999999999999997,-1.1106433052183046e-11,-9.39878484121183e-11,-1.5957360622029745e-12,-0.11482532533363461,-0.026620597216584215,-0.08416357591537921,0.0686910792856239,-0.0015396091336871576,-0.001919819222172125,-0.0024813370897563978,-0.0006660279167755048
0.7440000000000005,0.1988802424943569,0.1242381376925025,-1.4993429433012215e-05,2.0499902912125408e-07,2.5146612581723232e-08,1.7551536049131708e-08,0.00017304742819630728,5.940576791784285e-05,1.7373158866854867e-05,0.0,0.0,0.9999999999999997,5.798355833246574e-12,-1.9264519115417284e-10,-2.2094450717013043e-12,-0.11842145848098644,-0.023912892491486308,-0.08041680508713771,0.06755414147976338,0.0013807173009398076,0.0016635533953223277,0.002239522453220942,0.0005632700923615529
0.7450000000000006,0.19888024275315647,0.12423813793344822,-1.499346762731077e-05,2.5879956207970825e-07,2.4094571803655516e-07,-3.81942985557678e-08,5.3800532958454163e-05,0.00021579910545483193,-5.574583460489951e-05,0.0,0.0,0.9999999999999997,2.887382752319839e-10,-3.266803205338894e-10,3.3856692974305725e-11,-0.11468637221264827,-0.02677092748328584,-0.08433971245892967,0.06872101587515318,0.0007120605883216333,0.0006293600065650944,0.0007792256015056579,0.0003802859701735653
0.7460000000000006,0.19888024279125796,0.12423813775088355,-1.499321762044908e-05,3.8101480837005386e-08,-1.8256466721919493e-07,2.500068616899409e-07,-0.00022069808124270288,-0.0004235103852557501,0.00028820116024570866,0.0,0.0,0.9999999999999997,1.7085941167612737e-09,-3.006682767015359e-09,4.0897199235535736e-10,-0.11485444343705,-0.02645405190763644,-0.0840589000926098,0.06862458929886009,-0.0026565858706136206,-0.0031932011290432163,-0.004133509200070646,-0.0013672411282668678
0.7470000000000006,0.1988802429525125,0.1242381379709846,-1.4993037748349726e-05,1.6125454501047779e-07,2.201010548414335e-07,1.7987209935332267e-07,0.0001231530641734724,0.00040266572206062843,-7.013476233661822e-05,0.0,0.0,0.9999999999999997,-3.5962978936325004e-10,-8.464251945036539e-10,-1.1520231940301333e-10,-0.11840516241638759,-0.023977434080595224,-0.0804126907378333,0.06753230639563244,0.0011848716282653088,0.0015289760678240715,0.0020276449319123827,0.0005125763361016285
0.7480000000000006,0.19888024302078014,0.12423813842223952,-1.4993188626350784e-05,6.82676473970962e-08,4.5125492241683294e-07,-1.5087800105845135e-07,-9.298689761338159e-05,0.00023115386757539943,-0.000330750100411774,0.0,0.0,0.9999999999999997,-5.256781404425756e-12,-1.1108845362830266e-10,-9.010611579211643e-12,-0.11808359990464132,-0.023994551377682742,-0.08057614008087825,0.06798806613902925,0.00033623853204163226,0.000436971188664297,0.00039311224083149536,0.00046097557002179373
0.7490000000000006,0.19888024316654757,0.12423813864071816,-1.4993241200649028e-05,1.4576741906710245e-07,2.1847863883684416e-07,-5.2574298243268134e-08,7.749977167000625e-05,-0.00023277628357998878,9.830370281518322e-05,0.0,0.0,0.9999999999999997,-9.318240265331198e-11,-1.0694528464039798e-10,-2.932168739074099e-11,-0.11478253514686543,-0.026737188080368138,-0.08430974602006702,0.06861036738697775,6.279010865525034e-05,-7.691890516602765e-05,-2.2162049459934875e-05,-9.18424163395757e-05
0.7500000000000006,0.19888024316732048,0.12423813889205204,-1.499304637120551e-05,7.729088012190577e-10,2.5133388846695024e-07,1.9482944351801705e-07,-0.00014499451026588338,3.285524963010608e-05,0.0002474037417612852,0.0,0.0,0.9999999999999997,-1.5314646461214918e-12,-2.646492053999742e-10,-1.7638256300251871e-12,-0.11840515453203199,-0.02399499545202077,-0.08137177244549704,0.06816004988210976,0.0014974354003327904,0.0017292814838742448,0.002706362509980971,0.0009266237957396425
0.7510000000000006,0.1988802429850999,0.12423813906295951,-1.4992827077569179e-05,-1.8222057737045966e-07,1.7090746371910707e-07,2.1929363633158477e-07,-0.0001829934861716787,-8.042642474784317e-05,2.4464192813567716e-05,0.0,0.0,0.9999999999999997,2.0891579306685895e-10,-4.661100567156902e-11,6.4610354296919626e-12,-0.11473019380869087,-0.02667281327367984,-0.08420077908816269,0.06876792441063206,-0.001523039266107019,-0.0016365870315876347,-0.0023553474127379955,-0.0006088198496358945
0.7520000000000006,0.1988802424496754,0.12423813932534464,-1.4992658119422094e-05,-5.354245173529284e-07,2.6238512838192553e-07,1.6895814708448767e-07,-0.00035320393998246883,9.147766466281847e-05,-5.033548924709709e-05,0.0,0.0,0.9999999999999997,1.4383172437039845e-11,-6.822995283177272e-11,1.836757941445311e-12,-0.11838689443856393,-0.023654555915185654,-0.08009462195414038,0.0676634880088396,-0.0023730048224851917,-0.0024681493990126495,-0.00344885281235545,-0.0009523008352438034
0.7530000000000006,0.19888024219979636,0.12423813906619056,-1.4992556856547378e-05,-2.4987902517660893e-07,-2.5915407798220634e-07,1.0126287471575104e-07,0.0002855454921763195,-0.0005215392063641318,-6.769527236873664e-05,0.0,0.0,0.9999999999999997,1.5841205408282283e-11,-2.732467489686852e-10,2.311795582708332e-11,-0.11842793969084295,-0.023934180982427784,-0.08037251269715347,0.06751964800798023,0.0023549793372578893,0.0024714485447031326,0.0036313962735651916,0.0009872375303098407
0.7540000000000006,0.19888024171859323,0.12423813886746066,-1.4992423746013052e-05,-4.812031421492335e-07,-1.9872990179064982e-07,1.3311053432593022e-07,-0.00023132411697262452,6.042417619155652e-05,3.1847659610179175e-05,0.0,0.0,0.9999999999999997,-8.987985041351706e-11,-1.0097905686613159e-10,-5.7583644082076305e-11,-0.11474584452599086,-0.02668389267068586,-0.08421737670401404,0.06865472728387756,-0.0020862742872418782,-0.0021421980992924893,-0.0031272672676052548,-0.0008679735879209809
0.7550000000000006,0.19888024118994277,0.12423813863610036,-1.4992392152864838e-05,-5.286504510291035e-07,-2.313602982086431e-07,3.1593148213905106e-08,-4.744730887987003e-05,-3.263039641799329e-05,-0.00010151738611202511,0.0,0.0,0.9999999999999997,-1.1629781037212597e-12,-9.143360784002366e-11,9.95916783795107e-13,-0.11845938736364472,-0.02373806382585468,-0.08026817467765826,0.06762728635514187,3.399624516721845e-05,0.000144959690394179,0.0002526293096976936,-4.3468824304235987e-07
0.7560000000000006,0.19888024069775262,0.12423813850243845,-1.4992483566326499e-05,-4.921901408094368e-07,-1.3366191761401502e-07,-9.14134616605911e-08,3.646031021966667e-05,9.769838059462809e-05,-0.00012300660987449622,0.0,0.0,0.9999999999999997,9.436245076418355e-12,-9.482914599891771e-11,8.039294612624574e-13,-0.11827198565305477,-0.023919563360839294,-0.08013701027220889,0.06753481272580332,-0.00034661248651984903,-3.540898088744941e-05,-0.00017144946641311433,-1.0209560703765635e-06
0.7570000000000006,0.19888024047455397,0.12423813837020874,-1.4992406627079321e-05,-2.2319864572219712e-07,-1.3222970852424154e-07,7.693924717751834e-08,0.0002689914950872397,1.4322090897734748e-06,0.00016835270883810941,0.0,0.0,0.9999999999999997,1.2874387346460707e-11,-5.020650319322786e-11,1.62474189218781e-12,-0.11470228635145008,-0.02674227253594057,-0.08432398847006654,0.06767361151467871,0.00019679268021964287,-7.876948159664314e-05,0.00016864891514432997,-0.0004280149962202437
0.7580000000000006,0.19888024016602038,0.12423813836750554,-1.4992355914998494e-05,-3.0853359990904005e-07,-2.7032037808134687e-09,5.071208082722917e-08,-8.533495418684293e-05,0.00012952650474342808,-2.6227166350289173e-05,0.0,0.0,0.9999999999999997,-1.8952243107980314e-11,-3.693228155137364e-11,2.988641332425509e-11,-0.11857134693610044,-0.02374715827129572,-0.08018340286431645,0.06748825316920762,-0.0006208927624955868,-0.0005666498693523302,-0.0006529231169152934,-0.0002804493876860428
0.7590000000000006,0.1988802406230028,0.12423813851927248,-1.4992754460722085e-05,4.5698242937551594e-07,1.5176694482129164e-07,-3.9854572359075204e-07,0.000765516029284556,0.0001544701486021051,-0.0004492578044179812,0.0,0.0,0.9999999999999997,7.770389542215787e-12,-6.5667916196141e-11,2.759949446269085e-13,-0.11482728909809992,-0.025713996394589527,-0.08115240628984835,0.0677430631670612,0.0006700553758261456,3.739980371916606e-05,-0.0005315587761214812,-0.00012571683565920533
0.7600000000000006,0.19888024042349534,0.12423813847173311,-1.4992155490854848e-05,-1.9950746980650906e-07,-4.753937375012038e-08,5.989698672374978e-07,-0.0006564898991820251,-0.000199306318571412,0.0009975155908282499,0.0,0.0,0.9999999999999997,1.2539582891934669e-11,-1.6326640586892742e-10,-2.092075696642585e-12,-0.11762199581621699,-0.02408945634635951,-0.08351488927554684,0.06856695188682681,0.0009850246017755109,0.0008366539035824047,0.002326392612653676,0.0007205395552420118
0.7610000000000006,0.19888024037378424,0.12423813860699985,-1.4991744561097277e-05,-4.9711088113376607e-08,1.3526674505712548e-07,4.1092975757133257e-07,0.00014979638169313245,0.00018280611880724585,-0.00018804010966616528,0.0,0.0,0.9999999999999997,3.2438836397153413e-11,-2.4570046800357634e-10,-9.85615550519495e-12,-0.11461863577411473,-0.026819829119210443,-0.08437155770021183,0.06871470563208476,0.0007548049663612791,0.0005881446590353345,0.0009632994641831141,0.0002810335796131762
0.7620000000000006,0.19888024058576562,0.1242381387195232,-1.4991504838902129e-05,2.119813865835336e-07,1.1252335834965356e-07,2.397221951481917e-07,0.0002616924746969102,-2.2743386707471924e-05,-0.00017120756242314087,0.0,0.0,0.9999999999999997,8.353656902359012e-12,-3.9107301732828467e-10,-5.141891054482149e-12,-0.11455720152923807,-0.026876999850386125,-0.08452611360737862,0.0687299420942853,0.001628458048207925,0.001396823382308281,0.0021178219364119174,0.0006484922984898746
0.7630000000000006,0.19888024056062323,0.12423813894025704,-1.4991356263815462e-05,-2.5142385132859664e-08,2.2073383845097362e-07,1.4857508666708653e-07,-0.00023712377171639323,0.00010821048010132006,-9.114710848110518e-05,0.0,0.0,0.9999999999999997,4.168309171057698e-11,-3.2285007652935185e-10,-1.4397546821773123e-11,-0.1147694737758001,-0.02665070869476947,-0.08421612548693524,0.06874010263765129,-0.0014903325585151855,-0.00160122024951176,-0.0024144235047976015,-0.0005936226499988108
0.7640000000000006,0.19888024029657425,0.12423813897418984,-1.4991199678829648e-05,-2.640489655439685e-07,3.3932799459798987e-08,1.5658498581376675e-07,-0.00023890658041110887,-0.00018680103899117463,8.009899146680226e-06,0.0,0.0,0.9999999999999997,1.9767525084852894e-11,-1.6161080867934586e-10,1.2432667686550877e-12,-0.11855832961817078,-0.02366421251921215,-0.08008615304004857,0.06751538745956606,-0.0016500355768347668,-0.0015860985886161144,-0.00221128442094759,-0.00070163517595322
0.7650000000000006,0.1988802399236706,0.12423813893005985,-1.4991033101083204e-05,-3.7290366412226255e-07,-4.4129988995009505e-08,1.6657774644443885e-07,-0.00010885469857829403,-7.80627884548085e-05,9.992760630672097e-06,0.0,0.0,0.9999999999999997,1.4538348922665533e-11,-1.1039182730626438e-10,-2.079463286267577e-11,-0.1185578350277416,-0.023689657647434536,-0.08012744177814499,0.06751253887494686,-0.0009707012006907435,-0.000891009799654579,-0.0011294327129002073,-0.00044343209934982725
0.7660000000000006,0.1988802398213334,0.12423813885345306,-1.499102446305546e-05,-1.0233718602619531e-07,-7.660679129331524e-08,8.638027744088733e-09,0.00027056647809606726,-3.247680229830574e-05,-0.0001579397187003501,0.0,0.0,0.9999999999999997,1.0428396539621043e-12,-3.6710651790252944e-10,-4.5606693153824454e-11,-0.11844360446979683,-0.023929004449570145,-0.08044839576072645,0.06755632858976303,0.0026280163497707496,0.0029974967913766115,0.004059256510352015,0.0012058180924412714
0.7670000000000006,0.19888023944529945,0.12423813884342583,-1.4990906910040064e-05,-3.7603394724351947e-07,-1.0027229483845884e-08,1.1755301539503009e-07,-0.0002736967612173242,6.657956180946936e-05,0.00010891498765094134,0.0,0.0,0.9999999999999997,1.0698787936284176e-10,-1.1653955607174654e-10,-1.3878005486623075e-11,-0.11475184916824074,-0.02663779202725703,-0.0841433429460363,0.06870209794051246,-0.0028544208091789806,-0.0030240949459933103,-0.004253650203201726,-0.0012584479431358554
0.7680000000000006,0.19888023929849333,0.12423813903996898,-1.4990949075051676e-05,-1.4680611822268483e-07,1.9654315037955875e-07,-4.216501161113253e-08,0.00022922782902083463,0.00020657037986340464,-0.00015971802700616262,0.0,0.0,0.9999999999999997,2.288592116069362e-11,-2.1221552614877126e-10,1.950601556544098e-12,-0.11841998056116831,-0.023899872890905765,-0.08036596275190445,0.0675322562441553,0.0024440183221246924,0.0025721625160972433,0.0036368029764898145,0.0011157561984318567
0.7690000000000006,0.1988802393177454,0.12423813879284329,-1.499079728186617e-05,1.9252083611970577e-08,-2.4712568938889585e-07,1.5179318550606e-07,0.00016605820183465542,-0.00044366883976845457,0.0001939581971171925,0.0,0.0,0.9999999999999997,9.131596975601871e-11,-3.0930702725719197e-10,-3.8150677674810805e-11,-0.11461461445698513,-0.02678448664102807,-0.08443217990387453,0.06863129818581806,-4.833321268261304e-06,-0.00010132888766334574,-3.150508204796009e-05,-0.00019415747975785506
0.7700000000000006,0.19888023899058074,0.12423813861589252,-1.4990826854090126e-05,-3.271646602439983e-07,-1.769507689393092e-07,-2.9572223956092688e-08,-0.0003464167438559689,7.017492044958665e-05,-0.00018136540946215267,0.0,0.0,0.9999999999999997,-1.7365072220745098e-11,-8.967058352561718e-11,-5.857429962192409e-12,-0.11473235479474288,-0.02662238218605036,-0.08398544569618048,0.06854338687598828,-0.002763865510021285,-0.0031478632943245433,-0.004443258632347277,-0.001275656197656386
0.7710000000000006,0.1988802392092008,0.12423813855049015,-1.499092985010533e-05,2.1862007669492602e-07,-6.540236194518499e-08,-1.0299601520412191e-07,0.0005457847369389243,0.00011154840699412422,-7.342379124802922e-05,0.0,0.0,0.9999999999999997,-1.647298727780259e-09,1.2487030793145687e-09,-1.70278914354127e-10,-0.11834415962359658,-0.02405339900766959,-0.08051417782206116,0.06748004282428573,0.004421780120322508,0.004661230803242964,0.0065880232778513905,0.0018726436667253223
0.7720000000000006,0.1988802391779941,0.12423813842108412,-1.4990953112340576e-05,-3.120669173059094e-08,-1.2940602572188203e-07,-2.326223524570959e-08,-0.00024982676842551693,-6.400366377669704e-05,7.973377995841233e-05,0.0,0.0,0.9999999999999997,2.258727175518942e-12,-2.2092191171177904e-10,-4.393008717458553e-12,-0.11472324078285884,-0.026613170619132438,-0.08425523128702028,0.0687596514038477,-0.002322446406372549,-0.00225593801469939,-0.003410530893822796,-0.0009385570694634973
0.7730000000000006,0.19888023883682526,0.12423813833678944,-1.4991030635919531e-05,-3.411688298174836e-07,-8.42946875934214e-08,-7.752357895534087e-08,-0.00030996213808689267,4.511133812846063e-05,-5.426134370963129e-05,0.0,0.0,0.9999999999999997,-1.7245834090286435e-11,1.705046866527382e-12,-1.0565163825537255e-11,-0.11866368076126789,-0.02364857859106898,-0.07998198046304329,0.06749196277501594,-0.001917313054587383,-0.0019195568981468102,-0.002680927051390623,-0.0008131850122400556
0.7740000000000006,0.198880238581824,0.12423813804929437,-1.4991051571683643e-05,-2.550012778960272e-07,-2.8749506532827195e-07,-2.0935764112805364e-08,8.616755192145638e-05,-0.00020320037773485054,5.658781484253551e-05,0.0,0.0,0.9999999999999997,-6.855901788802821e-11,-1.8523222706991185e-10,-2.7655438038073335e-11,-0.11853467367878603,-0.023730275180615656,-0.08022151122787957,0.06750491569887411,0.0005955487347365515,0.000620083507560692,0.001087278041314773,0.00021035597121573047
0.7750000000000006,0.1988802389785649,0.12423813894725223,-1.4990931029021975e-05,3.9674092003832125e-07,8.979578566561407e-07,1.2054266166713295e-07,0.0006517421979343484,0.0011854529219844125,0.00014147842577993833,0.0,0.0,0.9999999999999997,-2.036352527919176e-11,-6.490626149578157e-11,2.128350791110662e-12,-0.11501460397899589,-0.024440560095852534,-0.08053057793220109,0.06777303522960136,0.0007045911098206189,-0.00031801811786962806,-0.0006851325312564214,-7.947415007066666e-05
0.7760000000000006,0.19888023949876343,0.12423813870219307,-1.4990714623196312e-05,5.201985208129233e-07,-2.450591695023162e-07,2.1640582566327128e-07,0.00012345760077460204,-0.0011430170261584568,9.586316399613832e-05,0.0,0.0,0.9999999999999997,1.89715692582776e-10,-1.6983934590091082e-10,-4.031687895390569e-11,-0.11626866559901823,-0.026650108342992543,-0.08401084539150526,0.06838772575852399,0.002393605196206192,0.0027658654615880926,0.0038525928304514053,0.0010865928080124282
0.7770000000000006,0.1988802399848742,0.12423813887190095,-1.4990484446046677e-05,4.861107635831689e-07,1.6970789320921596e-07,2.3017714963476048e-07,-3.408775722975438e-05,0.00041476706271153217,1.3771323971489197e-05,0.0,0.0,0.9999999999999997,9.209714922086478e-13,-2.9342797670748164e-10,4.477159502073247e-13,-0.11462031052037817,-0.026775845273793834,-0.08436960264910323,0.06872977424194252,-0.0007081377255282326,-0.0006998140623865956,-0.001000599189214679,-0.0003458479969287382
0.7780000000000006,0.1988802408125434,0.12423813883406627,-1.4990286810647796e-05,8.276692055006616e-07,-3.783467785668087e-08,1.9763539888118155e-07,0.0003415584419174927,-0.00020754257106589684,-3.2541750753578925e-05,0.0,0.0,0.9999999999999997,-2.2258377830115882e-11,-4.371871907808431e-10,-9.013798763578147e-12,-0.11451985338041919,-0.026901361257546153,-0.08465734039086342,0.06874566978223326,0.0020235571362204764,0.001633847270351738,0.002592247721536112,0.0007097926570736198
0.7790000000000006,0.19888024110121036,0.12423813870961666,-1.4990253895919722e-05,2.8866694701753437e-07,-1.2444962279583956e-07,3.291472807388666e-08,-0.0005390022584831273,-8.661494493915868e-05,-0.0001647206708072949,0.0,0.0,0.9999999999999997,-1.1229387544755941e-10,-2.6518410966911945e-10,1.5209540972881208e-11,-0.11474759874577789,-0.026636816856288905,-0.08407176375724218,0.06873921045826262,-0.003295803566453296,-0.0034654383097794217,-0.005199237867751254,-0.001311724858649621
0.7800000000000006,0.19888024158346485,0.12423813903986008,-1.4990169164383963e-05,4.822544755064649e-07,3.3024343034018836e-07,8.473153575892823e-08,0.00019358752848893052,0.00045469305313602796,5.1816807685041576e-05,0.0,0.0,0.9999999999999997,-7.805093523618768e-13,-8.901815654448895e-11,2.018541131082086e-12,-0.11851454288679496,-0.02376664820284507,-0.08026405597739578,0.06749249019621664,0.0012653767746139044,0.0013616396070332082,0.002089781291522493,0.0004657990267347088
0.7810000000000006,0.1988802419499455,0.12423813844383215,-1.4990138275286104e-05,3.6648065122714355e-07,-5.960279367787627e-07,3.088909785874165e-08,-0.00011577382427932133,-0.0009262713671189511,-5.384243790018658e-05,0.0,0.0,0.9999999999999997,1.1816393239781587e-12,-4.9706428159792006e-11,-2.3743354461957057e-14,-0.11860272314853045,-0.02369053950238172,-0.08007618844444407,0.06757973040155749,-0.0008487216079869219,-0.00046882490097814166,-0.0009100033390100566,-0.00029594717983713977
0.7820000000000006,0.19888024211122882,0.12423813836440392,-1.4990108348915328e-05,1.6128332593238509e-07,-7.942823041278632e-08,2.9926370776311035e-08,-0.00020519732529475845,0.0005165997063659764,-9.627270824306151e-07,0.0,0.0,0.9999999999999997,-1.5943170645412303e-11,-8.37583962354027e-11,-3.760161261528892e-12,-0.11844072680354743,-0.023779033557543912,-0.0803460475971837,0.06813322672973891,-0.00033346599269502825,-0.00039188694444583635,-0.0004098750774383918,0.0001527189077605238
0.7830000000000006,0.19888024255182507,0.12423813837636304,-1.499047643624131e-05,4.405962657147021e-07,1.1959113643744383e-08,-3.680873259822684e-07,0.00027931293978231706,9.13873440565307e-05,-0.0003980136967585795,0.0,0.0,0.9999999999999997,-3.531918058193464e-12,-2.301753727850909e-10,-1.4082034754910702e-12,-0.1146587836158544,-0.026957163496628928,-0.08464392772014702,0.06879014542812639,0.0025681535879952286,0.0025808945428394394,0.003626197630703663,0.0011539944576621282
0.7840000000000006,0.198880242761637,0.12423813836176414,-1.4990641728390586e-05,2.0981191116139416e-07,-1.4598885629409608e-08,-1.6529214927636266e-07,-0.00023078435455330796,-2.6557999273153993e-05,0.00020279517670590577,0.0,0.0,0.9999999999999997,-1.68424486015361e-11,-1.0960472973159657e-10,-3.673134825565856e-12,-0.11467781999066669,-0.026656076592321738,-0.08429070429991048,0.0687581709903549,-0.0022702796641601943,-0.002517952669042183,-0.0034767904405702196,-0.0010364962710816168
0.7850000000000006,0.1988802431151708,0.1242381388903824,-1.4990996651802363e-05,3.5353382318760484e-07,5.286182569476098e-07,-3.549234117769982e-07,0.00014372191202621069,0.0005432171425770194,-0.00018963126250063551,0.0,0.0,0.9999999999999997,1.3784454669090433e-10,-1.7621477065882008e-10,2.421377884020353e-11,-0.1185337337787229,-0.023885796569366742,-0.08024390035808451,0.06748038976230968,0.0024550699201741403,0.0026852207376321735,0.0035743281868010654,0.0011908295076406526
0.7860000000000006,0.19888024329349657,0.12423813889015356,-1.4990899507972118e-05,1.7832576693688247e-07,-2.2884348015193635e-10,9.714383024481769e-08,-0.00017520805625072236,-0.0005288471004277616,0.00045206724202181584,0.0,0.0,0.9999999999999997,2.4299321611519793e-10,-5.01796926560074e-10,6.967747505628267e-11,-0.1147332604017573,-0.02657420983196117,-0.08423712603551672,0.06854704668143394,-0.003181918083553314,-0.003550810013268251,-0.004709186647774324,-0.0017593630288591034
0.7870000000000006,0.19888024366449936,0.12423813892704857,-1.4991063335834445e-05,3.7100277273174284e-07,3.68950158326797e-08,-1.638278623281233e-07,0.00019267700579486037,3.7123859312831636e-05,-0.00026097169257294103,0.0,0.0,0.9999999999999997,4.7259844072245135e-11,-1.2579854249815858e-10,4.0048383310842345e-12,-0.11851177609322959,-0.023871889595504656,-0.0801724801903015,0.06771490748861404,0.0019968019783055263,0.002359211945131457,0.0031121872252050727,0.0010794317573762653
0.7880000000000006,0.19888024410118288,0.1242381390201585,-1.499112451852185e-05,4.3668352473628745e-07,9.310992182524441e-08,-6.118268740541684e-08,6.568075200454461e-05,5.621490599256471e-05,0.00010264517492270648,0.0,0.0,0.9999999999999997,6.250065769336578e-11,-9.44388680054748e-11,3.5649006275921355e-12,-0.11453568899668479,-0.02685852963875651,-0.08456526061544606,0.06873174419016016,0.0005366608238451556,0.0003457909635046475,0.0005033084782556057,0.00018683598575931393
0.7890000000000006,0.1988802446527863,0.12423813909306886,-1.4991214133000603e-05,5.516034337057248e-07,7.291036263984552e-08,-8.961447875284127e-08,0.00011491990896943732,-2.0199559185398887e-05,-2.843179134742443e-05,0.0,0.0,0.9999999999999997,-1.0954363859526724e-09,-2.003806958399268e-09,-9.948414028045109e-11,-0.11456419857411974,-0.026924607786324443,-0.08456774986086207,0.0687937828824346,0.0011774725579817662,0.0009526427648173145,0.0013475628656620551,0.00044977385176980155
0.7900000000000006,0.1988802449435511,0.12423813930389342,-1.4990767232902858e-05,2.907647960966953e-07,2.1082456913720796e-07,4.469000977449078e-07,-0.0002608386376090295,0.00013791420649736244,0.000536514576497749,0.0,0.0,0.9999999999999997,-1.1873259632187678e-11,-2.676639380769771e-11,8.507333624321265e-13,-0.11516672464651961,-0.026122665175425955,-0.084441363673527,0.06880591473228605,-0.0006944861370933191,-0.0011386726788571114,-0.001144350806531035,-0.00033184513540967874
0.7910000000000006,0.19888024518370856,0.1242381396301357,-1.4990507697945617e-05,2.4015745213520035e-07,3.262422823970983e-07,2.5953495724171486e-07,-5.0607343961494946e-05,0.00011541771325989036,-0.00018736514050319295,0.0,0.0,0.9999999999999997,9.35008313884707e-10,9.633403114327403e-10,7.422054600150701e-11,-0.11866410706560461,-0.023726041214775367,-0.08017216695738308,0.06758426466015618,0.00022880616234072676,0.0005373647629550183,0.0006683720966595497,0.00013569219411099185
0.7920000000000006,0.19888024510401248,0.12423813843067055,-1.4990074675308331e-05,-7.969608645843483e-08,-1.1994651523712735e-06,4.330226372847314e-07,-0.0003198535385936352,-0.001525707434768372,0.00017348768004301653,0.0,0.0,0.9999999999999997,-1.7551245639808712e-10,-2.9890813410084063e-10,2.6124573516716485e-12,-0.11750477264499085,-0.0251183167832537,-0.0829056253477355,0.06835315560531985,7.944854499502577e-05,0.00048813816727326874,0.0009199192681236475,0.0002163735548370359
0.7930000000000006,0.19888024489166942,0.124238138528995,-1.4990118905312297e-05,-2.123430728162749e-07,9.832445087471261e-08,-4.4230003965068236e-08,-0.00013264698635784007,0.001297789603245986,-0.0004772526412497997,0.0,0.0,0.9999999999999997,-1.62757649878112e-11,-1.0827558162960103e-10,-2.4886486283955622e-11,-0.11488453592369119,-0.02656786358318286,-0.08441029803104877,0.06876083391022539,0.0005527753916640681,0.0002959550387625763,0.0006549706981945572,0.0003917904724013187
0.7940000000000006,0.1988802446942468,0.12423813838827939,-1.4990179467488742e-05,-1.9742260094445273e-07,-1.4071561151925525e-07,-6.056217644489668e-08,1.4920471871822179e-05,-0.00023904006239396786,-1.6332172479828446e-05,0.0,0.0,0.9999999999999997,1.8236255795846096e-12,-1.3707765104669784e-10,-1.6170348887537932e-12,-0.11762230040123225,-0.024255868910006723,-0.08121260341414083,0.06795701707503646,-8.61889022809149e-05,5.555932821996578e-05,0.00012578668640506011,-5.172827362357165e-05
0.7950000000000006,0.19888024479171568,0.1242381382656377,-1.4990278697061643e-05,9.74688597361988e-08,-1.2264168643723642e-07,-9.922957290123433e-08,0.0002948914606806515,1.8073925082018835e-05,-3.866739645633764e-05,0.0,0.0,0.9999999999999997,-4.242210616100252e-10,-4.125368635851865e-11,-1.1055546408412246e-10,-0.11450410410972275,-0.026989632351472236,-0.08456503609704911,0.06865681093677467,0.0020589227225455684,0.0018331274238987433,0.0027403569939303445,0.0007840633143528084
0.7960000000000006,0.19888024466402554,0.12423813820398973,-1.499034887998476e-05,-1.27690136586918e-07,-6.164798391596086e-08,-7.018292311707643e-08,-0.00022515899632311677,6.099370252127555e-05,2.9046649784157896e-05,0.0,0.0,0.9999999999999997,2.367202395707657e-10,1.9389270958057284e-10,-5.3147324984853643e-11,-0.11467315251263777,-0.026711977737299927,-0.0843393419027553,0.0687625929455718,-0.0019238675298692256,-0.0021558732323855474,-0.003070905269970952,-0.000831686524383985
0.7970000000000006,0.1988802448860719,0.12423813835679504,-1.4990453510550018e-05,2.2204634358921608e-07,1.5280530643987103e-07,-1.046305652571471e-07,0.00034973648017613406,0.0002144532903558319,-3.444764214007067e-05,0.0,0.0,0.9999999999999997,2.3276035834160012e-11,-3.410958176048331e-10,6.764782856108876e-15,-0.11847532681345926,-0.023915995410624055,-0.08029805064063414,0.06749394013731204,0.002990092344758089,0.0031419956120205994,0.004536342116784586,0.0012883059271282422
0.7980000000000006,0.1988802446679318,0.12423813829146707,-1.499046425417902e-05,-2.1814008550810614e-07,-6.532796587680243e-08,-1.0743629001684802e-08,-0.0004401864290973222,-0.00021813327231667346,9.38869362554623e-05,0.0,0.0,0.9999999999999997,2.342367066707331e-11,-1.4014600880996354e-10,-8.155577251479415e-13,-0.11471186863088656,-0.02665163334667516,-0.08424651727477751,0.06875563896109071,-0.0033466219195691905,-0.0031439046845254956,-0.004975009999749771,-0.0013725196975935452
0.7990000000000006,0.19888024457675152,0.12423813833877255,-1.4990437782020288e-05,-9.118028077020005e-08,4.7305479276782775e-08,2.6472158731859827e-08,0.0001269598047379061,0.00011263344515358521,3.721578773354463e-05,0.0,0.0,0.9999999999999997,-2.570904735901842e-10,8.588507773123991e-11,-3.474927438665137e-11,-0.11853589359984393,-0.02372678214501945,-0.08016773588763468,0.06758701823790729,0.0009182101701672025,0.0006209953438885244,0.001401241262008384,0.0003563472621652158
0.8000000000000006,0.19888024450820121,0.1242381379981157,-1.4990475527246337e-05,-6.855029965767006e-08,-3.406568532861207e-07,-3.774522604871299e-08,2.262998111252999e-05,-0.00038796233256290343,-6.421738478057281e-05,0.0,0.0,0.9999999999999997,-1.8386305620307393e-10,-1.0629366418572333e-10,-7.522705914151116e-11,-0.11570120172325643,-0.025278154575296665,-0.08248940907127728,0.06808477443277158,-0.000835713260430212,-0.0013592041372165688,-0.0015871433449060751,-0.0005519932667171381
0.8010000000000006,0.19888024462582662,0.12423813856760561,-1.4990702569976752e-05,1.1762540089908788e-07,5.694899148362501e-07,-2.2704273041397102e-07,0.00018617570055675793,0.0009101467681223707,-0.00018929750436525803,0.0,0.0,0.9999999999999997,1.3838427046046264e-10,-1.0351884927882535e-10,-1.6371449601870127e-11,-0.11846365157486397,-0.02375736425520323,-0.08020336815984491,0.06751122904384325,0.0015529577053194086,0.0019232724504668305,0.002464178224742061,0.0007183018744989775
0.8020000000000006,0.19888024465288817,0.12423813803684214,-1.4990816619515414e-05,2.7061552816568574e-08,-5.307634687416633e-07,-1.1404953866348394e-07,-9.056384808251931e-05,-0.0011002533835779134,0.00011299319175048709,0.0,0.0,0.9999999999999997,3.0490109940687475e-11,-1.5099092211356535e-10,-1.0542379619637544e-11,-0.11458288233618333,-0.026856676594590206,-0.0844486129800887,0.06882110412260521,-0.00105063577265264,-0.001209702872102614,-0.0016619972926393836,-0.00045165598507395017
0.8030000000000006,0.19888024448374478,0.12423813855993898,-1.4991000909975311e-05,-1.6914339766531302e-07,5.230968469901964e-07,-1.842904598964296e-07,-0.0001962049504818816,0.0010538603157318597,-7.024092123294566e-05,0.0,0.0,0.9999999999999997,5.466110470642652e-12,-1.6275097479257558e-10,2.5540334988186773e-13,-0.1183224730027668,-0.023827630601543567,-0.0804089194783441,0.06784231473155816,2.0367165871808754e-05,0.0001299992813686383,7.36011114246679e-05,0.0002777526561937445
0.8040000000000006,0.1988802444066642,0.1242381386553362,-1.4990989285076519e-05,-7.708058608590054e-08,9.53972182788849e-08,1.1624898792910889e-08,9.206281157941248e-05,-0.00042769962871131145,0.00019591535868934047,0.0,0.0,0.9999999999999997,-7.417029693210297e-11,-6.281599597049703e-12,-6.372970208006048e-11,-0.11617579414621378,-0.025819792830421052,-0.08303757001307475,0.06807540487801067,4.616221119116514e-05,8.331091763093466e-05,0.00020970070168954452,-0.00017304789485347069
0.8050000000000006,0.19888024496149218,0.12423813895964343,-1.4990546274881388e-05,5.54827990363713e-07,3.043072313070175e-07,4.430101951303181e-07,0.0006319085764496136,0.00020891001302813259,0.0004313852963374072,0.0,0.0,0.9999999999999997,3.5563163818821844e-11,-7.056245906255399e-11,8.098025266341209e-12,-0.11646000892296832,-0.02624422532001344,-0.07998074470509836,0.06770664945820955,-0.0012203687550491268,-0.0008668414110538675,-0.0029797219859676164,-0.0007381309904509173
0.8060000000000006,0.19888024567959892,0.1242381385828435,-1.499029129029444e-05,7.18106733860703e-07,-3.7679994288297196e-07,2.5498458694700797e-07,0.00016327874349698999,-0.0006811071741899894,-0.00018802560818331014,0.0,0.0,0.9999999999999997,3.776491281036128e-12,-1.4645518226086017e-10,-4.833556510203377e-12,-0.11852019131751082,-0.023772314395914575,-0.08022520169740244,0.06752544388398404,0.001249549359289752,0.0014823311474702662,0.0020539786374824363,0.0005229511427496484
0.8070000000000006,0.19888024637594254,0.12423813847560294,-1.4990019282401426e-05,6.963436286390066e-07,-1.0724054632520662e-07,2.720078930138152e-07,-2.1763105221696412e-05,0.00026955939655776536,1.702330606680724e-05,0.0,0.0,0.9999999999999997,2.313873219441107e-10,3.852030326247276e-11,-8.209218140925056e-11,-0.11468935877824757,-0.02685740733689706,-0.08443754802614589,0.06863535220111769,-0.00046636136928402105,-0.0005961295931731398,-0.0009082144792490467,-0.00028875668735580437
0.8080000000000006,0.1988802468022324,0.12423813854496173,-1.4990173945770562e-05,4.2628987804378247e-07,6.93587875768577e-08,-1.5466336913587957e-07,-0.00027005375059522413,0.0001765993339020643,-0.0004266712621496948,0.0,0.0,0.9999999999999997,7.064695029057646e-13,-1.2244036718648128e-10,-8.029274035626181e-13,-0.11849495121226153,-0.023569499134230214,-0.08018181229270642,0.06793966629608811,-0.0004824248815471816,-0.00040253525365633463,-0.0006368456295630889,3.8151855229359066e-05
0.8090000000000006,0.19888024688901831,0.12423813847853685,-1.4990243745673766e-05,8.678591267645235e-08,-6.642487637510255e-08,-6.979990320442577e-08,-0.0003395039653673301,-0.00013578366395196022,8.48634659314538e-05,0.0,0.0,0.9999999999999997,5.227192902219606e-11,-4.561496213175121e-11,7.141165040807843e-12,-0.1154585280657374,-0.02381111675658244,-0.08275769517349023,0.06858147990954658,0.00012061450938684139,-0.0010035136064283493,-0.0004539452771825607,6.521050700651875e-05
0.8100000000000006,0.19888024697810242,0.12423813842278286,-1.4989949873436727e-05,8.908410030126264e-08,-5.5753978773838776e-08,2.9387223703986887e-07,2.2981876248102953e-06,1.0670897601263771e-05,0.00036367214024429464,0.0,0.0,0.9999999999999997,-5.029827517387326e-11,-8.85107491041723e-11,-8.545152359716749e-12,-0.11864243442852852,-0.02352605469024351,-0.08003668633005251,0.06751590489776896,-0.0011063255047247384,-0.0013418481491018507,-0.0013742636893512535,-0.0006670420271253384
0.8110000000000006,0.19888024699895843,0.12423813844214146,-1.4990385246642955e-05,2.0856011678477512e-08,1.935859491578976e-08,-4.3537320622794254e-07,-6.822808862278512e-05,7.511257368962853e-05,-0.0007292454432678115,0.0,0.0,0.9999999999999997,7.597983149460963e-12,-2.4851411189946633e-10,-9.333710981455509e-12,-0.11693519891075593,-0.02409485106337789,-0.08178331919228297,0.0680972184851029,0.002092352908311285,0.0022746347139288897,0.0035571004553896133,0.0014390073280608664
0.8120000000000006,0.1988802468909337,0.12423813837334423,-1.4990567823160543e-05,-1.080247151691866e-07,-6.879722592441543e-08,-1.8257651758704323e-07,-0.00012888072684766411,-8.81558208402052e-05,0.0002527966886408993,0.0,0.0,0.9999999999999997,-3.143732223113825e-11,-2.174321131758002e-10,-3.947328140179728e-12,-0.11460059572140137,-0.026778451306436208,-0.08437164228405558,0.06865139322702118,-0.0019446475027828562,-0.002189509199893839,-0.002962626306947054,-0.0010098719761549779
0.8130000000000006,0.1988802465204237,0.12423813845735343,-1.4990722276412537e-05,-3.7051000171652725e-07,8.400920908512817e-08,-1.5445325199311018e-07,-0.0002624852865473406,0.00015280643500954362,2.8123265593933045e-05,0.0,0.0,0.9999999999999997,5.845498390437735e-11,-8.200323113331282e-11,5.296129650476664e-12,-0.11871562994665134,-0.023591892976709772,-0.07993824462820533,0.06755337644795571,-0.0010565753925802774,-0.000821586570215517,-0.001408667702707904,-0.000291767828798881
0.8140000000000006,0.19888024626692996,0.12423813824320787,-1.4990433592015733e-05,-2.534937223472046e-07,-2.1414556080749793e-07,2.88684396803763e-07,0.00011701627936932264,-0.00029815476989262607,0.0004431376487968732,0.0,0.0,0.9999999999999997,4.080187678388167e-10,6.136105387794195e-10,-1.9377466719195404e-10,-0.11834044717734135,-0.02354850315680143,-0.0800960690971207,0.06759941456718857,-0.0005163859097487843,-0.0006730151448896558,-0.0004369311226132436,-0.00040959493187477244
0.8150000000000006,0.1988802462965672,0.12423813844718816,-1.4990991080360131e-05,2.9637245954087186e-08,2.0398028509002902e-07,-5.574883443973145e-07,0.0002831309683012918,0.0004181258458975269,-0.0008461727412010775,0.0,0.0,0.9999999999999997,1.9669623822019575e-10,-2.1789887511900575e-10,-2.922573589630251e-11,-0.11508273162561314,-0.026522310440506316,-0.08431349196342296,0.06813775186292767,0.0027626682373642596,0.002387054596244025,0.0033585140761633004,0.0010928513744976544
0.8160000000000006,0.19888024631806897,0.124238138561209,-1.4991417561334848e-05,2.1501780285184104e-08,1.1402082800313214e-07,-4.264809747161138e-07,-8.135465668903082e-06,-8.995945708689688e-05,0.00013100736968120068,0.0,0.0,0.9999999999999997,-2.0609087952004603e-11,-2.7863545696136047e-10,-7.434681136664798e-12,-0.11443112786817458,-0.026865963576086664,-0.08449622021913164,0.06893426280191946,-0.00046954542310161703,-0.0005996250636057049,-0.0008407822444497804,-0.00024220069784940842
0.8170000000000006,0.19888024569879045,0.12423813869212846,-1.4990950955340712e-05,-6.192785160657096e-07,1.309194754822726e-07,4.6660599413570875e-07,-0.0006407802963508937,1.6898647479140453e-05,0.0008930869688518226,0.0,0.0,0.9999999999999997,3.877530480427251e-11,-1.8276129500399288e-10,-3.95999950532807e-12,-0.11824073836670725,-0.026471459377476768,-0.08335192036865029,0.06834935883536218,-0.0017694244392679433,-0.0005705443174562154,-0.0013375889180314772,-0.0004301794128217908
0.8180000000000006,0.19888024489194758,0.12423813755702053,-1.4990551470501153e-05,-8.068428601355245e-07,-1.1351079350950634e-06,3.9948483955742916e-07,-0.00018756434406981494,-0.0012660274105773359,-6.71211545782796e-05,0.0,0.0,0.9999999999999997,-1.415903354563967e-12,-8.417810693361295e-11,-8.539577771680824e-12,-0.11878523494549101,-0.023552379304961117,-0.07989750445751649,0.06735836103067037,-0.0015430966366973755,-0.0012508324270909532,-0.0017694467901651421,-0.0006493714569573462
0.8190000000000006,0.19888024437019858,0.12423813879297788,-1.4990369788814585e-05,-5.217489964339248e-07,1.2359573525210428e-06,1.81681686567168e-07,0.0002850938637015997,0.002371065287616106,-0.00021780315299026117,0.0,0.0,0.9999999999999997,3.780699184816823e-11,-1.1896241974423686e-10,3.925511553649406e-11,-0.11823175314514775,-0.02392708949452682,-0.08021733095560474,0.06766968968633039,0.0008190084802631984,0.001073386374502299,0.0013743677710459094,0.0003969835845197167
0.8200000000000006,0.19888024397090664,0.12423813892789524,-1.4990237886279074e-05,-3.9929192370543234e-07,1.3491736713159353e-07,1.3190253551117694e-07,0.00012245707272849244,-0.0011010399853894493,-4.977915105599105e-05,0.0,0.0,0.9999999999999997,1.093185852094861e-11,-6.657938396646373e-11,1.9551202818679966e-12,-0.11519606430954979,-0.026383171664238474,-0.08347919031643815,0.06816238978669674,-0.00020847127541554871,-0.00030219476054783206,-0.0006302383005576172,-0.0002740180854013782
0.8210000000000006,0.1988802434433039,0.12423813887119725,-1.4990188369224157e-05,-5.276027313157352e-07,-5.669799927974402e-08,4.951705491690186e-08,-0.00012831080761030288,-0.00019161536641133756,-8.238548059427509e-05,0.0,0.0,0.9999999999999997,4.357057662293851e-11,-8.432640741583564e-11,5.393460239832995e-12,-0.11860074137589811,-0.023638903054604914,-0.07995155138496109,0.0674544839498499,-0.00028830921977813346,-0.00011692496263997202,-0.00017859081149806022,-3.0547908968286616e-05
0.8220000000000006,0.19888024366649407,0.12423813870365795,-1.4989807566010305e-05,2.2319015222009262e-07,-1.6753930033910234e-07,3.808032138523262e-07,0.0007507928835358279,-0.00011084130105935832,0.0003312861589354243,0.0,0.0,0.9999999999999997,1.71070692884372e-11,-8.565673038152216e-11,-9.322714688247563e-12,-0.11453417835844763,-0.02699775228318367,-0.08347561718924788,0.06786942523878108,0.0020344262650782655,0.0018544350871906531,0.002390814846139373,0.00033538292795687563
0.8230000000000006,0.19888024373907803,0.1242381389040819,-1.4989607589085925e-05,7.258397598371529e-08,2.0042395626199268e-07,1.9997692437999347e-07,-0.0001506061762363773,0.00036796325660109504,-0.00018082628947233272,0.0,0.0,0.9999999999999997,5.5177530286714384e-11,8.095506167558756e-11,-1.2098323056620603e-10,-0.11460713782417407,-0.026675625542265567,-0.08429635202265208,0.06881684712224477,-0.0020067616089430207,-0.0023430516484906805,-0.0031829116547194974,-0.0008523539165317996
0.8240000000000006,0.19888024387741224,0.12423813872514448,-1.4989437749641516e-05,1.3833420720312926e-07,-1.7893742312133054e-07,1.6983944440914747e-07,6.575023121941396e-05,-0.00037936137938332325,-3.0137479970845993e-05,0.0,0.0,0.9999999999999997,-2.934331672170188e-11,-1.1438151548319087e-10,-3.833679688214382e-12,-0.11871825174086997,-0.023721974256968877,-0.0801478795961359,0.06743359655813193,0.0009056424865074247,0.0012908309588020332,0.0016411221402311679,0.0002967359620899972
0.8250000000000006,0.19888024421644995,0.12423813916291516,-1.4989392466777774e-05,3.3903771005578056e-07,4.3777068124535227e-07,4.528286374222983e-08,0.0002007035028526513,0.0006167081043666828,-0.00012455658066691766,0.0,0.0,0.9999999999999997,-9.228273824099623e-12,-1.1669933823968855e-10,-3.2984248582473017e-12,-0.1148914564523235,-0.026941590795274382,-0.08412365366441589,0.06836469636099063,0.0011650029081986318,0.0011264446079578083,0.001441958202987645,0.0004338832008355721
0.8260000000000006,0.19888024473496058,0.12423813877325278,-1.4989530827947514e-05,5.185106148657507e-07,-3.8966239032065284e-07,-1.383611697405132e-07,0.00017947290480997019,-0.0008274330715660051,-0.000183644033482743,0.0,0.0,0.9999999999999997,8.47747719113438e-12,-2.608610995412375e-10,-2.640280227735938e-12,-0.11533880877438826,-0.02648966239841185,-0.0843538937258887,0.0684264194773368,0.0014668310736211906,0.0015190207946339572,0.002335385752949648,0.00048971339359356
0.8270000000000006,0.19888024495109233,0.12423813868988055,-1.4989558146155599e-05,2.161317626226329e-07,-8.337222111566073e-08,-2.7318208085033267e-08,-0.00030237885224311783,0.0003062901692049921,0.00011104296165547992,0.0,0.0,0.9999999999999997,4.411152979971476e-11,-6.13914524354586e-11,4.7879574063182976e-11,-0.11463865550484953,-0.026802030030364826,-0.08436974557812395,0.0688035349619633,-0.00214256974239052,-0.002316894804030524,-0.003326841814194496,-0.0009177480654524116
0.8280000000000006,0.19888024526314005,0.12423813873271526,-1.498960946507853e-05,3.1204770787426674e-07,4.283471024669272e-08,-5.1318922930197176e-08,9.591594525163383e-05,0.00012620693136235344,-2.400071484516391e-05,0.0,0.0,0.9999999999999997,-1.8988022101679923e-09,-3.00982124145531e-09,1.1652937154919352e-09,-0.1185927711975737,-0.023587518077049282,-0.0800784272702064,0.06746137044798191,0.0006233261307662581,0.0007376047210362091,0.0010823212394682935,0.00025709811155689885
0.8290000000000006,0.1988802453870059,0.12423813868060989,-1.4988975422487779e-05,1.2386584927656278e-07,-5.2105382479328406e-08,6.340425907498602e-07,-0.00018818185859770394,-9.494009272602113e-05,0.0006853615136800574,0.0,0.0,0.9999999999999997,-7.617482578163363e-11,-1.0585841093524206e-10,-3.2170536760269337e-09,-0.11788534630074525,-0.023584913616317198,-0.08016736610505255,0.06827236954150306,-0.0006487388891976192,-0.0005635413434508317,-0.0006806476119961388,0.00015225356950953895
0.8300000000000006,0.1988802455254614,0.12423813850512089,-1.4989407752572356e-05,1.3845549081647142e-07,-1.7548900349855375e-07,-4.323300845778047e-07,1.4589641539908642e-05,-0.00012338362101922532,-0.001066372675327665,0.0,0.0,0.9999999999999997,-8.928904278402081e-12,-8.774915625935578e-11,8.597627336174737e-13,-0.11588855042568706,-0.02671329103692085,-0.08391401175366313,0.06839496947415884,-0.0003824650992788003,-7.577265798757747e-05,-0.00029589974745443534,-0.00017457428849563774
0.8310000000000006,0.19888024565007706,0.12423813865214424,-1.498977232086784e-05,1.2461565045378412e-07,1.470233584817944e-07,-3.645682954837537e-07,-1.3839840362687304e-05,0.00032251236198034815,6.776178909405098e-05,0.0,0.0,0.9999999999999997,3.6504989215676605e-11,-1.5330361121107486e-10,2.9693356590221206e-12,-0.1185212138281351,-0.023781681547761915,-0.08001221248638993,0.06765258243553275,0.0008916130471524052,0.0012988552023968977,0.001398486557833876,0.000511954386576511
0.8320000000000006,0.19888024597185092,0.12423813850829919,-1.498980751720042e-05,3.217738568640024e-07,-1.438450403555611e-07,-3.5196332579300344e-08,0.0001971582064102183,-0.0002908683988373555,0.00032937196290445334,0.0,0.0,0.9999999999999997,1.1782204971079237e-11,-1.7090450981280208e-10,3.4300409047994024e-12,-0.11453808665167353,-0.026927069185953976,-0.08457192269470565,0.06850152283067833,0.0001540283480734326,-0.00012392322573084015,2.352142621828506e-05,-0.0001964644235407354
0.8330000000000006,0.1988802463442414,0.12423813849627681,-1.4989863876789198e-05,3.7239046947191305e-07,-1.2022383453805336e-08,-5.635958877805808e-08,5.0616612607910625e-05,0.00013182265690175578,-2.1163256198757735e-05,0.0,0.0,0.9999999999999997,1.502214797848037e-11,-2.070571832754147e-10,2.527514998313508e-12,-0.11443250532341007,-0.02698601289440804,-0.08461440105838085,0.06881837106343282,0.00038493024137768646,0.00013893517305350444,0.00029316212996600266,4.273833924009137e-06
0.8340000000000006,0.19888024660683032,0.12423813871221095,-1.4990117670749164e-05,2.62588913001382e-07,2.1593414661686125e-07,-2.537939599657809e-07,-0.00010980155647053106,0.00022795653007066658,-0.00019743437118772283,0.0,0.0,0.9999999999999997,4.531713916572534e-11,-3.601881806158986e-10,-2.6376027839364792e-12,-0.11867501842556158,-0.023688826277383238,-0.08023298337691302,0.06868914769229699,0.0015297304501521727,0.0017204684429170363,0.002314195697135473,0.0014123303358968627
0.8350000000000006,0.1988802464278958,0.12423813864931504,-1.4990188065110779e-05,-1.789345149210492e-07,-6.289590544889719e-08,-7.039436161517507e-08,-0.00044152342792243114,-0.00027883005206575843,0.00018339959835060582,0.0,0.0,0.9999999999999997,1.4086762886441524e-10,-6.051658281219971e-12,3.9062100773679995e-11,-0.11476988932595714,-0.026768744476182185,-0.08413329499368782,0.06873354120555937,-0.0038725315645047657,-0.004007543543993465,-0.005875241661173495,-0.0015848116237288737
0.8360000000000006,0.1988802463888309,0.12423813857885917,-1.4990336261431315e-05,-3.906492701943929e-08,-7.045587459759339e-08,-1.4819632053603126e-07,0.0001398695879016099,-7.5599691486962e-06,-7.780195892085618e-05,0.0,0.0,0.9999999999999997,2.382238168362704e-11,-1.6378835906519308e-10,1.8591381702610187e-12,-0.11834300513405778,-0.023605015006305654,-0.08040736028544361,0.06754727744475263,0.0020543014720354937,0.00226925777291755,0.003169278250532874,0.0008589353215702628
0.8370000000000006,0.19888024655918474,0.12423813853605994,-1.4990251757227194e-05,1.7035385376618952e-07,-4.279921930578403e-08,8.450420412018497e-08,0.0002094187807856288,2.765665529180936e-05,0.00023270052465621622,0.0,0.0,0.9999999999999997,-2.499476134835233e-11,-1.5859971650311264e-10,3.957556550927283e-12,-0.11469589921799843,-0.027054088539443886,-0.08429366136071137,0.068694629871694,0.0005617873289218633,0.00020255574168160365,0.0005843456063347735,0.00015600861137980314
0.8380000000000006,0.19888024617099165,0.1242381386161741,-1.4990678981418213e-05,-3.8819307536455427e-07,8.011414886490916e-08,-4.272241910180252e-07,-0.0005585469291307437,0.0001229133681706932,-0.0005117283951382103,0.0,0.0,0.9999999999999997,3.2754822113949016e-11,-6.665038078237345e-11,1.8944469353593306e-12,-0.118733882008531,-0.023483477030383546,-0.0802974571453515,0.06809015395871301,-0.0016861806784499412,-0.0015629463367998675,-0.002134888182338449,-0.000259102522152199
0.8390000000000006,0.19888024576431199,0.12423813857403143,-1.4990812558077591e-05,-4.0667965206783156e-07,-4.214266400033135e-08,-1.3357665937810017e-07,-1.848657670327729e-05,-0.0001222568128652405,0.0002936475316399251,0.0,0.0,0.9999999999999997,-1.2994184411021665e-11,-4.810722544156749e-11,-4.415199187100808e-12,-0.11868499413334187,-0.02358118361906787,-0.08011935311821798,0.0676866443396327,-0.0006830398742959315,-0.0002739229991024196,-0.0005017443332208165,-0.00026410634904730637
0.8400000000000006,0.1988802461499156,0.12423813863738438,-1.4990897289144538e-05,3.8560359956542233e-07,6.335294641165498e-08,-8.473106694637801e-08,0.0007922832516332538,0.00010549561041198634,4.884559243172216e-05,0.0,0.0,0.9999999999999997,2.479759746540562e-10,-5.231883764866963e-10,-1.3361436487714858e-12,-0.11594384731604317,-0.026327981301991175,-0.08149276164092663,0.06800470246040595,0.002816405115079605,0.0028492261665135337,0.003295735477762211,0.0011745492569401473
0.8410000000000006,0.19888024622499223,0.12423813852613669,-1.4990919620141475e-05,7.507663629604762e-08,-1.1124769542566748e-07,-2.2330996937471286e-08,-0.0003105269632693747,-0.00017460064183732246,6.240007000890672e-05,0.0,0.0,0.9999999999999997,8.292808463195019e-12,-1.661922551184488e-10,5.204190641312505e-12,-0.11456912539451597,-0.02683978592610528,-0.0843744612189537,0.06882914916270139,-0.0026000005291356033,-0.0026201914530324098,-0.0040097159480791175,-0.0010336879075929998
0.8420000000000006,0.19888024654873437,0.12423813848243245,-1.4990941611741951e-05,3.2374214582489136e-07,-4.370424017370585e-08,-2.1991600475973543e-08,0.0002486655095288437,6.754345525196163e-05,3.393964614977431e-07,0.0,0.0,0.9999999999999997,-7.34608789698493e-12,-3.211986698788522e-10,-2.796424308693545e-12,-0.11863048682259766,-0.02366098200819811,-0.08017049495318593,0.06741747767796938,0.0020965631868374453,0.0021357832288225703,0.0032209099567825777,0.0008281370119532602
0.8430000000000006,0.19888024661079717,0.12423813851492832,-1.4990848558615198e-05,6.206280888701304e-08,3.2495869905969424e-08,9.30531267521865e-08,-0.00026167933693787833,7.620011007967528e-05,0.00011504472722816005,0.0,0.0,0.9999999999999997,-5.2819593360952734e-09,4.2972985556470375e-09,-5.932344934216114e-10,-0.11454832711245555,-0.02692187590211295,-0.08443300597870672,0.0688562194051364,-0.0019524421101977183,-0.0019746086108869566,-0.0030066905138680516,-0.0007833170301037474
0.8440000000000006,0.19888024649250052,0.12423813906419687,-1.4990745919587536e-05,-1.182966435140186e-07,5.492685500461935e-07,1.0263902766236093e-07,-0.00018035945240103165,0.0005167726801402241,9.585900910174435e-06,0.0,0.0,0.9999999999999997,-2.2447567283132833e-11,-8.905941396824448e-11,-1.0854345034588332e-11,-0.11879908241953042,-0.02335953789666873,-0.07985964506422934,0.06747828915462256,-0.002100482018604061,-0.002266205327967902,-0.0028058173960195092,-0.0009932478352760578
0.8450000000000006,0.19888024635793608,0.12423813867034766,-1.4990833270746115e-05,-1.3456444239885831e-07,-3.9384920869491026e-07,-8.735115857829825e-08,-1.6267798884839712e-05,-0.0009431177587411038,-0.00018999018624065917,0.0,0.0,0.9999999999999997,3.235485808156451e-11,-9.99195907745635e-11,5.466775839788363e-12,-0.11868612013911972,-0.023725101190355594,-0.08006478822679669,0.06757468276505645,0.0019272938551498399,0.0023727922273456344,0.0029133565775098535,0.0010876613103727069
0.8460000000000006,0.19888024677538002,0.12423813883579743,-1.4990800835928281e-05,4.1744395208533296e-07,1.65449767688798e-07,3.243481783433732e-08,0.0005520083944841913,0.0005592989763837082,0.00011978597641263557,0.0,0.0,0.9999999999999997,-5.152067340842432e-10,1.7171961915072293e-10,-2.600838845103298e-10,-0.11449191210891446,-0.026986175684139576,-0.0845622095869845,0.06835496134857631,0.002302290123232126,0.002185946934314247,0.003196491976319223,0.0006808567389169062
0.8470000000000006,0.19888024672565355,0.12423813872198397,-1.4990746114167352e-05,-4.972647809796423e-08,-1.1381345206252854e-07,5.472176092891105e-08,-0.0004671704301832972,-0.00027926321975132654,2.2286943094573728e-05,0.0,0.0,0.9999999999999997,5.483041425963793e-13,-1.6225260921778534e-10,-7.956022926262828e-12,-0.11457652632070574,-0.0267291527536653,-0.08432005532676295,0.0688811951363527,-0.0032724865747251657,-0.003572493354397323,-0.005031186751582875,-0.0014107441388711737
0.8480000000000006,0.1988802468779061,0.12423813850685497,-1.4990688077733277e-05,1.5225254013052614e-07,-2.1512900252271962e-07,5.80364340751816e-08,0.00020197901822849036,-0.00010131555046019109,3.3146731462705512e-06,0.0,0.0,0.9999999999999997,-6.391132004591301e-11,1.8240759530529652e-11,-2.741633989475475e-11,-0.11856053123442943,-0.02366556081562666,-0.08009761405139358,0.0675073791019307,0.0010816866999214829,0.0012788382550450385,0.001876447974747699,0.0004054159909850792
0.8490000000000006,0.19888024743487026,0.12423813867871979,-1.4991063177833324e-05,5.569641711390948e-07,1.7186481360336205e-07,-3.751001000467249e-07,0.00040471163100856873,0.00038699381612608167,-0.00043313653412190646,0.0,0.0,0.9999999999999997,1.3008976582752175e-11,-2.2666701187200208e-10,-2.458969444766136e-12,-0.11453983076189563,-0.027019639657469806,-0.08413092791367,0.06865886205655057,0.002738073488366603,0.0025813168690524625,0.0035005096307535264,0.0012745351611228395
0.8500000000000006,0.19888024790369413,0.12423813821506345,-1.499121686593171e-05,4.6882385854269174e-07,-4.6365633569056617e-07,-1.5368809838486472e-07,-8.814031259640311e-05,-0.0006355211492939282,0.00022141200166186017,0.0,0.0,0.9999999999999997,-4.3735607816324325e-11,-1.630095035981924e-10,-4.737257278111594e-12,-0.11450011145310561,-0.026891529507027407,-0.08454732507643191,0.06878797780650547,-0.0016977939380250946,-0.0018665275494739691,-0.00268218341603258,-0.0008136919835963752
0.8510000000000006,0.19888024815330535,0.12423813795429979,-1.499144168266087e-05,2.496112083527383e-07,-2.6076366573393353e-07,-2.2481672916001156e-07,-0.00021921265018995343,0.00020289266995663263,-7.112863077514684e-05,0.0,0.0,0.9999999999999997,-1.155806230722047e-09,1.1690763911486802e-09,-3.2972348369298565e-10,-0.11877062769562843,-0.023521675745442474,-0.07992548593094169,0.06776594681077554,-0.00045249896346170806,-0.0004482721371092161,-0.0005743920293945008,2.5902101860936363e-05
0.8520000000000006,0.198880248582981,0.12423813785286776,-1.499137149173198e-05,4.296756489631846e-07,-1.0143202930584511e-07,7.019092889043027e-08,0.0001800644406104463,0.00015933163642808842,0.00029500765805044185,0.0,0.0,0.9999999999999997,-3.3586225170270104e-11,-3.7159107517343593e-10,-8.101555240530368e-12,-0.11853241023213262,-0.023635418630731615,-0.08028872040223385,0.0677944993838216,0.002186744297022656,0.0023140880756824657,0.003347070477595728,0.0011092546007607513
0.8530000000000006,0.198880248397905,0.1242381374542591,-1.4991219172571848e-05,-1.8507602030566955e-07,-3.986086544422531e-07,1.5231916013130639e-07,-0.0006147516692688542,-0.000297176625136408,8.212823124087612e-05,0.0,0.0,0.9999999999999997,-2.3000406066158096e-11,-1.145984712291417e-10,-3.0839757503698377e-12,-0.11469444328217474,-0.026750068837736164,-0.0842890297372928,0.0688755985206499,-0.004739503473871925,-0.004805992672300841,-0.007004865222993748,-0.0019536137403523496
0.8540000000000006,0.19888024853410402,0.12423813748128028,-1.4991216908817995e-05,1.361990140895438e-07,2.702117806221528e-08,2.2637538526242972e-09,0.00032127503439521334,0.00042562983250446837,-0.0001500554062786821,0.0,0.0,0.9999999999999997,6.873365709072423e-11,-7.66740457055437e-10,-1.3343848038392795e-10,-0.11863062682038145,-0.02372887227588058,-0.08012880998027962,0.0673584099396279,0.003151474919274401,0.003273527606332993,0.0046286657327621675,0.0013565850333617047
0.8550000000000006,0.19888024851169206,0.12423813730901923,-1.4990993239091436e-05,-2.2411954315946493e-08,-1.7226105780545655e-07,2.236697265591121e-07,-0.0001586109684054903,-0.00019928223586767184,0.0002214059727064878,0.0,0.0,0.9999999999999997,8.48115362981905e-11,-1.5151807337394525e-10,-4.389637764327966e-12,-0.1145035335420071,-0.026872315228622073,-0.08459318027295958,0.06882423023046105,-0.0013483402474765572,-0.0015128756869537078,-0.0020623793836132428,-0.0005943313605856993
0.8560000000000006,0.19888024904309956,0.12423813767936175,-1.4991045951623541e-05,5.314075095632387e-07,3.7034251604164235e-07,-5.2712532104457546e-08,0.0005538194638791853,0.0005426035738470989,-0.00027638225866356966,0.0,0.0,0.9999999999999997,5.987658286552377e-10,4.4347572093868545e-10,1.5366242646237316e-10,-0.11860487322127014,-0.02373059187354662,-0.08015023559630528,0.06741279729439971,0.0035525698611526234,0.0036647908149520306,0.0052761207794912515,0.0015101968598602463
0.8570000000000007,0.1988802490863137,0.12423813575081605,-1.4990750255916635e-05,4.32141174942982e-08,-1.928545703563463e-06,2.9569570690677526e-07,-0.00048819339206894057,-0.002298888219605105,0.0003484082390112328,0.0,0.0,0.9999999999999997,6.857750467504134e-11,-1.2327329978598728e-10,-1.3917581684379085e-11,-0.11456453257377493,-0.026851528102502686,-0.08441809480632669,0.06879390988998829,-0.004488304690371464,-0.004388846742183056,-0.006467304869764611,-0.0020315530024611664
0.8580000000000007,0.19888024891467732,0.12423813742165163,-1.499087835060612e-05,-1.7163638172695046e-07,1.6708355863219264e-06,-1.2809468948429508e-07,-0.00021485049922124867,0.003599381289885389,-0.0004237903963910703,0.0,0.0,0.9999999999999997,1.3483741835319555e-12,-3.4516706805715113e-11,6.394429202854017e-12,-0.11868745654415386,-0.02337123142273004,-0.0797319555615545,0.06738868512675635,-0.0005134758829353499,-0.0009219245041653613,-0.000993671908925217,-0.000193808415650718
0.8590000000000007,0.1988802490094015,0.12423813728496512,-1.4990775154374323e-05,9.472416566852892e-08,-1.366865105258822e-07,1.0319623179660257e-07,0.0002663605473954794,-0.0018075220968478086,0.00023129092128089764,0.0,0.0,0.9999999999999997,3.972586439444286e-12,-7.19630513747151e-11,2.445561163439151e-12,-0.11852281068810912,-0.023725849754672488,-0.08006266466373008,0.06763499945584636,0.0012897507238362512,0.0017941402271088927,0.0022395262466366464,0.0005858924216368025
0.8600000000000007,0.19888024933357457,0.12423813767630246,-1.499089707891884e-05,3.2417307551745307e-07,3.9133733902971703e-07,-1.219245445168155e-07,0.00022944890984892416,0.0005280238495555992,-0.00022512077631341808,0.0,0.0,0.9999999999999997,-4.785853859935724e-12,-1.9251103832575867e-10,3.4190771008429148e-12,-0.11439207108730565,-0.027118003757024098,-0.08470865085293876,0.06859458923766706,0.001809667787883551,0.0016888254066109384,0.002296744469967206,0.0007215930656494998
0.8610000000000007,0.1988802497347249,0.12423813802802806,-1.4990829456359603e-05,4.0115033549827667e-07,3.5172560104370565e-07,6.762255923598609e-08,7.69772599808236e-05,-3.961173798601138e-05,0.00018954710375280158,0.0,0.0,0.9999999999999997,-2.3475574381692993e-12,-2.250479322820085e-10,-3.305182527387082e-12,-0.11442171035614908,-0.02704007794263388,-0.08466712665255406,0.06875536349862764,-0.00024902693391037374,-0.0004922141499367673,-0.0005773648146305878,-0.0002826176433818756
0.8620000000000007,0.1988802489235907,0.1242381378208862,-1.4990683957344015e-05,-8.111341888108498e-07,-2.0714186307829482e-07,1.454990155887515e-07,-0.0012122845243091264,-0.0005588674641220005,7.787645635276542e-05,0.0,0.0,0.9999999999999997,7.790699999859313e-13,-5.742296297631611e-11,-4.527434387417374e-12,-0.11836917546697318,-0.02399585126770601,-0.08354795422620989,0.06853210311844384,-0.0023306347178559937,-0.00226595858212929,-0.0019149067504608025,-0.0006500678924883024
0.8630000000000007,0.19888024836214108,0.12423813844653653,-1.4990692340472074e-05,-5.614496429294305e-07,6.256503298711022e-07,-8.383128059571218e-09,0.0002496845458814193,0.0008327921929493971,-0.00015388214364832272,0.0,0.0,0.9999999999999997,1.0670904233379863e-11,-1.532166866683288e-10,-1.3800438755640292e-12,-0.11865263082855221,-0.02364392072004139,-0.08000519405214551,0.0674072722859169,0.0015850659254255447,0.0019371299322397328,0.0026021102125900614,0.0007107565452929975
0.8640000000000007,0.19888024778058946,0.12423813881962023,-1.4990687170045596e-05,-5.815516188943516e-07,3.730836972705277e-07,5.1704264781932605e-09,-2.010197596492108e-05,-0.0002525666326005745,1.3553554537764478e-05,0.0,0.0,0.9999999999999997,2.0010144639543063e-13,-1.0441484301416644e-10,-9.28420470531571e-13,-0.11442530789433522,-0.02700792755953472,-0.08463133232977527,0.06875988469112942,-0.00048281871539171644,-0.0006742538182593392,-0.0008733652643795944,-0.0002703036122399178
0.8650000000000007,0.19888024711916394,0.12423814085285155,-1.4990737744579001e-05,-6.614255295320416e-07,2.03323132023467e-06,-5.057453340450438e-08,-7.987391063769001e-05,0.0016601476229641423,-5.574495988269764e-05,0.0,0.0,0.9999999999999997,9.919499407452142e-11,-8.044383829693182e-11,3.082741375034973e-11,-0.11886123284646391,-0.02340844449713089,-0.07974336177163217,0.06733041415380829,-0.0005889516212451942,-0.0004527900232690536,-0.0005730914052813508,-0.00022552558079199525
0.8660000000000007,0.1988802468058274,0.12423813916916682,-1.4990882506599846e-05,-3.133365461637255e-07,-1.6836847362635085e-06,-1.4476202084509605e-07,0.0003480889833683161,-0.0037169160564981788,-9.418748744059167e-05,0.0,0.0,0.9999999999999997,1.1348066157959883e-10,2.487722484853249e-11,5.138492949390267e-11,-0.11602367485107164,-0.02584010828786913,-0.081820753988157,0.06799275114068157,-0.00015569552877866944,-9.062261706940587e-05,-0.000608134923732161,-0.00017797071930592624
0.8670000000000007,0.1988802470276115,0.12423813940320358,-1.4990798939914936e-05,2.2178412826392957e-07,2.3403676659803622e-07,8.356668491039959e-08,0.000535120674427655,0.001917721502861545,0.00022832870575549563,0.0,0.0,0.9999999999999997,-1.4550132641292223e-09,-1.4630389674685592e-09,-2.677583561319455e-10,-0.11649344120295856,-0.02529291412636949,-0.08168807246348786,0.06798657346287265,0.003069701566145091,0.0030374975207135705,0.004098306216281535,0.0012304998193683292
0.8680000000000007,0.1988802471604639,0.12423813930378343,-1.4991010424975024e-05,1.328524068986793e-07,-9.942015830796334e-08,-2.1148506008743074e-07,-8.893172136525028e-05,-0.00033345692490599954,-0.00029505174499783036,0.0,0.0,0.9999999999999997,1.5375210844490314e-10,-2.878066685150352e-10,-1.6945365330264941e-10,-0.11441054041151749,-0.0269240770783077,-0.0846477466587429,0.06891748113534803,-0.0011918837145403116,-0.0012702131843033938,-0.001955583794970738,-0.00044090734649354874
0.8690000000000007,0.19888024673139643,0.12423813914487403,-1.4990867228467724e-05,-4.2906746977046466e-07,-1.589093992855984e-07,1.4319650729905675e-07,-0.0005619198766691439,-5.948924097763505e-05,0.0003546815673864875,0.0,0.0,0.9999999999999997,3.0374594269620117e-10,-3.8667277525098937e-10,1.7835167293552103e-10,-0.11497996010294145,-0.026864804270840956,-0.08434309515484377,0.06873732125199718,-0.003013836697678022,-0.0032321912688640267,-0.004589668942525437,-0.0012454326375017349
0.8700000000000007,0.19888024667297227,0.12423813875951552,-1.4990657412144198e-05,-5.8424165613957635e-08,-3.8535850981740437e-07,2.098163235258894e-07,0.00037064330415650704,-0.00022644911053180597,6.661981622683263e-05,0.0,0.0,0.9999999999999997,-2.8830939143372173e-13,-7.90861669595752e-11,-1.4763342315559153e-12,-0.1186876581875616,-0.023585092796213774,-0.08006999173185132,0.06739398012411138,0.002215664076457951,0.0024943563025657924,0.003594508783296131,0.0008504118724363643
0.8710000000000007,0.19888024685924982,0.12423813772940744,-1.4991144506388485e-05,1.8627756119220744e-07,-1.0301080808319568e-06,-4.870942442862767e-07,0.00024470172680616506,-0.0006447495710145524,-0.0006969105678121661,0.0,0.0,0.9999999999999997,-1.6955774942490377e-11,-5.3548133431163054e-11,-7.097080191344481e-12,-0.11668985876198057,-0.02430467846958887,-0.0800896721803353,0.06776508164919413,-0.0006795245561497702,-0.001113474469057463,-0.0019437111578666335,-0.00037630431172515165
0.8720000000000007,0.1988802471326199,0.12423813800777397,-1.4991463088322217e-05,2.733700830569083e-07,2.7836653337805335e-07,-3.185819337321506e-07,8.709252186470084e-05,0.0013084746142100103,0.00016851231055412612,0.0,0.0,0.9999999999999997,-8.781128049252285e-12,-1.4392602074458895e-10,7.584690494276302e-12,-0.11795097743729863,-0.024075214428576693,-0.08019485899492512,0.06793044931018957,0.0007088543195713266,0.000862361963842147,0.0007660283875274583,0.0005096925531752182
0.8730000000000007,0.19888024763594253,0.12423813782475349,-1.499175956190244e-05,5.033226345394846e-07,-1.8302049040577366e-07,-2.9647358022404627e-07,0.00022995255148257628,-0.000461387023783827,2.2108353508104346e-05,0.0,0.0,0.9999999999999997,-3.686532495926859e-11,-9.097636473383852e-11,-2.4333499932653804e-11,-0.11448398056864695,-0.026961505157868288,-0.08454370642487456,0.0685762340905555,0.001183204513680806,0.0010995686390977094,0.0015020154960380173,0.00035655584607220616
0.8740000000000007,0.19888024817115116,0.12423813759711183,-1.499177884772786e-05,5.352086291348264e-07,-2.2764165314462085e-07,-1.92858254207375e-08,3.1885994595341847e-05,-4.462116273884719e-05,0.00027718775480330875,0.0,0.0,0.9999999999999997,3.7379491965928917e-10,1.8319853357741666e-10,3.95408948237345e-11,-0.11440998459721338,-0.027055342247938777,-0.08476811546432107,0.06875356187121241,-0.0003078685913976314,-0.0006755768065946164,-0.0007479058612326139,-0.00029757855625098674
0.8750000000000007,0.19888024900611545,0.12423813706059443,-1.4991821217790475e-05,8.349642917807107e-07,-5.365173969035086e-07,-4.237006261469677e-08,0.0002997556626458843,-0.00030887574375888777,-2.308423719395927e-05,0.0,0.0,0.9999999999999997,-2.530220533234344e-10,-7.240581347002571e-10,-6.27810836268669e-11,-0.11868498393619274,-0.023691810017218557,-0.08020635733765744,0.06788727201791252,0.002515202852988024,0.002664259753111792,0.0038975242584655774,0.0011024885811414748
0.8760000000000007,0.1988802488630225,0.12423813722109706,-1.4992169575024468e-05,-1.4309295059694396e-07,1.6050261954399464e-07,-3.4835723399251107e-07,-0.0009780572423776547,0.0006970200164475032,-0.0003059871713778143,0.0,0.0,0.9999999999999997,4.24651169435758e-11,-9.086379055939347e-11,5.890268552322439e-12,-0.11465787999070023,-0.026751669231134964,-0.08411143272205145,0.06885694066564851,-0.005432633606556695,-0.005195090573676902,-0.008282400128674514,-0.0019046627826832248
0.8770000000000007,0.1988802492657756,0.12423813713680414,-1.499221014418585e-05,4.027530974042628e-07,-8.429292199006064e-08,-4.0569161382245084e-08,0.0005458460480012069,-0.00024479554153405525,0.000307788072610266,0.0,0.0,0.9999999999999997,5.06475788646613e-10,5.87559711450395e-10,1.2925312901535153e-13,-0.11869853838842617,-0.02361808954402732,-0.08015217693959514,0.0674729468571769,0.0030820501447705677,0.0027182826599577072,0.004709203335558243,0.0010531514861422688
0.8780000000000007,0.19888024987980565,0.12423813729675295,-1.4992385907215752e-05,6.140300448014367e-07,1.599488179378669e-07,-1.7576302990229394e-07,0.0002112769473971739,0.00024424173992792754,-0.00013519386852004885,0.0,0.0,0.9999999999999997,6.061683882936196e-10,5.818096630862417e-10,-2.20562587110367e-11,-0.11426605301961269,-0.02723617159376163,-0.08489694412315743,0.06885111220126022,0.0015608257516086003,0.0016272504350665197,0.002073578281102037,0.0006990522537072216
0.8790000000000007,0.19888025060057854,0.1242381372778308,-1.4992427779976994e-05,7.207728896553206e-07,-1.892215521690903e-08,-4.1872761240871924e-08,0.00010674284485388381,-0.00017887097315477595,0.00013389026866142203,0.0,0.0,0.9999999999999997,-3.991269813304664e-11,-3.3384705993580233e-10,-1.293193077295861e-11,-0.11433425529919222,-0.027133618173946335,-0.08482027138748954,0.06885490608616682,0.00028950142875144126,0.00012932269324839884,0.0002103126567666227,1.845757490421499e-05
0.8800000000000007,0.19888025076737267,0.12423813728515386,-1.4992027235750186e-05,1.6679414309731378e-07,7.3230593636700384e-09,4.005442268079624e-07,-0.0005539787465580068,2.624521458057907e-05,0.0004424169880488343,0.0,0.0,0.9999999999999997,-3.7252104435329356e-11,1.0438826023420985e-10,-1.6263572027189903e-10,-0.11550107471060704,-0.026568495363690478,-0.08459288701509898,0.06875875472580638,-0.002125966985011087,-0.0022199908343379336,-0.0029345507225464625,-0.0008291617937092589
0.8810000000000007,0.1988802511495547,0.12423813762269147,-1.4991713584894381e-05,3.821820362798308e-07,3.37537615487959e-07,3.136508558052025e-07,0.00021538789318251703,0.000330214556124289,-8.689337100275991e-05,0.0,0.0,0.9999999999999997,9.811341618419395e-12,-6.185982710366015e-11,4.109275820015629e-12,-0.11884746902696526,-0.023492118874957613,-0.07985555959199073,0.06739507416663164,0.0011067782563637506,0.0013820980776664178,0.001984983671733269,0.00040786000614353833
0.8820000000000007,0.19888025111713933,0.12423813791367924,-1.4992223530400095e-05,-3.2415374769881345e-08,2.9098776860491265e-07,-5.099455057140787e-07,-0.0004145974110497122,-4.654984688304638e-05,-0.0008235963615192812,0.0,0.0,0.9999999999999997,2.9371887468504147e-11,-3.687389677263447e-11,2.0564946863757874e-11,-0.11869247364160573,-0.023533056805160494,-0.08036836309540568,0.06852418403478476,0.00036176236705097366,0.000805140723472665,0.0008121601698249332,0.0008514240263783095
0.8830000000000007,0.19888025111582286,0.12423813777712442,-1.4992179596517045e-05,-1.316461603264607e-09,-1.3655481929177792e-07,4.393388305045723e-08,3.109891316661674e-05,-0.0004275425878966906,0.0005538793887645359,0.0,0.0,0.9999999999999997,-5.494762479847338e-11,-1.7056761085858454e-10,-4.4750484989868145e-11,-0.11449693211022728,-0.027067100270215357,-0.08467094079039608,0.06864308905293855,-0.0008361655888057937,-0.001338755065287967,-0.0014631875245674172,-0.0006376628253615551
0.8840000000000007,0.19888025119000222,0.12423813850001941,-1.499246183321986e-05,7.417936381434069e-08,7.228949946979947e-07,-2.8223670281528453e-07,7.54958254176053e-05,0.0008594498139897726,-0.00032617058586574175,0.0,0.0,0.9999999999999997,4.6714943939081e-12,-1.336028574453257e-10,1.611131869945174e-12,-0.1187985582477733,-0.023509161254439696,-0.07982605019485292,0.06753091223499426,0.0004626937513311067,0.0008429094082943013,0.0009334027089469539,0.00034026823500031106
0.8850000000000007,0.19888025113362767,0.12423813888976344,-1.4992592740125908e-05,-5.637454936970655e-08,3.8974403390959963e-07,-1.3090690604699895e-07,-0.00013055391318404723,-0.00033315096078839507,0.0001513297967682856,0.0,0.0,0.9999999999999997,1.7412944359706544e-11,-1.661795186279666e-10,6.779283806558014e-11,-0.11451351261710624,-0.026828773780126422,-0.08465028501492254,0.06887241009172747,1.8990168316792906e-05,-0.00012299968050512712,-0.0002404374775123802,8.8676174937077e-05
