# Wavefront .OBJ file for tesselated shape: screw_force_mounts-1/1_4-20_screw-1 path: M:\ruiza\Downloads\Cobra_CAD-SW2025\Hardware\1_4-20_screw.SLDPRT

g body_1
v -0.001800 0.004280 0.000000
v -0.000904 0.004404 0.000000
v -0.000897 0.004404 -0.000109
v -0.001787 0.004280 -0.000217
v -0.000878 0.004404 -0.000216
v -0.001748 0.004280 -0.000431
v -0.000845 0.004404 -0.000321
v -0.001683 0.004280 -0.000638
v -0.000800 0.004404 -0.000420
v -0.001594 0.004280 -0.000837
v -0.000744 0.004404 -0.000513
v -0.001482 0.004280 -0.001023
v -0.000677 0.004404 -0.000599
v -0.001348 0.004280 -0.001194
v -0.000599 0.004404 -0.000677
v -0.001194 0.004280 -0.001348
v -0.000513 0.004404 -0.000744
v -0.001023 0.004280 -0.001482
v -0.000420 0.004404 -0.000800
v -0.000837 0.004280 -0.001594
v -0.000321 0.004404 -0.000845
v -0.000638 0.004280 -0.001683
v -0.000216 0.004404 -0.000878
v -0.000431 0.004280 -0.001748
v -0.000109 0.004404 -0.000897
v -0.000217 0.004280 -0.001787
v 0.000000 0.004404 -0.000904
v 0.000000 0.004280 -0.001800
v 0.000109 0.004404 -0.000897
v 0.000217 0.004280 -0.001787
v 0.000216 0.004404 -0.000878
v 0.000431 0.004280 -0.001748
v 0.000321 0.004404 -0.000845
v 0.000638 0.004280 -0.001683
v 0.000420 0.004404 -0.000800
v 0.000837 0.004280 -0.001594
v 0.000513 0.004404 -0.000744
v 0.001023 0.004280 -0.001482
v 0.000599 0.004404 -0.000677
v 0.001194 0.004280 -0.001348
v 0.000677 0.004404 -0.000599
v 0.001348 0.004280 -0.001194
v 0.000744 0.004404 -0.000513
v 0.001482 0.004280 -0.001023
v 0.000800 0.004404 -0.000420
v 0.001594 0.004280 -0.000837
v 0.000845 0.004404 -0.000321
v 0.001683 0.004280 -0.000638
v 0.000878 0.004404 -0.000216
v 0.001748 0.004280 -0.000431
v 0.000897 0.004404 -0.000109
v 0.001787 0.004280 -0.000217
v 0.000904 0.004404 0.000000
v 0.001800 0.004280 0.000000
v 0.000897 0.004404 0.000109
v 0.001787 0.004280 0.000217
v 0.000878 0.004404 0.000216
v 0.001748 0.004280 0.000431
v 0.000845 0.004404 0.000321
v 0.001683 0.004280 0.000638
v 0.000800 0.004404 0.000420
v 0.001594 0.004280 0.000837
v 0.000744 0.004404 0.000513
v 0.001482 0.004280 0.001023
v 0.000677 0.004404 0.000599
v 0.001348 0.004280 0.001194
v 0.000599 0.004404 0.000677
v 0.001194 0.004280 0.001348
v 0.000513 0.004404 0.000744
v 0.001023 0.004280 0.001482
v 0.000420 0.004404 0.000800
v 0.000837 0.004280 0.001594
v 0.000321 0.004404 0.000845
v 0.000638 0.004280 0.001683
v 0.000216 0.004404 0.000878
v 0.000431 0.004280 0.001748
v 0.000109 0.004404 0.000897
v 0.000217 0.004280 0.001787
v 0.000000 0.004404 0.000904
v 0.000000 0.004280 0.001800
v -0.000109 0.004404 0.000897
v -0.000217 0.004280 0.001787
v -0.000216 0.004404 0.000878
v -0.000431 0.004280 0.001748
v -0.000321 0.004404 0.000845
v -0.000638 0.004280 0.001683
v -0.000420 0.004404 0.000800
v -0.000837 0.004280 0.001594
v -0.000513 0.004404 0.000744
v -0.001023 0.004280 0.001482
v -0.000599 0.004404 0.000677
v -0.001194 0.004280 0.001348
v -0.000677 0.004404 0.000599
v -0.001348 0.004280 0.001194
v -0.000744 0.004404 0.000513
v -0.001482 0.004280 0.001023
v -0.000800 0.004404 0.000420
v -0.001594 0.004280 0.000837
v -0.000845 0.004404 0.000321
v -0.001683 0.004280 0.000638
v -0.000878 0.004404 0.000216
v -0.001748 0.004280 0.000431
v -0.000897 0.004404 0.000109
v -0.001787 0.004280 0.000217
v -0.002682 0.004075 0.000000
v -0.002662 0.004075 -0.000323
v -0.002604 0.004075 -0.000642
v -0.002507 0.004075 -0.000951
v -0.002374 0.004075 -0.001246
v -0.002207 0.004075 -0.001523
v -0.002007 0.004075 -0.001778
v -0.001778 0.004075 -0.002007
v -0.001523 0.004075 -0.002207
v -0.001246 0.004075 -0.002374
v -0.000951 0.004075 -0.002507
v -0.000642 0.004075 -0.002604
v -0.000323 0.004075 -0.002662
v 0.000000 0.004075 -0.002682
v 0.000323 0.004075 -0.002662
v 0.000642 0.004075 -0.002604
v 0.000951 0.004075 -0.002507
v 0.001246 0.004075 -0.002374
v 0.001523 0.004075 -0.002207
v 0.001778 0.004075 -0.002007
v 0.002007 0.004075 -0.001778
v 0.002207 0.004075 -0.001523
v 0.002374 0.004075 -0.001246
v 0.002507 0.004075 -0.000951
v 0.002604 0.004075 -0.000642
v 0.002662 0.004075 -0.000323
v 0.002682 0.004075 0.000000
v 0.002662 0.004075 0.000323
v 0.002604 0.004075 0.000642
v 0.002507 0.004075 0.000951
v 0.002374 0.004075 0.001246
v 0.002207 0.004075 0.001523
v 0.002007 0.004075 0.001778
v 0.001778 0.004075 0.002007
v 0.001523 0.004075 0.002207
v 0.001246 0.004075 0.002374
v 0.000951 0.004075 0.002507
v 0.000642 0.004075 0.002604
v 0.000323 0.004075 0.002662
v 0.000000 0.004075 0.002682
v -0.000323 0.004075 0.002662
v -0.000642 0.004075 0.002604
v -0.000951 0.004075 0.002507
v -0.001246 0.004075 0.002374
v -0.001523 0.004075 0.002207
v -0.001778 0.004075 0.002007
v -0.002007 0.004075 0.001778
v -0.002207 0.004075 0.001523
v -0.002374 0.004075 0.001246
v -0.002507 0.004075 0.000951
v -0.002604 0.004075 0.000642
v -0.002662 0.004075 0.000323
v -0.003541 0.003791 0.000000
v -0.003515 0.003791 -0.000427
v -0.003438 0.003791 -0.000847
v -0.003310 0.003791 -0.001255
v -0.003135 0.003791 -0.001645
v -0.002914 0.003791 -0.002011
v -0.002650 0.003791 -0.002348
v -0.002348 0.003791 -0.002650
v -0.002011 0.003791 -0.002914
v -0.001645 0.003791 -0.003135
v -0.001255 0.003791 -0.003310
v -0.000847 0.003791 -0.003438
v -0.000427 0.003791 -0.003515
v 0.000000 0.003791 -0.003541
v 0.000427 0.003791 -0.003515
v 0.000847 0.003791 -0.003438
v 0.001255 0.003791 -0.003310
v 0.001645 0.003791 -0.003135
v 0.002011 0.003791 -0.002914
v 0.002348 0.003791 -0.002650
v 0.002650 0.003791 -0.002348
v 0.002914 0.003791 -0.002011
v 0.003135 0.003791 -0.001645
v 0.003310 0.003791 -0.001255
v 0.003438 0.003791 -0.000847
v 0.003515 0.003791 -0.000427
v 0.003541 0.003791 0.000000
v 0.003515 0.003791 0.000427
v 0.003438 0.003791 0.000847
v 0.003310 0.003791 0.001255
v 0.003135 0.003791 0.001645
v 0.002914 0.003791 0.002011
v 0.002650 0.003791 0.002348
v 0.002348 0.003791 0.002650
v 0.002011 0.003791 0.002914
v 0.001645 0.003791 0.003135
v 0.001255 0.003791 0.003310
v 0.000847 0.003791 0.003438
v 0.000427 0.003791 0.003515
v 0.000000 0.003791 0.003541
v -0.000427 0.003791 0.003515
v -0.000847 0.003791 0.003438
v -0.001255 0.003791 0.003310
v -0.001645 0.003791 0.003135
v -0.002011 0.003791 0.002914
v -0.002348 0.003791 0.002650
v -0.002650 0.003791 0.002348
v -0.002914 0.003791 0.002011
v -0.003135 0.003791 0.001645
v -0.003310 0.003791 0.001255
v -0.003438 0.003791 0.000847
v -0.003515 0.003791 0.000427
v -0.004370 0.003429 0.000000
v -0.004338 0.003429 -0.000527
v -0.004243 0.003429 -0.001046
v -0.004086 0.003429 -0.001550
v -0.003869 0.003429 -0.002031
v -0.003596 0.003429 -0.002482
v -0.003271 0.003429 -0.002898
v -0.002898 0.003429 -0.003271
v -0.002482 0.003429 -0.003596
v -0.002031 0.003429 -0.003869
v -0.001550 0.003429 -0.004086
v -0.001046 0.003429 -0.004243
v -0.000527 0.003429 -0.004338
v 0.000000 0.003429 -0.004370
v 0.000527 0.003429 -0.004338
v 0.001046 0.003429 -0.004243
v 0.001550 0.003429 -0.004086
v 0.002031 0.003429 -0.003869
v 0.002482 0.003429 -0.003596
v 0.002898 0.003429 -0.003271
v 0.003271 0.003429 -0.002898
v 0.003596 0.003429 -0.002482
v 0.003869 0.003429 -0.002031
v 0.004086 0.003429 -0.001550
v 0.004243 0.003429 -0.001046
v 0.004338 0.003429 -0.000527
v 0.004370 0.003429 0.000000
v 0.004338 0.003429 0.000527
v 0.004243 0.003429 0.001046
v 0.004086 0.003429 0.001550
v 0.003869 0.003429 0.002031
v 0.003596 0.003429 0.002482
v 0.003271 0.003429 0.002898
v 0.002898 0.003429 0.003271
v 0.002482 0.003429 0.003596
v 0.002031 0.003429 0.003869
v 0.001550 0.003429 0.004086
v 0.001046 0.003429 0.004243
v 0.000527 0.003429 0.004338
v 0.000000 0.003429 0.004370
v -0.000527 0.003429 0.004338
v -0.001046 0.003429 0.004243
v -0.001550 0.003429 0.004086
v -0.002031 0.003429 0.003869
v -0.002482 0.003429 0.003596
v -0.002898 0.003429 0.003271
v -0.003271 0.003429 0.002898
v -0.003596 0.003429 0.002482
v -0.003869 0.003429 0.002031
v -0.004086 0.003429 0.001550
v -0.004243 0.003429 0.001046
v -0.004338 0.003429 0.000527
v -0.005163 0.002993 0.000000
v -0.005125 0.002993 -0.000622
v -0.005013 0.002993 -0.001236
v -0.004827 0.002993 -0.001831
v -0.004572 0.002993 -0.002399
v -0.004249 0.002993 -0.002933
v -0.003865 0.002993 -0.003424
v -0.003424 0.002993 -0.003865
v -0.002933 0.002993 -0.004249
v -0.002399 0.002993 -0.004572
v -0.001831 0.002993 -0.004827
v -0.001236 0.002993 -0.005013
v -0.000622 0.002993 -0.005125
v 0.000000 0.002993 -0.005163
v 0.000622 0.002993 -0.005125
v 0.001236 0.002993 -0.005013
v 0.001831 0.002993 -0.004827
v 0.002399 0.002993 -0.004572
v 0.002933 0.002993 -0.004249
v 0.003424 0.002993 -0.003865
v 0.003865 0.002993 -0.003424
v 0.004249 0.002993 -0.002933
v 0.004572 0.002993 -0.002399
v 0.004827 0.002993 -0.001831
v 0.005013 0.002993 -0.001236
v 0.005125 0.002993 -0.000622
v 0.005163 0.002993 0.000000
v 0.005125 0.002993 0.000622
v 0.005013 0.002993 0.001236
v 0.004827 0.002993 0.001831
v 0.004572 0.002993 0.002399
v 0.004249 0.002993 0.002933
v 0.003865 0.002993 0.003424
v 0.003424 0.002993 0.003865
v 0.002933 0.002993 0.004249
v 0.002399 0.002993 0.004572
v 0.001831 0.002993 0.004827
v 0.001236 0.002993 0.005013
v 0.000622 0.002993 0.005125
v 0.000000 0.002993 0.005163
v -0.000622 0.002993 0.005125
v -0.001236 0.002993 0.005013
v -0.001831 0.002993 0.004827
v -0.002399 0.002993 0.004572
v -0.002933 0.002993 0.004249
v -0.003424 0.002993 0.003865
v -0.003865 0.002993 0.003424
v -0.004249 0.002993 0.002933
v -0.004572 0.002993 0.002399
v -0.004827 0.002993 0.001831
v -0.005013 0.002993 0.001236
v -0.005125 0.002993 0.000622
v -0.005893 0.002487 -0.000488
v -0.005732 0.002487 -0.001452
v -0.005832 0.002487 -0.000973
v -0.005592 0.002487 -0.001920
v -0.005200 0.002487 -0.002814
v -0.005415 0.002487 -0.002375
v -0.004950 0.002487 -0.003234
v -0.004350 0.002487 -0.004005
v -0.004666 0.002487 -0.003632
v -0.004005 0.002487 -0.004350
v -0.003632 0.002487 -0.004666
v -0.003234 0.002487 -0.004950
v -0.002814 0.002487 -0.005200
v -0.002375 0.002487 -0.005415
v -0.001920 0.002487 -0.005592
v -0.001452 0.002487 -0.005732
v -0.000973 0.002487 -0.005832
v -0.000488 0.002487 -0.005893
v 0.000000 0.002487 -0.005913
v 0.000488 0.002487 -0.005893
v 0.001452 0.002487 -0.005732
v 0.000973 0.002487 -0.005832
v 0.001920 0.002487 -0.005592
v 0.002814 0.002487 -0.005200
v 0.002375 0.002487 -0.005415
v 0.003234 0.002487 -0.004950
v 0.004005 0.002487 -0.004350
v 0.003632 0.002487 -0.004666
v 0.004350 0.002487 -0.004005
v 0.004666 0.002487 -0.003632
v 0.004950 0.002487 -0.003234
v 0.005200 0.002487 -0.002814
v 0.005415 0.002487 -0.002375
v 0.005592 0.002487 -0.001920
v 0.005732 0.002487 -0.001452
v 0.005832 0.002487 -0.000973
v 0.005893 0.002487 -0.000488
v 0.005913 0.002487 0.000000
v 0.005893 0.002487 0.000488
v 0.005732 0.002487 0.001452
v 0.005832 0.002487 0.000973
v 0.005592 0.002487 0.001920
v 0.005200 0.002487 0.002814
v 0.005415 0.002487 0.002375
v 0.004950 0.002487 0.003234
v 0.004350 0.002487 0.004005
v 0.004666 0.002487 0.003632
v 0.004005 0.002487 0.004350
v 0.003632 0.002487 0.004666
v 0.003234 0.002487 0.004950
v 0.002814 0.002487 0.005200
v 0.002375 0.002487 0.005415
v 0.001920 0.002487 0.005592
v 0.001452 0.002487 0.005732
v 0.000973 0.002487 0.005832
v 0.000488 0.002487 0.005893
v 0.000000 0.002487 0.005913
v -0.000488 0.002487 0.005893
v -0.001452 0.002487 0.005732
v -0.000973 0.002487 0.005832
v -0.001920 0.002487 0.005592
v -0.002814 0.002487 0.005200
v -0.002375 0.002487 0.005415
v -0.003234 0.002487 0.004950
v -0.004005 0.002487 0.004350
v -0.003632 0.002487 0.004666
v -0.004350 0.002487 0.004005
v -0.004666 0.002487 0.003632
v -0.004950 0.002487 0.003234
v -0.005200 0.002487 0.002814
v -0.005415 0.002487 0.002375
v -0.005592 0.002487 0.001920
v -0.005732 0.002487 0.001452
v -0.005832 0.002487 0.000973
v -0.005893 0.002487 0.000488
v -0.005913 0.002487 0.000000
v 0.000000 0.004445 0.000000
v 0.000000 0.004445 0.000000
v 0.000000 0.004445 0.000000
v 0.000000 0.004445 0.000000
v 0.000000 0.004445 0.000000
v 0.000000 0.004445 0.000000
v 0.000000 0.004445 0.000000
v 0.000000 0.004445 0.000000
v 0.000000 0.004445 0.000000
v 0.000000 0.004445 0.000000
v 0.000000 0.004445 0.000000
v 0.000000 0.004445 0.000000
v 0.000000 0.004445 0.000000
v 0.000000 0.004445 0.000000
v 0.000000 0.004445 0.000000
v 0.000000 0.004445 0.000000
v 0.000000 0.004445 0.000000
v 0.000000 0.004445 0.000000
v 0.000000 0.004445 0.000000
v 0.000000 0.004445 0.000000
v 0.000000 0.004445 0.000000
v 0.000000 0.004445 0.000000
v 0.000000 0.004445 0.000000
v 0.000000 0.004445 0.000000
v 0.000000 0.004445 0.000000
v 0.000000 0.004445 0.000000
v 0.000000 0.004445 0.000000
v 0.000000 0.004445 0.000000
v 0.000000 0.004445 0.000000
v 0.000000 0.004445 0.000000
v 0.000000 0.004445 0.000000
v 0.000000 0.004445 0.000000
v 0.000000 0.004445 0.000000
v 0.000000 0.004445 0.000000
v 0.000000 0.004445 0.000000
v 0.000000 0.004445 0.000000
v 0.000000 0.004445 0.000000
v 0.000000 0.004445 0.000000
v 0.000000 0.004445 0.000000
v 0.000000 0.004445 0.000000
v 0.000000 0.004445 0.000000
v 0.000000 0.004445 0.000000
v 0.000000 0.004445 0.000000
v 0.000000 0.004445 0.000000
v 0.000000 0.004445 0.000000
v 0.000000 0.004445 0.000000
v 0.000000 0.004445 0.000000
v 0.000000 0.004445 0.000000
v 0.000000 0.004445 0.000000
v 0.000000 0.004445 0.000000
v 0.000000 0.004445 0.000000
v 0.000000 0.004445 0.000000
v 0.000000 0.002337 -0.006079
v 0.000000 0.002487 -0.005913
v 0.000488 0.002487 -0.005893
v 0.000502 0.002337 -0.006058
v 0.000973 0.002487 -0.005832
v 0.001001 0.002337 -0.005996
v 0.001452 0.002487 -0.005732
v 0.001492 0.002337 -0.005893
v 0.001920 0.002487 -0.005592
v 0.001974 0.002337 -0.005749
v 0.002375 0.002487 -0.005415
v 0.002442 0.002337 -0.005567
v 0.002814 0.002487 -0.005200
v 0.002893 0.002337 -0.005346
v 0.003234 0.002487 -0.004950
v 0.003325 0.002337 -0.005089
v 0.003632 0.002487 -0.004666
v 0.003734 0.002337 -0.004797
v 0.004005 0.002487 -0.004350
v 0.004117 0.002337 -0.004472
v 0.004350 0.002487 -0.004005
v 0.004472 0.002337 -0.004117
v 0.004666 0.002487 -0.003632
v 0.004797 0.002337 -0.003734
v 0.004950 0.002487 -0.003234
v 0.005089 0.002337 -0.003325
v 0.005200 0.002487 -0.002814
v 0.005346 0.002337 -0.002893
v 0.005415 0.002487 -0.002375
v 0.005567 0.002337 -0.002442
v 0.005592 0.002487 -0.001920
v 0.005749 0.002337 -0.001974
v 0.005732 0.002487 -0.001452
v 0.005893 0.002337 -0.001492
v 0.005832 0.002487 -0.000973
v 0.005996 0.002337 -0.001001
v 0.005893 0.002487 -0.000488
v 0.006058 0.002337 -0.000502
v 0.005913 0.002487 0.000000
v 0.006079 0.002337 0.000000
v 0.005893 0.002487 0.000488
v 0.006058 0.002337 0.000502
v 0.005832 0.002487 0.000973
v 0.005996 0.002337 0.001001
v 0.005732 0.002487 0.001452
v 0.005893 0.002337 0.001492
v 0.005592 0.002487 0.001920
v 0.005749 0.002337 0.001974
v 0.005415 0.002487 0.002375
v 0.005567 0.002337 0.002442
v 0.005200 0.002487 0.002814
v 0.005346 0.002337 0.002893
v 0.004950 0.002487 0.003234
v 0.005089 0.002337 0.003325
v 0.004666 0.002487 0.003632
v 0.004797 0.002337 0.003734
v 0.004350 0.002487 0.004005
v 0.004472 0.002337 0.004117
v 0.004005 0.002487 0.004350
v 0.004117 0.002337 0.004472
v 0.003632 0.002487 0.004666
v 0.003734 0.002337 0.004797
v 0.003234 0.002487 0.004950
v 0.003325 0.002337 0.005089
v 0.002814 0.002487 0.005200
v 0.002893 0.002337 0.005346
v 0.002375 0.002487 0.005415
v 0.002442 0.002337 0.005567
v 0.001920 0.002487 0.005592
v 0.001974 0.002337 0.005749
v 0.001452 0.002487 0.005732
v 0.001492 0.002337 0.005893
v 0.000973 0.002487 0.005832
v 0.001001 0.002337 0.005996
v 0.000488 0.002487 0.005893
v 0.000502 0.002337 0.006058
v 0.000000 0.002487 0.005913
v 0.000000 0.002337 0.006079
v -0.000488 0.002487 0.005893
v -0.000502 0.002337 0.006058
v -0.000973 0.002487 0.005832
v -0.001001 0.002337 0.005996
v -0.001452 0.002487 0.005732
v -0.001492 0.002337 0.005893
v -0.001920 0.002487 0.005592
v -0.001974 0.002337 0.005749
v -0.002375 0.002487 0.005415
v -0.002442 0.002337 0.005567
v -0.002814 0.002487 0.005200
v -0.002893 0.002337 0.005346
v -0.003234 0.002487 0.004950
v -0.003325 0.002337 0.005089
v -0.003632 0.002487 0.004666
v -0.003734 0.002337 0.004797
v -0.004005 0.002487 0.004350
v -0.004117 0.002337 0.004472
v -0.004350 0.002487 0.004005
v -0.004472 0.002337 0.004117
v -0.004666 0.002487 0.003632
v -0.004797 0.002337 0.003734
v -0.004950 0.002487 0.003234
v -0.005089 0.002337 0.003325
v -0.005200 0.002487 0.002814
v -0.005346 0.002337 0.002893
v -0.005415 0.002487 0.002375
v -0.005567 0.002337 0.002442
v -0.005592 0.002487 0.001920
v -0.005749 0.002337 0.001974
v -0.005732 0.002487 0.001452
v -0.005893 0.002337 0.001492
v -0.005832 0.002487 0.000973
v -0.005996 0.002337 0.001001
v -0.005893 0.002487 0.000488
v -0.006058 0.002337 0.000502
v -0.005913 0.002487 0.000000
v -0.006079 0.002337 0.000000
v -0.005893 0.002487 -0.000488
v -0.006058 0.002337 -0.000502
v -0.005832 0.002487 -0.000973
v -0.005996 0.002337 -0.001001
v -0.005732 0.002487 -0.001452
v -0.005893 0.002337 -0.001492
v -0.005592 0.002487 -0.001920
v -0.005749 0.002337 -0.001974
v -0.005415 0.002487 -0.002375
v -0.005567 0.002337 -0.002442
v -0.005200 0.002487 -0.002814
v -0.005346 0.002337 -0.002893
v -0.004950 0.002487 -0.003234
v -0.005089 0.002337 -0.003325
v -0.004666 0.002487 -0.003632
v -0.004797 0.002337 -0.003734
v -0.004350 0.002487 -0.004005
v -0.004472 0.002337 -0.004117
v -0.004005 0.002487 -0.004350
v -0.004117 0.002337 -0.004472
v -0.003632 0.002487 -0.004666
v -0.003734 0.002337 -0.004797
v -0.003234 0.002487 -0.004950
v -0.003325 0.002337 -0.005089
v -0.002814 0.002487 -0.005200
v -0.002893 0.002337 -0.005346
v -0.002375 0.002487 -0.005415
v -0.002442 0.002337 -0.005567
v -0.001920 0.002487 -0.005592
v -0.001974 0.002337 -0.005749
v -0.001452 0.002487 -0.005732
v -0.001492 0.002337 -0.005893
v -0.000973 0.002487 -0.005832
v -0.001001 0.002337 -0.005996
v -0.000488 0.002487 -0.005893
v -0.000502 0.002337 -0.006058
v 0.000000 0.002145 -0.006194
v 0.000511 0.002145 -0.006173
v 0.001019 0.002145 -0.006109
v 0.001521 0.002145 -0.006004
v 0.002011 0.002145 -0.005858
v 0.002488 0.002145 -0.005672
v 0.002948 0.002145 -0.005447
v 0.003388 0.002145 -0.005185
v 0.003804 0.002145 -0.004888
v 0.004195 0.002145 -0.004557
v 0.004557 0.002145 -0.004195
v 0.004888 0.002145 -0.003804
v 0.005185 0.002145 -0.003388
v 0.005447 0.002145 -0.002948
v 0.005672 0.002145 -0.002488
v 0.005858 0.002145 -0.002011
v 0.006004 0.002145 -0.001521
v 0.006109 0.002145 -0.001019
v 0.006173 0.002145 -0.000511
v 0.006194 0.002145 0.000000
v 0.006173 0.002145 0.000511
v 0.006109 0.002145 0.001019
v 0.006004 0.002145 0.001521
v 0.005858 0.002145 0.002011
v 0.005672 0.002145 0.002488
v 0.005447 0.002145 0.002948
v 0.005185 0.002145 0.003388
v 0.004888 0.002145 0.003804
v 0.004557 0.002145 0.004195
v 0.004195 0.002145 0.004557
v 0.003804 0.002145 0.004888
v 0.003388 0.002145 0.005185
v 0.002948 0.002145 0.005447
v 0.002488 0.002145 0.005672
v 0.002011 0.002145 0.005858
v 0.001521 0.002145 0.006004
v 0.001019 0.002145 0.006109
v 0.000511 0.002145 0.006173
v 0.000000 0.002145 0.006194
v -0.000511 0.002145 0.006173
v -0.001019 0.002145 0.006109
v -0.001521 0.002145 0.006004
v -0.002011 0.002145 0.005858
v -0.002488 0.002145 0.005672
v -0.002948 0.002145 0.005447
v -0.003388 0.002145 0.005185
v -0.003804 0.002145 0.004888
v -0.004195 0.002145 0.004557
v -0.004557 0.002145 0.004195
v -0.004888 0.002145 0.003804
v -0.005185 0.002145 0.003388
v -0.005447 0.002145 0.002948
v -0.005672 0.002145 0.002488
v -0.005858 0.002145 0.002011
v -0.006004 0.002145 0.001521
v -0.006109 0.002145 0.001019
v -0.006173 0.002145 0.000511
v -0.006194 0.002145 0.000000
v -0.006173 0.002145 -0.000511
v -0.006109 0.002145 -0.001019
v -0.006004 0.002145 -0.001521
v -0.005858 0.002145 -0.002011
v -0.005672 0.002145 -0.002488
v -0.005447 0.002145 -0.002948
v -0.005185 0.002145 -0.003388
v -0.004888 0.002145 -0.003804
v -0.004557 0.002145 -0.004195
v -0.004195 0.002145 -0.004557
v -0.003804 0.002145 -0.004888
v -0.003388 0.002145 -0.005185
v -0.002948 0.002145 -0.005447
v -0.002488 0.002145 -0.005672
v -0.002011 0.002145 -0.005858
v -0.001521 0.002145 -0.006004
v -0.001019 0.002145 -0.006109
v -0.000511 0.002145 -0.006173
v 0.000000 0.001928 -0.006248
v 0.000516 0.001928 -0.006227
v 0.001028 0.001928 -0.006163
v 0.001534 0.001928 -0.006057
v 0.002029 0.001928 -0.005910
v 0.002510 0.001928 -0.005722
v 0.002974 0.001928 -0.005495
v 0.003418 0.001928 -0.005231
v 0.003838 0.001928 -0.004931
v 0.004232 0.001928 -0.004597
v 0.004597 0.001928 -0.004232
v 0.004931 0.001928 -0.003838
v 0.005231 0.001928 -0.003418
v 0.005495 0.001928 -0.002974
v 0.005722 0.001928 -0.002510
v 0.005910 0.001928 -0.002029
v 0.006057 0.001928 -0.001534
v 0.006163 0.001928 -0.001028
v 0.006227 0.001928 -0.000516
v 0.006248 0.001928 0.000000
v 0.006227 0.001928 0.000516
v 0.006163 0.001928 0.001028
v 0.006057 0.001928 0.001534
v 0.005910 0.001928 0.002029
v 0.005722 0.001928 0.002510
v 0.005495 0.001928 0.002974
v 0.005231 0.001928 0.003418
v 0.004931 0.001928 0.003838
v 0.004597 0.001928 0.004232
v 0.004232 0.001928 0.004597
v 0.003838 0.001928 0.004931
v 0.003418 0.001928 0.005231
v 0.002974 0.001928 0.005495
v 0.002510 0.001928 0.005722
v 0.002029 0.001928 0.005910
v 0.001534 0.001928 0.006057
v 0.001028 0.001928 0.006163
v 0.000516 0.001928 0.006227
v 0.000000 0.001928 0.006248
v -0.000516 0.001928 0.006227
v -0.001028 0.001928 0.006163
v -0.001534 0.001928 0.006057
v -0.002029 0.001928 0.005910
v -0.002510 0.001928 0.005722
v -0.002974 0.001928 0.005495
v -0.003418 0.001928 0.005231
v -0.003838 0.001928 0.004931
v -0.004232 0.001928 0.004597
v -0.004597 0.001928 0.004232
v -0.004931 0.001928 0.003838
v -0.005231 0.001928 0.003418
v -0.005495 0.001928 0.002974
v -0.005722 0.001928 0.002510
v -0.005910 0.001928 0.002029
v -0.006057 0.001928 0.001534
v -0.006163 0.001928 0.001028
v -0.006227 0.001928 0.000516
v -0.006248 0.001928 0.000000
v -0.006227 0.001928 -0.000516
v -0.006163 0.001928 -0.001028
v -0.006057 0.001928 -0.001534
v -0.005910 0.001928 -0.002029
v -0.005722 0.001928 -0.002510
v -0.005495 0.001928 -0.002974
v -0.005231 0.001928 -0.003418
v -0.004931 0.001928 -0.003838
v -0.004597 0.001928 -0.004232
v -0.004232 0.001928 -0.004597
v -0.003838 0.001928 -0.004931
v -0.003418 0.001928 -0.005231
v -0.002974 0.001928 -0.005495
v -0.002510 0.001928 -0.005722
v -0.002029 0.001928 -0.005910
v -0.001534 0.001928 -0.006057
v -0.001028 0.001928 -0.006163
v -0.000516 0.001928 -0.006227
v 0.000000 0.000762 -0.006248
v 0.000000 0.001928 -0.006248
v 0.000516 0.001928 -0.006227
v 0.001028 0.001928 -0.006163
v 0.001028 0.000762 -0.006163
v 0.000725 0.000762 -0.006206
v 0.001534 0.001928 -0.006057
v 0.001441 0.000762 -0.006080
v 0.002029 0.000762 -0.005910
v 0.002029 0.001928 -0.005910
v 0.002137 0.000762 -0.005872
v 0.002510 0.001928 -0.005722
v 0.002804 0.000762 -0.005584
v 0.002974 0.001928 -0.005495
v 0.002974 0.000762 -0.005495
v 0.003418 0.001928 -0.005231
v 0.003838 0.001928 -0.004931
v 0.003838 0.000762 -0.004931
v 0.003434 0.000762 -0.005220
v 0.004545 0.000762 -0.004288
v 0.004016 0.000762 -0.004787
v 0.004232 0.001928 -0.004597
v 0.004597 0.001928 -0.004232
v 0.004597 0.000762 -0.004232
v 0.004931 0.001928 -0.003838
v 0.005231 0.001928 -0.003418
v 0.005231 0.000762 -0.003418
v 0.005012 0.000762 -0.003731
v 0.005495 0.001928 -0.002974
v 0.005411 0.000762 -0.003124
v 0.005722 0.000762 -0.002510
v 0.005722 0.001928 -0.002510
v 0.005737 0.000762 -0.002475
v 0.005910 0.001928 -0.002029
v 0.006057 0.001928 -0.001534
v 0.006057 0.000762 -0.001534
v 0.005986 0.000762 -0.001792
v 0.006163 0.001928 -0.001028
v 0.006153 0.000762 -0.001085
v 0.006227 0.000762 -0.000516
v 0.006227 0.001928 -0.000516
v 0.006238 0.000762 -0.000363
v 0.006248 0.001928 0.000000
v 0.006238 0.000762 0.000363
v 0.006227 0.001928 0.000516
v 0.006227 0.000762 0.000516
v 0.006163 0.001928 0.001028
v 0.006057 0.001928 0.001534
v 0.006057 0.000762 0.001534
v 0.006153 0.000762 0.001085
v 0.005910 0.001928 0.002029
v 0.005986 0.000762 0.001792
v 0.005737 0.000762 0.002475
v 0.005722 0.001928 0.002510
v 0.005722 0.000762 0.002510
v 0.005495 0.001928 0.002974
v 0.005231 0.001928 0.003418
v 0.005231 0.000762 0.003418
v 0.005411 0.000762 0.003124
v 0.004931 0.001928 0.003838
v 0.005012 0.000762 0.003731
v 0.004597 0.000762 0.004232
v 0.004597 0.001928 0.004232
v 0.004545 0.000762 0.004288
v 0.004232 0.001928 0.004597
v 0.004016 0.000762 0.004787
v 0.003838 0.001928 0.004931
v 0.003838 0.000762 0.004931
v 0.003418 0.001928 0.005231
v 0.003434 0.000762 0.005220
v 0.002974 0.000762 0.005495
v 0.002974 0.001928 0.005495
v 0.002137 0.000762 0.005872
v 0.002804 0.000762 0.005584
v 0.002510 0.001928 0.005722
v 0.002029 0.001928 0.005910
v 0.002029 0.000762 0.005910
v 0.001534 0.001928 0.006057
v 0.001028 0.001928 0.006163
v 0.001028 0.000762 0.006163
v 0.001441 0.000762 0.006080
v 0.000516 0.001928 0.006227
v 0.000725 0.000762 0.006206
v 0.000000 0.000762 0.006248
v 0.000000 0.001928 0.006248
v -0.000516 0.001928 0.006227
v -0.001028 0.001928 0.006163
v -0.001028 0.000762 0.006163
v -0.000725 0.000762 0.006206
v -0.001534 0.001928 0.006057
v -0.001441 0.000762 0.006080
v -0.002029 0.000762 0.005910
v -0.002029 0.001928 0.005910
v -0.002137 0.000762 0.005872
v -0.002510 0.001928 0.005722
v -0.002804 0.000762 0.005584
v -0.002974 0.001928 0.005495
v -0.002974 0.000762 0.005495
v -0.003418 0.001928 0.005231
v -0.003838 0.001928 0.004931
v -0.003838 0.000762 0.004931
v -0.003434 0.000762 0.005220
v -0.004545 0.000762 0.004288
v -0.004016 0.000762 0.004787
v -0.004232 0.001928 0.004597
v -0.004597 0.001928 0.004232
v -0.004597 0.000762 0.004232
v -0.004931 0.001928 0.003838
v -0.005231 0.001928 0.003418
v -0.005231 0.000762 0.003418
v -0.005012 0.000762 0.003731
v -0.005495 0.001928 0.002974
v -0.005411 0.000762 0.003124
v -0.005722 0.000762 0.002510
v -0.005722 0.001928 0.002510
v -0.005737 0.000762 0.002475
v -0.005910 0.001928 0.002029
v -0.006057 0.001928 0.001534
v -0.006057 0.000762 0.001534
v -0.005986 0.000762 0.001792
v -0.006163 0.001928 0.001028
v -0.006153 0.000762 0.001085
v -0.006227 0.000762 0.000516
v -0.006227 0.001928 0.000516
v -0.006238 0.000762 0.000363
v -0.006248 0.001928 0.000000
v -0.006238 0.000762 -0.000363
v -0.006227 0.001928 -0.000516
v -0.006227 0.000762 -0.000516
v -0.006163 0.001928 -0.001028
v -0.006057 0.001928 -0.001534
v -0.006057 0.000762 -0.001534
v -0.006153 0.000762 -0.001085
v -0.005910 0.001928 -0.002029
v -0.005986 0.000762 -0.001792
v -0.005737 0.000762 -0.002475
v -0.005722 0.001928 -0.002510
v -0.005722 0.000762 -0.002510
v -0.005495 0.001928 -0.002974
v -0.005231 0.001928 -0.003418
v -0.005231 0.000762 -0.003418
v -0.005411 0.000762 -0.003124
v -0.004931 0.001928 -0.003838
v -0.005012 0.000762 -0.003731
v -0.004597 0.000762 -0.004232
v -0.004597 0.001928 -0.004232
v -0.004545 0.000762 -0.004288
v -0.004232 0.001928 -0.004597
v -0.004016 0.000762 -0.004787
v -0.003838 0.001928 -0.004931
v -0.003838 0.000762 -0.004931
v -0.003418 0.001928 -0.005231
v -0.003434 0.000762 -0.005220
v -0.002974 0.000762 -0.005495
v -0.002974 0.001928 -0.005495
v -0.002137 0.000762 -0.005872
v -0.002804 0.000762 -0.005584
v -0.002510 0.001928 -0.005722
v -0.002029 0.001928 -0.005910
v -0.002029 0.000762 -0.005910
v -0.001534 0.001928 -0.006057
v -0.001028 0.001928 -0.006163
v -0.001028 0.000762 -0.006163
v -0.001441 0.000762 -0.006080
v -0.000516 0.001928 -0.006227
v -0.000725 0.000762 -0.006206
v 0.000000 0.000527 -0.006211
v 0.000000 0.000762 -0.006248
v 0.000725 0.000762 -0.006206
v 0.001432 0.000527 -0.006044
v 0.000721 0.000527 -0.006169
v 0.001028 0.000762 -0.006163
v 0.001441 0.000762 -0.006080
v 0.002029 0.000762 -0.005910
v 0.002124 0.000527 -0.005837
v 0.002137 0.000762 -0.005872
v 0.002804 0.000762 -0.005584
v 0.003413 0.000527 -0.005189
v 0.002788 0.000527 -0.005550
v 0.002974 0.000762 -0.005495
v 0.003434 0.000762 -0.005220
v 0.003838 0.000762 -0.004931
v 0.003992 0.000527 -0.004758
v 0.004016 0.000762 -0.004787
v 0.004545 0.000762 -0.004288
v 0.004982 0.000527 -0.003709
v 0.004518 0.000527 -0.004262
v 0.004597 0.000762 -0.004232
v 0.005012 0.000762 -0.003731
v 0.005231 0.000762 -0.003418
v 0.005379 0.000527 -0.003106
v 0.005411 0.000762 -0.003124
v 0.005722 0.000762 -0.002510
v 0.005703 0.000527 -0.002460
v 0.005737 0.000762 -0.002475
v 0.005986 0.000762 -0.001792
v 0.006117 0.000527 -0.001079
v 0.005950 0.000527 -0.001781
v 0.006057 0.000762 -0.001534
v 0.006153 0.000762 -0.001085
v 0.006227 0.000762 -0.000516
v 0.006201 0.000527 -0.000361
v 0.006238 0.000762 -0.000363
v 0.006238 0.000762 0.000363
v 0.006117 0.000527 0.001079
v 0.006201 0.000527 0.000361
v 0.006227 0.000762 0.000516
v 0.006153 0.000762 0.001085
v 0.006057 0.000762 0.001534
v 0.005950 0.000527 0.001781
v 0.005986 0.000762 0.001792
v 0.005737 0.000762 0.002475
v 0.005379 0.000527 0.003106
v 0.005703 0.000527 0.002460
v 0.005722 0.000762 0.002510
v 0.004982 0.000527 0.003709
v 0.005231 0.000762 0.003418
v 0.005411 0.000762 0.003124
v 0.005012 0.000762 0.003731
v 0.004597 0.000762 0.004232
v 0.004518 0.000527 0.004262
v 0.004545 0.000762 0.004288
v 0.004016 0.000762 0.004787
v 0.003413 0.000527 0.005189
v 0.003992 0.000527 0.004758
v 0.003838 0.000762 0.004931
v 0.003434 0.000762 0.005220
v 0.002974 0.000762 0.005495
v 0.002788 0.000527 0.005550
v 0.002804 0.000762 0.005584
v 0.002137 0.000762 0.005872
v 0.001432 0.000527 0.006044
v 0.002124 0.000527 0.005837
v 0.002029 0.000762 0.005910
v 0.001441 0.000762 0.006080
v 0.001028 0.000762 0.006163
v 0.000721 0.000527 0.006169
v 0.000725 0.000762 0.006206
v 0.000000 0.000762 0.006248
v 0.000000 0.000527 0.006211
v -0.000725 0.000762 0.006206
v -0.001432 0.000527 0.006044
v -0.000721 0.000527 0.006169
v -0.001028 0.000762 0.006163
v -0.001441 0.000762 0.006080
v -0.002029 0.000762 0.005910
v -0.002124 0.000527 0.005837
v -0.002137 0.000762 0.005872
v -0.002804 0.000762 0.005584
v -0.003413 0.000527 0.005189
v -0.002788 0.000527 0.005550
v -0.002974 0.000762 0.005495
v -0.003434 0.000762 0.005220
v -0.003838 0.000762 0.004931
v -0.003992 0.000527 0.004758
v -0.004016 0.000762 0.004787
v -0.004545 0.000762 0.004288
v -0.004982 0.000527 0.003709
v -0.004518 0.000527 0.004262
v -0.004597 0.000762 0.004232
v -0.005012 0.000762 0.003731
v -0.005231 0.000762 0.003418
v -0.005379 0.000527 0.003106
v -0.005411 0.000762 0.003124
v -0.005722 0.000762 0.002510
v -0.005703 0.000527 0.002460
v -0.005737 0.000762 0.002475
v -0.005986 0.000762 0.001792
v -0.006117 0.000527 0.001079
v -0.005950 0.000527 0.001781
v -0.006057 0.000762 0.001534
v -0.006153 0.000762 0.001085
v -0.006227 0.000762 0.000516
v -0.006201 0.000527 0.000361
v -0.006238 0.000762 0.000363
v -0.006238 0.000762 -0.000363
v -0.006117 0.000527 -0.001079
v -0.006201 0.000527 -0.000361
v -0.006227 0.000762 -0.000516
v -0.006153 0.000762 -0.001085
v -0.006057 0.000762 -0.001534
v -0.005950 0.000527 -0.001781
v -0.005986 0.000762 -0.001792
v -0.005737 0.000762 -0.002475
v -0.005379 0.000527 -0.003106
v -0.005703 0.000527 -0.002460
v -0.005722 0.000762 -0.002510
v -0.004982 0.000527 -0.003709
v -0.005231 0.000762 -0.003418
v -0.005411 0.000762 -0.003124
v -0.005012 0.000762 -0.003731
v -0.004597 0.000762 -0.004232
v -0.004518 0.000527 -0.004262
v -0.004545 0.000762 -0.004288
v -0.004016 0.000762 -0.004787
v -0.003413 0.000527 -0.005189
v -0.003992 0.000527 -0.004758
v -0.003838 0.000762 -0.004931
v -0.003434 0.000762 -0.005220
v -0.002974 0.000762 -0.005495
v -0.002788 0.000527 -0.005550
v -0.002804 0.000762 -0.005584
v -0.002137 0.000762 -0.005872
v -0.001432 0.000527 -0.006044
v -0.002124 0.000527 -0.005837
v -0.002029 0.000762 -0.005910
v -0.001441 0.000762 -0.006080
v -0.001028 0.000762 -0.006163
v -0.000721 0.000527 -0.006169
v -0.000725 0.000762 -0.006206
v 0.000000 0.000314 -0.006103
v 0.000709 0.000314 -0.006062
v 0.001407 0.000314 -0.005938
v 0.002087 0.000314 -0.005735
v 0.002739 0.000314 -0.005454
v 0.003354 0.000314 -0.005099
v 0.003923 0.000314 -0.004675
v 0.004439 0.000314 -0.004188
v 0.004895 0.000314 -0.003644
v 0.005285 0.000314 -0.003051
v 0.005604 0.000314 -0.002417
v 0.005846 0.000314 -0.001750
v 0.006010 0.000314 -0.001060
v 0.006093 0.000314 -0.000355
v 0.006093 0.000314 0.000355
v 0.006010 0.000314 0.001060
v 0.005846 0.000314 0.001750
v 0.005604 0.000314 0.002417
v 0.005285 0.000314 0.003051
v 0.004895 0.000314 0.003644
v 0.004439 0.000314 0.004188
v 0.003923 0.000314 0.004675
v 0.003354 0.000314 0.005099
v 0.002739 0.000314 0.005454
v 0.002087 0.000314 0.005735
v 0.001407 0.000314 0.005938
v 0.000709 0.000314 0.006062
v 0.000000 0.000314 0.006103
v -0.000709 0.000314 0.006062
v -0.001407 0.000314 0.005938
v -0.002087 0.000314 0.005735
v -0.002739 0.000314 0.005454
v -0.003354 0.000314 0.005099
v -0.003923 0.000314 0.004675
v -0.004439 0.000314 0.004188
v -0.004895 0.000314 0.003644
v -0.005285 0.000314 0.003051
v -0.005604 0.000314 0.002417
v -0.005846 0.000314 0.001750
v -0.006010 0.000314 0.001060
v -0.006093 0.000314 0.000355
v -0.006093 0.000314 -0.000355
v -0.006010 0.000314 -0.001060
v -0.005846 0.000314 -0.001750
v -0.005604 0.000314 -0.002417
v -0.005285 0.000314 -0.003051
v -0.004895 0.000314 -0.003644
v -0.004439 0.000314 -0.004188
v -0.003923 0.000314 -0.004675
v -0.003354 0.000314 -0.005099
v -0.002739 0.000314 -0.005454
v -0.002087 0.000314 -0.005735
v -0.001407 0.000314 -0.005938
v -0.000709 0.000314 -0.006062
v 0.000000 0.000146 -0.005934
v 0.000689 0.000146 -0.005894
v 0.001369 0.000146 -0.005774
v 0.002030 0.000146 -0.005576
v 0.002663 0.000146 -0.005303
v 0.003261 0.000146 -0.004958
v 0.003814 0.000146 -0.004546
v 0.004316 0.000146 -0.004072
v 0.004760 0.000146 -0.003544
v 0.005139 0.000146 -0.002967
v 0.005449 0.000146 -0.002350
v 0.005685 0.000146 -0.001702
v 0.005844 0.000146 -0.001030
v 0.005924 0.000146 -0.000345
v 0.005924 0.000146 0.000345
v 0.005844 0.000146 0.001030
v 0.005685 0.000146 0.001702
v 0.005449 0.000146 0.002350
v 0.005139 0.000146 0.002967
v 0.004760 0.000146 0.003544
v 0.004316 0.000146 0.004072
v 0.003814 0.000146 0.004546
v 0.003261 0.000146 0.004958
v 0.002663 0.000146 0.005303
v 0.002030 0.000146 0.005576
v 0.001369 0.000146 0.005774
v 0.000689 0.000146 0.005894
v 0.000000 0.000146 0.005934
v -0.000689 0.000146 0.005894
v -0.001369 0.000146 0.005774
v -0.002030 0.000146 0.005576
v -0.002663 0.000146 0.005303
v -0.003261 0.000146 0.004958
v -0.003814 0.000146 0.004546
v -0.004316 0.000146 0.004072
v -0.004760 0.000146 0.003544
v -0.005139 0.000146 0.002967
v -0.005449 0.000146 0.002350
v -0.005685 0.000146 0.001702
v -0.005844 0.000146 0.001030
v -0.005924 0.000146 0.000345
v -0.005924 0.000146 -0.000345
v -0.005844 0.000146 -0.001030
v -0.005685 0.000146 -0.001702
v -0.005449 0.000146 -0.002350
v -0.005139 0.000146 -0.002967
v -0.004760 0.000146 -0.003544
v -0.004316 0.000146 -0.004072
v -0.003814 0.000146 -0.004546
v -0.003261 0.000146 -0.004958
v -0.002663 0.000146 -0.005303
v -0.002030 0.000146 -0.005576
v -0.001369 0.000146 -0.005774
v -0.000689 0.000146 -0.005894
v 0.000000 0.000037 -0.005722
v 0.000664 0.000037 -0.005683
v 0.001320 0.000037 -0.005568
v 0.001957 0.000037 -0.005377
v 0.002568 0.000037 -0.005113
v 0.003144 0.000037 -0.004781
v 0.003678 0.000037 -0.004383
v 0.004162 0.000037 -0.003927
v 0.004590 0.000037 -0.003417
v 0.004955 0.000037 -0.002861
v 0.005254 0.000037 -0.002266
v 0.005481 0.000037 -0.001641
v 0.005635 0.000037 -0.000994
v 0.005712 0.000037 -0.000333
v 0.005712 0.000037 0.000333
v 0.005635 0.000037 0.000994
v 0.005481 0.000037 0.001641
v 0.005254 0.000037 0.002266
v 0.004955 0.000037 0.002861
v 0.004590 0.000037 0.003417
v 0.004162 0.000037 0.003927
v 0.003678 0.000037 0.004383
v 0.003144 0.000037 0.004781
v 0.002568 0.000037 0.005113
v 0.001957 0.000037 0.005377
v 0.001320 0.000037 0.005568
v 0.000664 0.000037 0.005683
v 0.000000 0.000037 0.005722
v -0.000664 0.000037 0.005683
v -0.001320 0.000037 0.005568
v -0.001957 0.000037 0.005377
v -0.002568 0.000037 0.005113
v -0.003144 0.000037 0.004781
v -0.003678 0.000037 0.004383
v -0.004162 0.000037 0.003927
v -0.004590 0.000037 0.003417
v -0.004955 0.000037 0.002861
v -0.005254 0.000037 0.002266
v -0.005481 0.000037 0.001641
v -0.005635 0.000037 0.000994
v -0.005712 0.000037 0.000333
v -0.005712 0.000037 -0.000333
v -0.005635 0.000037 -0.000994
v -0.005481 0.000037 -0.001641
v -0.005254 0.000037 -0.002266
v -0.004955 0.000037 -0.002861
v -0.004590 0.000037 -0.003417
v -0.004162 0.000037 -0.003927
v -0.003678 0.000037 -0.004383
v -0.003144 0.000037 -0.004781
v -0.002568 0.000037 -0.005113
v -0.001957 0.000037 -0.005377
v -0.001320 0.000037 -0.005568
v -0.000664 0.000037 -0.005683
v 0.000000 0.000000 -0.005486
v 0.000637 0.000000 -0.005449
v 0.001265 0.000000 -0.005339
v 0.001876 0.000000 -0.005156
v 0.002462 0.000000 -0.004903
v 0.003015 0.000000 -0.004584
v 0.003527 0.000000 -0.004203
v 0.003991 0.000000 -0.003765
v 0.004401 0.000000 -0.003276
v 0.004751 0.000000 -0.002743
v 0.005038 0.000000 -0.002173
v 0.005256 0.000000 -0.001574
v 0.005403 0.000000 -0.000953
v 0.005477 0.000000 -0.000319
v 0.005477 0.000000 0.000319
v 0.005403 0.000000 0.000953
v 0.005256 0.000000 0.001574
v 0.005038 0.000000 0.002173
v 0.004751 0.000000 0.002743
v 0.004401 0.000000 0.003276
v 0.003991 0.000000 0.003765
v 0.003527 0.000000 0.004203
v 0.003015 0.000000 0.004584
v 0.002462 0.000000 0.004903
v 0.001876 0.000000 0.005156
v 0.001265 0.000000 0.005339
v 0.000637 0.000000 0.005449
v 0.000000 0.000000 0.005486
v -0.000637 0.000000 0.005449
v -0.001265 0.000000 0.005339
v -0.001876 0.000000 0.005156
v -0.002462 0.000000 0.004903
v -0.003015 0.000000 0.004584
v -0.003527 0.000000 0.004203
v -0.003991 0.000000 0.003765
v -0.004401 0.000000 0.003276
v -0.004751 0.000000 0.002743
v -0.005038 0.000000 0.002173
v -0.005256 0.000000 0.001574
v -0.005403 0.000000 0.000953
v -0.005477 0.000000 0.000319
v -0.005477 0.000000 -0.000319
v -0.005403 0.000000 -0.000953
v -0.005256 0.000000 -0.001574
v -0.005038 0.000000 -0.002173
v -0.004751 0.000000 -0.002743
v -0.004401 0.000000 -0.003276
v -0.003991 0.000000 -0.003765
v -0.003527 0.000000 -0.004203
v -0.003015 0.000000 -0.004584
v -0.002462 0.000000 -0.004903
v -0.001876 0.000000 -0.005156
v -0.001265 0.000000 -0.005339
v -0.000637 0.000000 -0.005449
v -0.003015 0.000000 0.004584
v -0.003527 0.000000 0.004203
v -0.002041 0.000000 0.002432
v -0.003991 0.000000 0.003765
v -0.004401 0.000000 0.003276
v -0.002547 0.000000 0.001896
v -0.004401 0.000000 -0.003276
v -0.003991 0.000000 -0.003765
v -0.002309 0.000000 -0.002179
v -0.003527 0.000000 -0.004203
v -0.003015 0.000000 -0.004584
v -0.001745 0.000000 -0.002653
v -0.001425 0.000000 0.002837
v -0.002462 0.000000 0.004903
v -0.004751 0.000000 0.002743
v -0.005038 0.000000 0.002173
v -0.002915 0.000000 0.001258
v -0.005038 0.000000 -0.002173
v -0.004751 0.000000 -0.002743
v -0.002750 0.000000 -0.001588
v 0.001265 0.000000 -0.005339
v 0.001876 0.000000 -0.005156
v 0.001086 0.000000 -0.002984
v 0.002462 0.000000 -0.004903
v 0.001745 0.000000 -0.002653
v 0.003527 0.000000 -0.004203
v 0.003991 0.000000 -0.003765
v 0.002309 0.000000 -0.002179
v 0.004401 0.000000 -0.003276
v 0.002750 0.000000 -0.001588
v 0.005038 0.000000 -0.002173
v 0.003042 0.000000 -0.000911
v 0.005403 0.000000 -0.000953
v 0.005477 0.000000 -0.000319
v 0.003170 0.000000 -0.000185
v 0.005477 0.000000 0.000319
v 0.005403 0.000000 0.000953
v 0.003127 0.000000 0.000551
v 0.005256 0.000000 0.001574
v 0.002915 0.000000 0.001258
v -0.005256 0.000000 0.001574
v -0.005403 0.000000 0.000953
v -0.003127 0.000000 0.000551
v -0.005477 0.000000 0.000319
v -0.005477 0.000000 -0.000319
v -0.003170 0.000000 -0.000185
v -0.005403 0.000000 -0.000953
v -0.005256 0.000000 -0.001574
v -0.003042 0.000000 -0.000911
v -0.002462 0.000000 -0.004903
v -0.001876 0.000000 -0.005156
v -0.001086 0.000000 -0.002984
v -0.001265 0.000000 -0.005339
v -0.000637 0.000000 -0.005449
v -0.000369 0.000000 -0.003154
v 0.000000 0.000000 -0.005486
v 0.000369 0.000000 -0.003154
v 0.000637 0.000000 -0.005449
v 0.003015 0.000000 -0.004584
v 0.004751 0.000000 -0.002743
v 0.005256 0.000000 -0.001574
v 0.003991 0.000000 0.003765
v 0.003527 0.000000 0.004203
v 0.002041 0.000000 0.002432
v 0.003015 0.000000 0.004584
v 0.002462 0.000000 0.004903
v 0.001425 0.000000 0.002837
v 0.001876 0.000000 0.005156
v 0.001265 0.000000 0.005339
v 0.000732 0.000000 0.003089
v 0.000637 0.000000 0.005449
v 0.000000 0.000000 0.005486
v 0.000000 0.000000 0.003175
v -0.000637 0.000000 0.005449
v -0.001265 0.000000 0.005339
v -0.000732 0.000000 0.003089
v -0.001876 0.000000 0.005156
v 0.005038 0.000000 0.002173
v 0.004751 0.000000 0.002743
v 0.002547 0.000000 0.001896
v 0.004401 0.000000 0.003276
v 0.000000 0.000000 0.003175
v 0.000000 -0.025400 0.003175
v 0.000732 -0.025400 0.003089
v 0.000732 0.000000 0.003089
v 0.001425 -0.025400 0.002837
v 0.001425 0.000000 0.002837
v 0.002041 -0.025400 0.002432
v 0.002041 0.000000 0.002432
v 0.002547 -0.025400 0.001896
v 0.002547 0.000000 0.001896
v 0.002915 -0.025400 0.001258
v 0.002915 0.000000 0.001258
v 0.003127 -0.025400 0.000551
v 0.003127 0.000000 0.000551
v 0.003170 -0.025400 -0.000185
v 0.003170 0.000000 -0.000185
v 0.003042 -0.025400 -0.000911
v 0.003042 0.000000 -0.000911
v 0.002750 -0.025400 -0.001588
v 0.002750 0.000000 -0.001588
v 0.002309 -0.025400 -0.002179
v 0.002309 0.000000 -0.002179
v 0.001745 -0.025400 -0.002653
v 0.001745 0.000000 -0.002653
v 0.001086 -0.025400 -0.002984
v 0.001086 0.000000 -0.002984
v 0.000369 -0.025400 -0.003154
v -0.000369 0.000000 -0.003154
v 0.000369 0.000000 -0.003154
v 0.000000 -0.025400 -0.003175
v -0.000369 -0.025400 -0.003154
v -0.001086 -0.025400 -0.002984
v -0.001086 0.000000 -0.002984
v -0.001745 -0.025400 -0.002653
v -0.001745 0.000000 -0.002653
v -0.002309 -0.025400 -0.002179
v -0.002309 0.000000 -0.002179
v -0.002750 -0.025400 -0.001588
v -0.002750 0.000000 -0.001588
v -0.003042 -0.025400 -0.000911
v -0.003042 0.000000 -0.000911
v -0.003170 -0.025400 -0.000185
v -0.003170 0.000000 -0.000185
v -0.003127 -0.025400 0.000551
v -0.003127 0.000000 0.000551
v -0.002915 -0.025400 0.001258
v -0.002915 0.000000 0.001258
v -0.002547 -0.025400 0.001896
v -0.002547 0.000000 0.001896
v -0.002041 -0.025400 0.002432
v -0.002041 0.000000 0.002432
v -0.001425 -0.025400 0.002837
v -0.001425 0.000000 0.002837
v -0.000732 -0.025400 0.003089
v -0.000732 0.000000 0.003089
v 0.000000 -0.025400 0.000000
v 0.000369 -0.025400 -0.003154
v 0.001086 -0.025400 -0.002984
v 0.001745 -0.025400 -0.002653
v 0.002309 -0.025400 -0.002179
v 0.002750 -0.025400 -0.001588
v 0.003042 -0.025400 -0.000911
v 0.003170 -0.025400 -0.000185
v 0.003127 -0.025400 0.000551
v 0.002915 -0.025400 0.001258
v 0.002547 -0.025400 0.001896
v 0.002041 -0.025400 0.002432
v 0.001425 -0.025400 0.002837
v 0.000732 -0.025400 0.003089
v 0.000000 -0.025400 0.003175
v -0.000732 -0.025400 0.003089
v -0.001425 -0.025400 0.002837
v -0.002041 -0.025400 0.002432
v -0.002547 -0.025400 0.001896
v -0.002915 -0.025400 0.001258
v -0.003127 -0.025400 0.000551
v -0.003170 -0.025400 -0.000185
v -0.003042 -0.025400 -0.000911
v -0.002750 -0.025400 -0.001588
v -0.002309 -0.025400 -0.002179
v -0.001745 -0.025400 -0.002653
v -0.001086 -0.025400 -0.002984
v -0.000369 -0.025400 -0.003154
v 0.000000 -0.025400 -0.003175
vn -0.182 0.983 0.000
vn -0.091 0.996 0.000
vn -0.091 0.996 -0.011
vn -0.180 0.983 -0.022
vn -0.089 0.996 -0.022
vn -0.176 0.983 -0.043
vn -0.085 0.996 -0.032
vn -0.170 0.983 -0.064
vn -0.081 0.996 -0.042
vn -0.161 0.983 -0.084
vn -0.075 0.996 -0.052
vn -0.150 0.983 -0.103
vn -0.068 0.996 -0.061
vn -0.136 0.983 -0.121
vn -0.061 0.996 -0.068
vn -0.121 0.983 -0.136
vn -0.052 0.996 -0.075
vn -0.103 0.983 -0.150
vn -0.042 0.996 -0.081
vn -0.084 0.983 -0.161
vn -0.032 0.996 -0.085
vn -0.064 0.983 -0.170
vn -0.022 0.996 -0.089
vn -0.043 0.983 -0.176
vn -0.011 0.996 -0.091
vn -0.022 0.983 -0.180
vn 0.000 0.996 -0.091
vn 0.000 0.983 -0.182
vn 0.011 0.996 -0.091
vn 0.022 0.983 -0.180
vn 0.022 0.996 -0.089
vn 0.043 0.983 -0.176
vn 0.032 0.996 -0.085
vn 0.064 0.983 -0.170
vn 0.042 0.996 -0.081
vn 0.084 0.983 -0.161
vn 0.052 0.996 -0.075
vn 0.103 0.983 -0.150
vn 0.061 0.996 -0.068
vn 0.121 0.983 -0.136
vn 0.068 0.996 -0.061
vn 0.136 0.983 -0.121
vn 0.075 0.996 -0.052
vn 0.150 0.983 -0.103
vn 0.081 0.996 -0.042
vn 0.161 0.983 -0.084
vn 0.085 0.996 -0.032
vn 0.170 0.983 -0.064
vn 0.089 0.996 -0.022
vn 0.176 0.983 -0.043
vn 0.091 0.996 -0.011
vn 0.180 0.983 -0.022
vn 0.091 0.996 0.000
vn 0.182 0.983 0.000
vn 0.091 0.996 0.011
vn 0.180 0.983 0.022
vn 0.089 0.996 0.022
vn 0.176 0.983 0.043
vn 0.085 0.996 0.032
vn 0.170 0.983 0.064
vn 0.081 0.996 0.042
vn 0.161 0.983 0.084
vn 0.075 0.996 0.052
vn 0.150 0.983 0.103
vn 0.068 0.996 0.061
vn 0.136 0.983 0.121
vn 0.061 0.996 0.068
vn 0.121 0.983 0.136
vn 0.052 0.996 0.075
vn 0.103 0.983 0.150
vn 0.042 0.996 0.081
vn 0.084 0.983 0.161
vn 0.032 0.996 0.085
vn 0.064 0.983 0.170
vn 0.022 0.996 0.089
vn 0.043 0.983 0.176
vn 0.011 0.996 0.091
vn 0.022 0.983 0.180
vn 0.000 0.996 0.091
vn 0.000 0.983 0.182
vn -0.011 0.996 0.091
vn -0.022 0.983 0.180
vn -0.022 0.996 0.089
vn -0.043 0.983 0.176
vn -0.032 0.996 0.085
vn -0.064 0.983 0.170
vn -0.042 0.996 0.081
vn -0.084 0.983 0.161
vn -0.052 0.996 0.075
vn -0.103 0.983 0.150
vn -0.061 0.996 0.068
vn -0.121 0.983 0.136
vn -0.068 0.996 0.061
vn -0.136 0.983 0.121
vn -0.075 0.996 0.052
vn -0.150 0.983 0.103
vn -0.081 0.996 0.042
vn -0.161 0.983 0.084
vn -0.085 0.996 0.032
vn -0.170 0.983 0.064
vn -0.089 0.996 0.022
vn -0.176 0.983 0.043
vn -0.091 0.996 0.011
vn -0.180 0.983 0.022
vn -0.271 0.963 0.000
vn -0.269 0.963 -0.033
vn -0.263 0.963 -0.065
vn -0.253 0.963 -0.096
vn -0.240 0.963 -0.126
vn -0.223 0.963 -0.154
vn -0.203 0.963 -0.180
vn -0.180 0.963 -0.203
vn -0.154 0.963 -0.223
vn -0.126 0.963 -0.240
vn -0.096 0.963 -0.253
vn -0.065 0.963 -0.263
vn -0.033 0.963 -0.269
vn 0.000 0.963 -0.271
vn 0.033 0.963 -0.269
vn 0.065 0.963 -0.263
vn 0.096 0.963 -0.253
vn 0.126 0.963 -0.240
vn 0.154 0.963 -0.223
vn 0.180 0.963 -0.203
vn 0.203 0.963 -0.180
vn 0.223 0.963 -0.154
vn 0.240 0.963 -0.126
vn 0.253 0.963 -0.096
vn 0.263 0.963 -0.065
vn 0.269 0.963 -0.033
vn 0.271 0.963 0.000
vn 0.269 0.963 0.033
vn 0.263 0.963 0.065
vn 0.253 0.963 0.096
vn 0.240 0.963 0.126
vn 0.223 0.963 0.154
vn 0.203 0.963 0.180
vn 0.180 0.963 0.203
vn 0.154 0.963 0.223
vn 0.126 0.963 0.240
vn 0.096 0.963 0.253
vn 0.065 0.963 0.263
vn 0.033 0.963 0.269
vn 0.000 0.963 0.271
vn -0.033 0.963 0.269
vn -0.065 0.963 0.263
vn -0.096 0.963 0.253
vn -0.126 0.963 0.240
vn -0.154 0.963 0.223
vn -0.180 0.963 0.203
vn -0.203 0.963 0.180
vn -0.223 0.963 0.154
vn -0.240 0.963 0.126
vn -0.253 0.963 0.096
vn -0.263 0.963 0.065
vn -0.269 0.963 0.033
vn -0.357 0.934 0.000
vn -0.355 0.934 -0.043
vn -0.347 0.934 -0.086
vn -0.334 0.934 -0.127
vn -0.316 0.934 -0.166
vn -0.294 0.934 -0.203
vn -0.268 0.934 -0.237
vn -0.237 0.934 -0.268
vn -0.203 0.934 -0.294
vn -0.166 0.934 -0.316
vn -0.127 0.934 -0.334
vn -0.086 0.934 -0.347
vn -0.043 0.934 -0.355
vn 0.000 0.934 -0.357
vn 0.043 0.934 -0.355
vn 0.086 0.934 -0.347
vn 0.127 0.934 -0.334
vn 0.166 0.934 -0.316
vn 0.203 0.934 -0.294
vn 0.237 0.934 -0.268
vn 0.268 0.934 -0.237
vn 0.294 0.934 -0.203
vn 0.316 0.934 -0.166
vn 0.334 0.934 -0.127
vn 0.347 0.934 -0.086
vn 0.355 0.934 -0.043
vn 0.357 0.934 0.000
vn 0.355 0.934 0.043
vn 0.347 0.934 0.086
vn 0.334 0.934 0.127
vn 0.316 0.934 0.166
vn 0.294 0.934 0.203
vn 0.268 0.934 0.237
vn 0.237 0.934 0.268
vn 0.203 0.934 0.294
vn 0.166 0.934 0.316
vn 0.127 0.934 0.334
vn 0.086 0.934 0.347
vn 0.043 0.934 0.355
vn 0.000 0.934 0.357
vn -0.043 0.934 0.355
vn -0.086 0.934 0.347
vn -0.127 0.934 0.334
vn -0.166 0.934 0.316
vn -0.203 0.934 0.294
vn -0.237 0.934 0.268
vn -0.268 0.934 0.237
vn -0.294 0.934 0.203
vn -0.316 0.934 0.166
vn -0.334 0.934 0.127
vn -0.347 0.934 0.086
vn -0.355 0.934 0.043
vn -0.441 0.897 0.000
vn -0.438 0.897 -0.053
vn -0.428 0.897 -0.106
vn -0.412 0.897 -0.156
vn -0.391 0.897 -0.205
vn -0.363 0.897 -0.251
vn -0.330 0.897 -0.293
vn -0.293 0.897 -0.330
vn -0.251 0.897 -0.363
vn -0.205 0.897 -0.391
vn -0.156 0.897 -0.412
vn -0.106 0.897 -0.428
vn -0.053 0.897 -0.438
vn 0.000 0.897 -0.441
vn 0.053 0.897 -0.438
vn 0.106 0.897 -0.428
vn 0.156 0.897 -0.412
vn 0.205 0.897 -0.391
vn 0.251 0.897 -0.363
vn 0.293 0.897 -0.330
vn 0.330 0.897 -0.293
vn 0.363 0.897 -0.251
vn 0.391 0.897 -0.205
vn 0.412 0.897 -0.156
vn 0.428 0.897 -0.106
vn 0.438 0.897 -0.053
vn 0.441 0.897 0.000
vn 0.438 0.897 0.053
vn 0.428 0.897 0.106
vn 0.412 0.897 0.156
vn 0.391 0.897 0.205
vn 0.363 0.897 0.251
vn 0.330 0.897 0.293
vn 0.293 0.897 0.330
vn 0.251 0.897 0.363
vn 0.205 0.897 0.391
vn 0.156 0.897 0.412
vn 0.106 0.897 0.428
vn 0.053 0.897 0.438
vn 0.000 0.897 0.441
vn -0.053 0.897 0.438
vn -0.106 0.897 0.428
vn -0.156 0.897 0.412
vn -0.205 0.897 0.391
vn -0.251 0.897 0.363
vn -0.293 0.897 0.330
vn -0.330 0.897 0.293
vn -0.363 0.897 0.251
vn -0.391 0.897 0.205
vn -0.412 0.897 0.156
vn -0.428 0.897 0.106
vn -0.438 0.897 0.053
vn -0.521 0.853 0.000
vn -0.517 0.853 -0.063
vn -0.506 0.853 -0.125
vn -0.487 0.853 -0.185
vn -0.461 0.853 -0.242
vn -0.429 0.853 -0.296
vn -0.390 0.853 -0.346
vn -0.346 0.853 -0.390
vn -0.296 0.853 -0.429
vn -0.242 0.853 -0.461
vn -0.185 0.853 -0.487
vn -0.125 0.853 -0.506
vn -0.063 0.853 -0.517
vn 0.000 0.853 -0.521
vn 0.063 0.853 -0.517
vn 0.125 0.853 -0.506
vn 0.185 0.853 -0.487
vn 0.242 0.853 -0.461
vn 0.296 0.853 -0.429
vn 0.346 0.853 -0.390
vn 0.390 0.853 -0.346
vn 0.429 0.853 -0.296
vn 0.461 0.853 -0.242
vn 0.487 0.853 -0.185
vn 0.506 0.853 -0.125
vn 0.517 0.853 -0.063
vn 0.521 0.853 0.000
vn 0.517 0.853 0.063
vn 0.506 0.853 0.125
vn 0.487 0.853 0.185
vn 0.461 0.853 0.242
vn 0.429 0.853 0.296
vn 0.390 0.853 0.346
vn 0.346 0.853 0.390
vn 0.296 0.853 0.429
vn 0.242 0.853 0.461
vn 0.185 0.853 0.487
vn 0.125 0.853 0.506
vn 0.063 0.853 0.517
vn 0.000 0.853 0.521
vn -0.063 0.853 0.517
vn -0.125 0.853 0.506
vn -0.185 0.853 0.487
vn -0.242 0.853 0.461
vn -0.296 0.853 0.429
vn -0.346 0.853 0.390
vn -0.390 0.853 0.346
vn -0.429 0.853 0.296
vn -0.461 0.853 0.242
vn -0.487 0.853 0.185
vn -0.506 0.853 0.125
vn -0.517 0.853 0.063
vn -0.595 0.802 -0.049
vn -0.579 0.802 -0.147
vn -0.589 0.802 -0.098
vn -0.565 0.802 -0.194
vn -0.525 0.802 -0.284
vn -0.547 0.802 -0.240
vn -0.500 0.802 -0.326
vn -0.439 0.802 -0.404
vn -0.471 0.802 -0.367
vn -0.404 0.802 -0.439
vn -0.367 0.802 -0.471
vn -0.326 0.802 -0.500
vn -0.284 0.802 -0.525
vn -0.240 0.802 -0.547
vn -0.194 0.802 -0.565
vn -0.147 0.802 -0.579
vn -0.098 0.802 -0.589
vn -0.049 0.802 -0.595
vn 0.000 0.802 -0.597
vn 0.049 0.802 -0.595
vn 0.147 0.802 -0.579
vn 0.098 0.802 -0.589
vn 0.194 0.802 -0.565
vn 0.284 0.802 -0.525
vn 0.240 0.802 -0.547
vn 0.326 0.802 -0.500
vn 0.404 0.802 -0.439
vn 0.367 0.802 -0.471
vn 0.439 0.802 -0.404
vn 0.471 0.802 -0.367
vn 0.500 0.802 -0.326
vn 0.525 0.802 -0.284
vn 0.547 0.802 -0.240
vn 0.565 0.802 -0.194
vn 0.579 0.802 -0.147
vn 0.589 0.802 -0.098
vn 0.595 0.802 -0.049
vn 0.597 0.802 0.000
vn 0.595 0.802 0.049
vn 0.579 0.802 0.147
vn 0.589 0.802 0.098
vn 0.565 0.802 0.194
vn 0.525 0.802 0.284
vn 0.547 0.802 0.240
vn 0.500 0.802 0.326
vn 0.439 0.802 0.404
vn 0.471 0.802 0.367
vn 0.404 0.802 0.439
vn 0.367 0.802 0.471
vn 0.326 0.802 0.500
vn 0.284 0.802 0.525
vn 0.240 0.802 0.547
vn 0.194 0.802 0.565
vn 0.147 0.802 0.579
vn 0.098 0.802 0.589
vn 0.049 0.802 0.595
vn 0.000 0.802 0.597
vn -0.049 0.802 0.595
vn -0.147 0.802 0.579
vn -0.098 0.802 0.589
vn -0.194 0.802 0.565
vn -0.284 0.802 0.525
vn -0.240 0.802 0.547
vn -0.326 0.802 0.500
vn -0.404 0.802 0.439
vn -0.367 0.802 0.471
vn -0.439 0.802 0.404
vn -0.471 0.802 0.367
vn -0.500 0.802 0.326
vn -0.525 0.802 0.284
vn -0.547 0.802 0.240
vn -0.565 0.802 0.194
vn -0.579 0.802 0.147
vn -0.589 0.802 0.098
vn -0.595 0.802 0.049
vn -0.597 0.802 0.000
vn 0.000 1.000 0.000
vn 0.000 1.000 0.000
vn 0.000 1.000 0.000
vn 0.000 1.000 0.000
vn 0.000 1.000 0.000
vn 0.000 1.000 0.000
vn 0.000 1.000 0.000
vn 0.000 1.000 0.000
vn 0.000 1.000 0.000
vn 0.000 1.000 0.000
vn 0.000 1.000 0.000
vn 0.000 1.000 0.000
vn 0.000 1.000 0.000
vn 0.000 1.000 0.000
vn 0.000 1.000 0.000
vn 0.000 1.000 0.000
vn 0.000 1.000 0.000
vn 0.000 1.000 0.000
vn 0.000 1.000 0.000
vn 0.000 1.000 0.000
vn 0.000 1.000 0.000
vn 0.000 1.000 0.000
vn 0.000 1.000 0.000
vn 0.000 1.000 0.000
vn 0.000 1.000 0.000
vn 0.000 1.000 0.000
vn 0.000 1.000 0.000
vn 0.000 1.000 0.000
vn 0.000 1.000 0.000
vn 0.000 1.000 0.000
vn 0.000 1.000 0.000
vn 0.000 1.000 0.000
vn 0.000 1.000 0.000
vn 0.000 1.000 0.000
vn 0.000 1.000 0.000
vn 0.000 1.000 0.000
vn 0.000 1.000 0.000
vn 0.000 1.000 0.000
vn 0.000 1.000 0.000
vn 0.000 1.000 0.000
vn 0.000 1.000 0.000
vn 0.000 1.000 0.000
vn 0.000 1.000 0.000
vn 0.000 1.000 0.000
vn 0.000 1.000 0.000
vn 0.000 1.000 0.000
vn 0.000 1.000 0.000
vn 0.000 1.000 0.000
vn 0.000 1.000 0.000
vn 0.000 1.000 0.000
vn 0.000 1.000 0.000
vn 0.000 1.000 0.000
vn 0.000 0.635 -0.773
vn 0.000 0.832 -0.555
vn 0.046 0.832 -0.553
vn 0.064 0.635 -0.770
vn 0.091 0.832 -0.547
vn 0.127 0.635 -0.762
vn 0.136 0.832 -0.538
vn 0.190 0.635 -0.749
vn 0.180 0.832 -0.525
vn 0.251 0.635 -0.731
vn 0.223 0.832 -0.508
vn 0.310 0.635 -0.707
vn 0.264 0.832 -0.488
vn 0.368 0.635 -0.679
vn 0.303 0.832 -0.464
vn 0.423 0.635 -0.647
vn 0.341 0.832 -0.438
vn 0.475 0.635 -0.610
vn 0.376 0.832 -0.408
vn 0.523 0.635 -0.568
vn 0.408 0.832 -0.376
vn 0.568 0.635 -0.523
vn 0.438 0.832 -0.341
vn 0.610 0.635 -0.475
vn 0.464 0.832 -0.303
vn 0.647 0.635 -0.423
vn 0.488 0.832 -0.264
vn 0.679 0.635 -0.368
vn 0.508 0.832 -0.223
vn 0.707 0.635 -0.310
vn 0.525 0.832 -0.180
vn 0.731 0.635 -0.251
vn 0.538 0.832 -0.136
vn 0.749 0.635 -0.190
vn 0.547 0.832 -0.091
vn 0.762 0.635 -0.127
vn 0.553 0.832 -0.046
vn 0.770 0.635 -0.064
vn 0.555 0.832 0.000
vn 0.773 0.635 0.000
vn 0.553 0.832 0.046
vn 0.770 0.635 0.064
vn 0.547 0.832 0.091
vn 0.762 0.635 0.127
vn 0.538 0.832 0.136
vn 0.749 0.635 0.190
vn 0.525 0.832 0.180
vn 0.731 0.635 0.251
vn 0.508 0.832 0.223
vn 0.707 0.635 0.310
vn 0.488 0.832 0.264
vn 0.679 0.635 0.368
vn 0.464 0.832 0.303
vn 0.647 0.635 0.423
vn 0.438 0.832 0.341
vn 0.610 0.635 0.475
vn 0.408 0.832 0.376
vn 0.568 0.635 0.523
vn 0.376 0.832 0.408
vn 0.523 0.635 0.568
vn 0.341 0.832 0.438
vn 0.475 0.635 0.610
vn 0.303 0.832 0.464
vn 0.423 0.635 0.647
vn 0.264 0.832 0.488
vn 0.368 0.635 0.679
vn 0.223 0.832 0.508
vn 0.310 0.635 0.707
vn 0.180 0.832 0.525
vn 0.251 0.635 0.731
vn 0.136 0.832 0.538
vn 0.190 0.635 0.749
vn 0.091 0.832 0.547
vn 0.127 0.635 0.762
vn 0.046 0.832 0.553
vn 0.064 0.635 0.770
vn 0.000 0.832 0.555
vn 0.000 0.635 0.773
vn -0.046 0.832 0.553
vn -0.064 0.635 0.770
vn -0.091 0.832 0.547
vn -0.127 0.635 0.762
vn -0.136 0.832 0.538
vn -0.190 0.635 0.749
vn -0.180 0.832 0.525
vn -0.251 0.635 0.731
vn -0.223 0.832 0.508
vn -0.310 0.635 0.707
vn -0.264 0.832 0.488
vn -0.368 0.635 0.679
vn -0.303 0.832 0.464
vn -0.423 0.635 0.647
vn -0.341 0.832 0.438
vn -0.475 0.635 0.610
vn -0.376 0.832 0.408
vn -0.523 0.635 0.568
vn -0.408 0.832 0.376
vn -0.568 0.635 0.523
vn -0.438 0.832 0.341
vn -0.610 0.635 0.475
vn -0.464 0.832 0.303
vn -0.647 0.635 0.423
vn -0.488 0.832 0.264
vn -0.679 0.635 0.368
vn -0.508 0.832 0.223
vn -0.707 0.635 0.310
vn -0.525 0.832 0.180
vn -0.731 0.635 0.251
vn -0.538 0.832 0.136
vn -0.749 0.635 0.190
vn -0.547 0.832 0.091
vn -0.762 0.635 0.127
vn -0.553 0.832 0.046
vn -0.770 0.635 0.064
vn -0.555 0.832 0.000
vn -0.773 0.635 0.000
vn -0.553 0.832 -0.046
vn -0.770 0.635 -0.064
vn -0.547 0.832 -0.091
vn -0.762 0.635 -0.127
vn -0.538 0.832 -0.136
vn -0.749 0.635 -0.190
vn -0.525 0.832 -0.180
vn -0.731 0.635 -0.251
vn -0.508 0.832 -0.223
vn -0.707 0.635 -0.310
vn -0.488 0.832 -0.264
vn -0.679 0.635 -0.368
vn -0.464 0.832 -0.303
vn -0.647 0.635 -0.423
vn -0.438 0.832 -0.341
vn -0.610 0.635 -0.475
vn -0.408 0.832 -0.376
vn -0.568 0.635 -0.523
vn -0.376 0.832 -0.408
vn -0.523 0.635 -0.568
vn -0.341 0.832 -0.438
vn -0.475 0.635 -0.610
vn -0.303 0.832 -0.464
vn -0.423 0.635 -0.647
vn -0.264 0.832 -0.488
vn -0.368 0.635 -0.679
vn -0.223 0.832 -0.508
vn -0.310 0.635 -0.707
vn -0.180 0.832 -0.525
vn -0.251 0.635 -0.731
vn -0.136 0.832 -0.538
vn -0.190 0.635 -0.749
vn -0.091 0.832 -0.547
vn -0.127 0.635 -0.762
vn -0.046 0.832 -0.553
vn -0.064 0.635 -0.770
vn 0.000 0.383 -0.924
vn 0.076 0.383 -0.921
vn 0.152 0.383 -0.911
vn 0.227 0.383 -0.895
vn 0.300 0.383 -0.874
vn 0.371 0.383 -0.846
vn 0.440 0.383 -0.812
vn 0.505 0.383 -0.773
vn 0.567 0.383 -0.729
vn 0.626 0.383 -0.680
vn 0.680 0.383 -0.626
vn 0.729 0.383 -0.567
vn 0.773 0.383 -0.505
vn 0.812 0.383 -0.440
vn 0.846 0.383 -0.371
vn 0.874 0.383 -0.300
vn 0.895 0.383 -0.227
vn 0.911 0.383 -0.152
vn 0.921 0.383 -0.076
vn 0.924 0.383 0.000
vn 0.921 0.383 0.076
vn 0.911 0.383 0.152
vn 0.895 0.383 0.227
vn 0.874 0.383 0.300
vn 0.846 0.383 0.371
vn 0.812 0.383 0.440
vn 0.773 0.383 0.505
vn 0.729 0.383 0.567
vn 0.680 0.383 0.626
vn 0.626 0.383 0.680
vn 0.567 0.383 0.729
vn 0.505 0.383 0.773
vn 0.440 0.383 0.812
vn 0.371 0.383 0.846
vn 0.300 0.383 0.874
vn 0.227 0.383 0.895
vn 0.152 0.383 0.911
vn 0.076 0.383 0.921
vn 0.000 0.383 0.924
vn -0.076 0.383 0.921
vn -0.152 0.383 0.911
vn -0.227 0.383 0.895
vn -0.300 0.383 0.874
vn -0.371 0.383 0.846
vn -0.440 0.383 0.812
vn -0.505 0.383 0.773
vn -0.567 0.383 0.729
vn -0.626 0.383 0.680
vn -0.680 0.383 0.626
vn -0.729 0.383 0.567
vn -0.773 0.383 0.505
vn -0.812 0.383 0.440
vn -0.846 0.383 0.371
vn -0.874 0.383 0.300
vn -0.895 0.383 0.227
vn -0.911 0.383 0.152
vn -0.921 0.383 0.076
vn -0.924 0.383 0.000
vn -0.921 0.383 -0.076
vn -0.911 0.383 -0.152
vn -0.895 0.383 -0.227
vn -0.874 0.383 -0.300
vn -0.846 0.383 -0.371
vn -0.812 0.383 -0.440
vn -0.773 0.383 -0.505
vn -0.729 0.383 -0.567
vn -0.680 0.383 -0.626
vn -0.626 0.383 -0.680
vn -0.567 0.383 -0.729
vn -0.505 0.383 -0.773
vn -0.440 0.383 -0.812
vn -0.371 0.383 -0.846
vn -0.300 0.383 -0.874
vn -0.227 0.383 -0.895
vn -0.152 0.383 -0.911
vn -0.076 0.383 -0.921
vn 0.000 0.098 -0.995
vn 0.082 0.098 -0.992
vn 0.164 0.098 -0.982
vn 0.244 0.098 -0.965
vn 0.323 0.098 -0.941
vn 0.400 0.098 -0.911
vn 0.474 0.098 -0.875
vn 0.544 0.098 -0.833
vn 0.611 0.098 -0.785
vn 0.674 0.098 -0.732
vn 0.732 0.098 -0.674
vn 0.785 0.098 -0.611
vn 0.833 0.098 -0.544
vn 0.875 0.098 -0.474
vn 0.911 0.098 -0.400
vn 0.941 0.098 -0.323
vn 0.965 0.098 -0.244
vn 0.982 0.098 -0.164
vn 0.992 0.098 -0.082
vn 0.995 0.098 0.000
vn 0.992 0.098 0.082
vn 0.982 0.098 0.164
vn 0.965 0.098 0.244
vn 0.941 0.098 0.323
vn 0.911 0.098 0.400
vn 0.875 0.098 0.474
vn 0.833 0.098 0.544
vn 0.785 0.098 0.611
vn 0.732 0.098 0.674
vn 0.674 0.098 0.732
vn 0.611 0.098 0.785
vn 0.544 0.098 0.833
vn 0.474 0.098 0.875
vn 0.400 0.098 0.911
vn 0.323 0.098 0.941
vn 0.244 0.098 0.965
vn 0.164 0.098 0.982
vn 0.082 0.098 0.992
vn 0.000 0.098 0.995
vn -0.082 0.098 0.992
vn -0.164 0.098 0.982
vn -0.244 0.098 0.965
vn -0.323 0.098 0.941
vn -0.400 0.098 0.911
vn -0.474 0.098 0.875
vn -0.544 0.098 0.833
vn -0.611 0.098 0.785
vn -0.674 0.098 0.732
vn -0.732 0.098 0.674
vn -0.785 0.098 0.611
vn -0.833 0.098 0.544
vn -0.875 0.098 0.474
vn -0.911 0.098 0.400
vn -0.941 0.098 0.323
vn -0.965 0.098 0.244
vn -0.982 0.098 0.164
vn -0.992 0.098 0.082
vn -0.995 0.098 0.000
vn -0.992 0.098 -0.082
vn -0.982 0.098 -0.164
vn -0.965 0.098 -0.244
vn -0.941 0.098 -0.323
vn -0.911 0.098 -0.400
vn -0.875 0.098 -0.474
vn -0.833 0.098 -0.544
vn -0.785 0.098 -0.611
vn -0.732 0.098 -0.674
vn -0.674 0.098 -0.732
vn -0.611 0.098 -0.785
vn -0.544 0.098 -0.833
vn -0.474 0.098 -0.875
vn -0.400 0.098 -0.911
vn -0.323 0.098 -0.941
vn -0.244 0.098 -0.965
vn -0.164 0.098 -0.982
vn -0.082 0.098 -0.992
vn 0.000 0.000 -1.000
vn 0.000 0.000 -1.000
vn 0.083 0.000 -0.997
vn 0.165 0.000 -0.986
vn 0.165 0.000 -0.986
vn 0.116 0.000 -0.993
vn 0.245 0.000 -0.969
vn 0.231 0.000 -0.973
vn 0.325 0.000 -0.946
vn 0.325 0.000 -0.946
vn 0.342 0.000 -0.940
vn 0.402 0.000 -0.916
vn 0.449 0.000 -0.894
vn 0.476 0.000 -0.879
vn 0.476 0.000 -0.879
vn 0.547 0.000 -0.837
vn 0.614 0.000 -0.789
vn 0.614 0.000 -0.789
vn 0.550 0.000 -0.835
vn 0.727 0.000 -0.686
vn 0.643 0.000 -0.766
vn 0.677 0.000 -0.736
vn 0.736 0.000 -0.677
vn 0.736 0.000 -0.677
vn 0.789 0.000 -0.614
vn 0.837 0.000 -0.547
vn 0.837 0.000 -0.547
vn 0.802 0.000 -0.597
vn 0.879 0.000 -0.476
vn 0.866 0.000 -0.500
vn 0.916 0.000 -0.402
vn 0.916 0.000 -0.402
vn 0.918 0.000 -0.396
vn 0.946 0.000 -0.325
vn 0.969 0.000 -0.245
vn 0.969 0.000 -0.245
vn 0.958 0.000 -0.287
vn 0.986 0.000 -0.165
vn 0.985 0.000 -0.174
vn 0.997 0.000 -0.083
vn 0.997 0.000 -0.083
vn 0.998 0.000 -0.058
vn 1.000 0.000 0.000
vn 0.998 0.000 0.058
vn 0.997 0.000 0.083
vn 0.997 0.000 0.083
vn 0.986 0.000 0.165
vn 0.969 0.000 0.245
vn 0.969 0.000 0.245
vn 0.985 0.000 0.174
vn 0.946 0.000 0.325
vn 0.958 0.000 0.287
vn 0.918 0.000 0.396
vn 0.916 0.000 0.402
vn 0.916 0.000 0.402
vn 0.879 0.000 0.476
vn 0.837 0.000 0.547
vn 0.837 0.000 0.547
vn 0.866 0.000 0.500
vn 0.789 0.000 0.614
vn 0.802 0.000 0.597
vn 0.736 0.000 0.677
vn 0.736 0.000 0.677
vn 0.727 0.000 0.686
vn 0.677 0.000 0.736
vn 0.643 0.000 0.766
vn 0.614 0.000 0.789
vn 0.614 0.000 0.789
vn 0.547 0.000 0.837
vn 0.550 0.000 0.835
vn 0.476 0.000 0.879
vn 0.476 0.000 0.879
vn 0.342 0.000 0.940
vn 0.449 0.000 0.894
vn 0.402 0.000 0.916
vn 0.325 0.000 0.946
vn 0.325 0.000 0.946
vn 0.245 0.000 0.969
vn 0.165 0.000 0.986
vn 0.165 0.000 0.986
vn 0.231 0.000 0.973
vn 0.083 0.000 0.997
vn 0.116 0.000 0.993
vn 0.000 0.000 1.000
vn 0.000 0.000 1.000
vn -0.083 0.000 0.997
vn -0.165 0.000 0.986
vn -0.165 0.000 0.986
vn -0.116 0.000 0.993
vn -0.245 0.000 0.969
vn -0.231 0.000 0.973
vn -0.325 0.000 0.946
vn -0.325 0.000 0.946
vn -0.342 0.000 0.940
vn -0.402 0.000 0.916
vn -0.449 0.000 0.894
vn -0.476 0.000 0.879
vn -0.476 0.000 0.879
vn -0.547 0.000 0.837
vn -0.614 0.000 0.789
vn -0.614 0.000 0.789
vn -0.550 0.000 0.835
vn -0.727 0.000 0.686
vn -0.643 0.000 0.766
vn -0.677 0.000 0.736
vn -0.736 0.000 0.677
vn -0.736 0.000 0.677
vn -0.789 0.000 0.614
vn -0.837 0.000 0.547
vn -0.837 0.000 0.547
vn -0.802 0.000 0.597
vn -0.879 0.000 0.476
vn -0.866 0.000 0.500
vn -0.916 0.000 0.402
vn -0.916 0.000 0.402
vn -0.918 0.000 0.396
vn -0.946 0.000 0.325
vn -0.969 0.000 0.245
vn -0.969 0.000 0.245
vn -0.958 0.000 0.287
vn -0.986 0.000 0.165
vn -0.985 0.000 0.174
vn -0.997 0.000 0.083
vn -0.997 0.000 0.083
vn -0.998 0.000 0.058
vn -1.000 0.000 0.000
vn -0.998 0.000 -0.058
vn -0.997 0.000 -0.083
vn -0.997 0.000 -0.083
vn -0.986 0.000 -0.165
vn -0.969 0.000 -0.245
vn -0.969 0.000 -0.245
vn -0.985 0.000 -0.174
vn -0.946 0.000 -0.325
vn -0.958 0.000 -0.287
vn -0.918 0.000 -0.396
vn -0.916 0.000 -0.402
vn -0.916 0.000 -0.402
vn -0.879 0.000 -0.476
vn -0.837 0.000 -0.547
vn -0.837 0.000 -0.547
vn -0.866 0.000 -0.500
vn -0.789 0.000 -0.614
vn -0.802 0.000 -0.597
vn -0.736 0.000 -0.677
vn -0.736 0.000 -0.677
vn -0.727 0.000 -0.686
vn -0.677 0.000 -0.736
vn -0.643 0.000 -0.766
vn -0.614 0.000 -0.789
vn -0.614 0.000 -0.789
vn -0.547 0.000 -0.837
vn -0.550 0.000 -0.835
vn -0.476 0.000 -0.879
vn -0.476 0.000 -0.879
vn -0.342 0.000 -0.940
vn -0.449 0.000 -0.894
vn -0.402 0.000 -0.916
vn -0.325 0.000 -0.946
vn -0.325 0.000 -0.946
vn -0.245 0.000 -0.969
vn -0.165 0.000 -0.986
vn -0.165 0.000 -0.986
vn -0.231 0.000 -0.973
vn -0.083 0.000 -0.997
vn -0.116 0.000 -0.993
vn 0.000 -0.309 -0.951
vn 0.000 0.000 -1.000
vn 0.116 0.000 -0.993
vn 0.219 -0.309 -0.925
vn 0.110 -0.309 -0.945
vn 0.165 0.000 -0.986
vn 0.231 0.000 -0.973
vn 0.325 0.000 -0.946
vn 0.325 -0.309 -0.894
vn 0.342 0.000 -0.940
vn 0.449 0.000 -0.894
vn 0.523 -0.309 -0.795
vn 0.427 -0.309 -0.850
vn 0.476 0.000 -0.879
vn 0.550 0.000 -0.835
vn 0.614 0.000 -0.789
vn 0.611 -0.309 -0.729
vn 0.643 0.000 -0.766
vn 0.727 0.000 -0.686
vn 0.763 -0.309 -0.568
vn 0.692 -0.309 -0.653
vn 0.736 0.000 -0.677
vn 0.802 0.000 -0.597
vn 0.837 0.000 -0.547
vn 0.824 -0.309 -0.476
vn 0.866 0.000 -0.500
vn 0.916 0.000 -0.402
vn 0.873 -0.309 -0.377
vn 0.918 0.000 -0.396
vn 0.958 0.000 -0.287
vn 0.937 -0.309 -0.165
vn 0.911 -0.309 -0.273
vn 0.969 0.000 -0.245
vn 0.985 0.000 -0.174
vn 0.997 0.000 -0.083
vn 0.949 -0.309 -0.055
vn 0.998 0.000 -0.058
vn 0.998 0.000 0.058
vn 0.937 -0.309 0.165
vn 0.949 -0.309 0.055
vn 0.997 0.000 0.083
vn 0.985 0.000 0.174
vn 0.969 0.000 0.245
vn 0.911 -0.309 0.273
vn 0.958 0.000 0.287
vn 0.918 0.000 0.396
vn 0.824 -0.309 0.476
vn 0.873 -0.309 0.377
vn 0.916 0.000 0.402
vn 0.763 -0.309 0.568
vn 0.837 0.000 0.547
vn 0.866 0.000 0.500
vn 0.802 0.000 0.597
vn 0.736 0.000 0.677
vn 0.692 -0.309 0.653
vn 0.727 0.000 0.686
vn 0.643 0.000 0.766
vn 0.523 -0.309 0.795
vn 0.611 -0.309 0.729
vn 0.614 0.000 0.789
vn 0.550 0.000 0.835
vn 0.476 0.000 0.879
vn 0.427 -0.309 0.850
vn 0.449 0.000 0.894
vn 0.342 0.000 0.940
vn 0.219 -0.309 0.925
vn 0.325 -0.309 0.894
vn 0.325 0.000 0.946
vn 0.231 0.000 0.973
vn 0.165 0.000 0.986
vn 0.110 -0.309 0.945
vn 0.116 0.000 0.993
vn 0.000 0.000 1.000
vn 0.000 -0.309 0.951
vn -0.116 0.000 0.993
vn -0.219 -0.309 0.925
vn -0.110 -0.309 0.945
vn -0.165 0.000 0.986
vn -0.231 0.000 0.973
vn -0.325 0.000 0.946
vn -0.325 -0.309 0.894
vn -0.342 0.000 0.940
vn -0.449 0.000 0.894
vn -0.523 -0.309 0.795
vn -0.427 -0.309 0.850
vn -0.476 0.000 0.879
vn -0.550 0.000 0.835
vn -0.614 0.000 0.789
vn -0.611 -0.309 0.729
vn -0.643 0.000 0.766
vn -0.727 0.000 0.686
vn -0.763 -0.309 0.568
vn -0.692 -0.309 0.653
vn -0.736 0.000 0.677
vn -0.802 0.000 0.597
vn -0.837 0.000 0.547
vn -0.824 -0.309 0.476
vn -0.866 0.000 0.500
vn -0.916 0.000 0.402
vn -0.873 -0.309 0.377
vn -0.918 0.000 0.396
vn -0.958 0.000 0.287
vn -0.937 -0.309 0.165
vn -0.911 -0.309 0.273
vn -0.969 0.000 0.245
vn -0.985 0.000 0.174
vn -0.997 0.000 0.083
vn -0.949 -0.309 0.055
vn -0.998 0.000 0.058
vn -0.998 0.000 -0.058
vn -0.937 -0.309 -0.165
vn -0.949 -0.309 -0.055
vn -0.997 0.000 -0.083
vn -0.985 0.000 -0.174
vn -0.969 0.000 -0.245
vn -0.911 -0.309 -0.273
vn -0.958 0.000 -0.287
vn -0.918 0.000 -0.396
vn -0.824 -0.309 -0.476
vn -0.873 -0.309 -0.377
vn -0.916 0.000 -0.402
vn -0.763 -0.309 -0.568
vn -0.837 0.000 -0.547
vn -0.866 0.000 -0.500
vn -0.802 0.000 -0.597
vn -0.736 0.000 -0.677
vn -0.692 -0.309 -0.653
vn -0.727 0.000 -0.686
vn -0.643 0.000 -0.766
vn -0.523 -0.309 -0.795
vn -0.611 -0.309 -0.729
vn -0.614 0.000 -0.789
vn -0.550 0.000 -0.835
vn -0.476 0.000 -0.879
vn -0.427 -0.309 -0.850
vn -0.449 0.000 -0.894
vn -0.342 0.000 -0.940
vn -0.219 -0.309 -0.925
vn -0.325 -0.309 -0.894
vn -0.325 0.000 -0.946
vn -0.231 0.000 -0.973
vn -0.165 0.000 -0.986
vn -0.110 -0.309 -0.945
vn -0.116 0.000 -0.993
vn 0.000 -0.588 -0.809
vn 0.094 -0.588 -0.804
vn 0.187 -0.588 -0.787
vn 0.277 -0.588 -0.760
vn 0.363 -0.588 -0.723
vn 0.445 -0.588 -0.676
vn 0.520 -0.588 -0.620
vn 0.588 -0.588 -0.555
vn 0.649 -0.588 -0.483
vn 0.701 -0.588 -0.405
vn 0.743 -0.588 -0.320
vn 0.775 -0.588 -0.232
vn 0.797 -0.588 -0.140
vn 0.808 -0.588 -0.047
vn 0.808 -0.588 0.047
vn 0.797 -0.588 0.140
vn 0.775 -0.588 0.232
vn 0.743 -0.588 0.320
vn 0.701 -0.588 0.405
vn 0.649 -0.588 0.483
vn 0.588 -0.588 0.555
vn 0.520 -0.588 0.620
vn 0.445 -0.588 0.676
vn 0.363 -0.588 0.723
vn 0.277 -0.588 0.760
vn 0.187 -0.588 0.787
vn 0.094 -0.588 0.804
vn 0.000 -0.588 0.809
vn -0.094 -0.588 0.804
vn -0.187 -0.588 0.787
vn -0.277 -0.588 0.760
vn -0.363 -0.588 0.723
vn -0.445 -0.588 0.676
vn -0.520 -0.588 0.620
vn -0.588 -0.588 0.555
vn -0.649 -0.588 0.483
vn -0.701 -0.588 0.405
vn -0.743 -0.588 0.320
vn -0.775 -0.588 0.232
vn -0.797 -0.588 0.140
vn -0.808 -0.588 0.047
vn -0.808 -0.588 -0.047
vn -0.797 -0.588 -0.140
vn -0.775 -0.588 -0.232
vn -0.743 -0.588 -0.320
vn -0.701 -0.588 -0.405
vn -0.649 -0.588 -0.483
vn -0.588 -0.588 -0.555
vn -0.520 -0.588 -0.620
vn -0.445 -0.588 -0.676
vn -0.363 -0.588 -0.723
vn -0.277 -0.588 -0.760
vn -0.187 -0.588 -0.787
vn -0.094 -0.588 -0.804
vn 0.000 -0.809 -0.588
vn 0.068 -0.809 -0.584
vn 0.136 -0.809 -0.572
vn 0.201 -0.809 -0.552
vn 0.264 -0.809 -0.525
vn 0.323 -0.809 -0.491
vn 0.378 -0.809 -0.450
vn 0.428 -0.809 -0.403
vn 0.471 -0.809 -0.351
vn 0.509 -0.809 -0.294
vn 0.540 -0.809 -0.233
vn 0.563 -0.809 -0.169
vn 0.579 -0.809 -0.102
vn 0.587 -0.809 -0.034
vn 0.587 -0.809 0.034
vn 0.579 -0.809 0.102
vn 0.563 -0.809 0.169
vn 0.540 -0.809 0.233
vn 0.509 -0.809 0.294
vn 0.471 -0.809 0.351
vn 0.428 -0.809 0.403
vn 0.378 -0.809 0.450
vn 0.323 -0.809 0.491
vn 0.264 -0.809 0.525
vn 0.201 -0.809 0.552
vn 0.136 -0.809 0.572
vn 0.068 -0.809 0.584
vn 0.000 -0.809 0.588
vn -0.068 -0.809 0.584
vn -0.136 -0.809 0.572
vn -0.201 -0.809 0.552
vn -0.264 -0.809 0.525
vn -0.323 -0.809 0.491
vn -0.378 -0.809 0.450
vn -0.428 -0.809 0.403
vn -0.471 -0.809 0.351
vn -0.509 -0.809 0.294
vn -0.540 -0.809 0.233
vn -0.563 -0.809 0.169
vn -0.579 -0.809 0.102
vn -0.587 -0.809 0.034
vn -0.587 -0.809 -0.034
vn -0.579 -0.809 -0.102
vn -0.563 -0.809 -0.169
vn -0.540 -0.809 -0.233
vn -0.509 -0.809 -0.294
vn -0.471 -0.809 -0.351
vn -0.428 -0.809 -0.403
vn -0.378 -0.809 -0.450
vn -0.323 -0.809 -0.491
vn -0.264 -0.809 -0.525
vn -0.201 -0.809 -0.552
vn -0.136 -0.809 -0.572
vn -0.068 -0.809 -0.584
vn 0.000 -0.951 -0.309
vn 0.036 -0.951 -0.307
vn 0.071 -0.951 -0.301
vn 0.106 -0.951 -0.290
vn 0.139 -0.951 -0.276
vn 0.170 -0.951 -0.258
vn 0.199 -0.951 -0.237
vn 0.225 -0.951 -0.212
vn 0.248 -0.951 -0.185
vn 0.268 -0.951 -0.155
vn 0.284 -0.951 -0.122
vn 0.296 -0.951 -0.089
vn 0.304 -0.951 -0.054
vn 0.308 -0.951 -0.018
vn 0.308 -0.951 0.018
vn 0.304 -0.951 0.054
vn 0.296 -0.951 0.089
vn 0.284 -0.951 0.122
vn 0.268 -0.951 0.155
vn 0.248 -0.951 0.185
vn 0.225 -0.951 0.212
vn 0.199 -0.951 0.237
vn 0.170 -0.951 0.258
vn 0.139 -0.951 0.276
vn 0.106 -0.951 0.290
vn 0.071 -0.951 0.301
vn 0.036 -0.951 0.307
vn 0.000 -0.951 0.309
vn -0.036 -0.951 0.307
vn -0.071 -0.951 0.301
vn -0.106 -0.951 0.290
vn -0.139 -0.951 0.276
vn -0.170 -0.951 0.258
vn -0.199 -0.951 0.237
vn -0.225 -0.951 0.212
vn -0.248 -0.951 0.185
vn -0.268 -0.951 0.155
vn -0.284 -0.951 0.122
vn -0.296 -0.951 0.089
vn -0.304 -0.951 0.054
vn -0.308 -0.951 0.018
vn -0.308 -0.951 -0.018
vn -0.304 -0.951 -0.054
vn -0.296 -0.951 -0.089
vn -0.284 -0.951 -0.122
vn -0.268 -0.951 -0.155
vn -0.248 -0.951 -0.185
vn -0.225 -0.951 -0.212
vn -0.199 -0.951 -0.237
vn -0.170 -0.951 -0.258
vn -0.139 -0.951 -0.276
vn -0.106 -0.951 -0.290
vn -0.071 -0.951 -0.301
vn -0.036 -0.951 -0.307
vn 0.000 -1.000 0.000
vn 0.000 -1.000 0.000
vn 0.000 -1.000 0.000
vn 0.000 -1.000 0.000
vn 0.000 -1.000 0.000
vn 0.000 -1.000 0.000
vn 0.000 -1.000 0.000
vn 0.000 -1.000 0.000
vn 0.000 -1.000 0.000
vn 0.000 -1.000 0.000
vn 0.000 -1.000 0.000
vn 0.000 -1.000 0.000
vn 0.000 -1.000 0.000
vn 0.000 -1.000 0.000
vn 0.000 -1.000 0.000
vn 0.000 -1.000 0.000
vn 0.000 -1.000 0.000
vn 0.000 -1.000 0.000
vn 0.000 -1.000 0.000
vn 0.000 -1.000 0.000
vn 0.000 -1.000 0.000
vn 0.000 -1.000 0.000
vn 0.000 -1.000 0.000
vn 0.000 -1.000 0.000
vn 0.000 -1.000 0.000
vn 0.000 -1.000 0.000
vn 0.000 -1.000 0.000
vn 0.000 -1.000 0.000
vn 0.000 -1.000 0.000
vn 0.000 -1.000 0.000
vn 0.000 -1.000 0.000
vn 0.000 -1.000 0.000
vn 0.000 -1.000 0.000
vn 0.000 -1.000 0.000
vn 0.000 -1.000 0.000
vn 0.000 -1.000 0.000
vn 0.000 -1.000 0.000
vn 0.000 -1.000 0.000
vn 0.000 -1.000 0.000
vn 0.000 -1.000 0.000
vn 0.000 -1.000 0.000
vn 0.000 -1.000 0.000
vn 0.000 -1.000 0.000
vn 0.000 -1.000 0.000
vn 0.000 -1.000 0.000
vn 0.000 -1.000 0.000
vn 0.000 -1.000 0.000
vn 0.000 -1.000 0.000
vn 0.000 -1.000 0.000
vn 0.000 -1.000 0.000
vn 0.000 -1.000 0.000
vn 0.000 -1.000 0.000
vn 0.000 -1.000 0.000
vn 0.000 -1.000 0.000
vn 0.000 -1.000 0.000
vn 0.000 -1.000 0.000
vn 0.000 -1.000 0.000
vn 0.000 -1.000 0.000
vn 0.000 -1.000 0.000
vn 0.000 -1.000 0.000
vn 0.000 -1.000 0.000
vn 0.000 -1.000 0.000
vn 0.000 -1.000 0.000
vn 0.000 -1.000 0.000
vn 0.000 -1.000 0.000
vn 0.000 -1.000 0.000
vn 0.000 -1.000 0.000
vn 0.000 -1.000 0.000
vn 0.000 -1.000 0.000
vn 0.000 -1.000 0.000
vn 0.000 -1.000 0.000
vn 0.000 -1.000 0.000
vn 0.000 -1.000 0.000
vn 0.000 -1.000 0.000
vn 0.000 -1.000 0.000
vn 0.000 -1.000 0.000
vn 0.000 -1.000 0.000
vn 0.000 -1.000 0.000
vn 0.000 -1.000 0.000
vn 0.000 -1.000 0.000
vn 0.000 -1.000 0.000
vn 0.000 -1.000 0.000
vn 0.000 -1.000 0.000
vn 0.000 -1.000 0.000
vn 0.000 -1.000 0.000
vn 0.000 -1.000 0.000
vn 0.000 -1.000 0.000
vn 0.000 -1.000 0.000
vn 0.000 -1.000 0.000
vn 0.000 -1.000 0.000
vn 0.000 -1.000 0.000
vn 0.000 -1.000 0.000
vn 0.000 -1.000 0.000
vn 0.000 -1.000 0.000
vn 0.000 -1.000 0.000
vn 0.000 -1.000 0.000
vn 0.000 -1.000 0.000
vn 0.000 -1.000 0.000
vn 0.000 -1.000 0.000
vn 0.000 -1.000 0.000
vn 0.000 -1.000 0.000
vn 0.000 -1.000 0.000
vn 0.000 -1.000 0.000
vn 0.000 -1.000 0.000
vn 0.000 -1.000 0.000
vn 0.000 -1.000 0.000
vn 0.000 -1.000 0.000
vn 0.000 -1.000 0.000
vn 0.000 -1.000 0.000
vn 0.000 -1.000 0.000
vn 0.000 -1.000 0.000
vn 0.000 -1.000 0.000
vn 0.000 -1.000 0.000
vn 0.000 -1.000 0.000
vn 0.000 -1.000 0.000
vn 0.000 -1.000 0.000
vn 0.000 -1.000 0.000
vn 0.000 -1.000 0.000
vn 0.000 -1.000 0.000
vn 0.000 -1.000 0.000
vn 0.000 -1.000 0.000
vn 0.000 -1.000 0.000
vn 0.000 -1.000 0.000
vn 0.000 -1.000 0.000
vn 0.000 -1.000 0.000
vn 0.000 -1.000 0.000
vn 0.000 -1.000 0.000
vn 0.000 -1.000 0.000
vn 0.000 -1.000 0.000
vn 0.000 -1.000 0.000
vn 0.000 -1.000 0.000
vn 0.000 -1.000 0.000
vn 0.000 -1.000 0.000
vn 0.000 -1.000 0.000
vn 0.000 -1.000 0.000
vn 0.000 0.000 1.000
vn 0.000 0.000 1.000
vn 0.231 0.000 0.973
vn 0.231 0.000 0.973
vn 0.449 0.000 0.894
vn 0.449 0.000 0.894
vn 0.643 0.000 0.766
vn 0.643 0.000 0.766
vn 0.802 0.000 0.597
vn 0.802 0.000 0.597
vn 0.918 0.000 0.396
vn 0.918 0.000 0.396
vn 0.985 0.000 0.174
vn 0.985 0.000 0.174
vn 0.998 0.000 -0.058
vn 0.998 0.000 -0.058
vn 0.958 0.000 -0.287
vn 0.958 0.000 -0.287
vn 0.866 0.000 -0.500
vn 0.866 0.000 -0.500
vn 0.727 0.000 -0.686
vn 0.727 0.000 -0.686
vn 0.550 0.000 -0.835
vn 0.550 0.000 -0.835
vn 0.342 0.000 -0.940
vn 0.342 0.000 -0.940
vn 0.116 0.000 -0.993
vn -0.116 0.000 -0.993
vn 0.116 0.000 -0.993
vn 0.000 0.000 -1.000
vn -0.116 0.000 -0.993
vn -0.342 0.000 -0.940
vn -0.342 0.000 -0.940
vn -0.550 0.000 -0.835
vn -0.550 0.000 -0.835
vn -0.727 0.000 -0.686
vn -0.727 0.000 -0.686
vn -0.866 0.000 -0.500
vn -0.866 0.000 -0.500
vn -0.958 0.000 -0.287
vn -0.958 0.000 -0.287
vn -0.998 0.000 -0.058
vn -0.998 0.000 -0.058
vn -0.985 0.000 0.174
vn -0.985 0.000 0.174
vn -0.918 0.000 0.396
vn -0.918 0.000 0.396
vn -0.802 0.000 0.597
vn -0.802 0.000 0.597
vn -0.643 0.000 0.766
vn -0.643 0.000 0.766
vn -0.449 0.000 0.894
vn -0.449 0.000 0.894
vn -0.231 0.000 0.973
vn -0.231 0.000 0.973
vn 0.000 -1.000 0.000
vn 0.000 -1.000 0.000
vn 0.000 -1.000 0.000
vn 0.000 -1.000 0.000
vn 0.000 -1.000 0.000
vn 0.000 -1.000 0.000
vn 0.000 -1.000 0.000
vn 0.000 -1.000 0.000
vn 0.000 -1.000 0.000
vn 0.000 -1.000 0.000
vn 0.000 -1.000 0.000
vn 0.000 -1.000 0.000
vn 0.000 -1.000 0.000
vn 0.000 -1.000 0.000
vn 0.000 -1.000 0.000
vn 0.000 -1.000 0.000
vn 0.000 -1.000 0.000
vn 0.000 -1.000 0.000
vn 0.000 -1.000 0.000
vn 0.000 -1.000 0.000
vn 0.000 -1.000 0.000
vn 0.000 -1.000 0.000
vn 0.000 -1.000 0.000
vn 0.000 -1.000 0.000
vn 0.000 -1.000 0.000
vn 0.000 -1.000 0.000
vn 0.000 -1.000 0.000
vn 0.000 -1.000 0.000
vn 0.000 -1.000 0.000
vt -31.4159 -1.3880 0
vt -31.4159 -1.4794 0
vt -31.2951 -1.4794 0
vt -31.2951 -1.3880 0
vt -31.1743 -1.4794 0
vt -31.1743 -1.3880 0
vt -31.0534 -1.4794 0
vt -31.0534 -1.3880 0
vt -30.9326 -1.4794 0
vt -30.9326 -1.3880 0
vt -30.8118 -1.4794 0
vt -30.8118 -1.3880 0
vt -30.6909 -1.4794 0
vt -30.6909 -1.3880 0
vt -30.5701 -1.4794 0
vt -30.5701 -1.3880 0
vt -30.4493 -1.4794 0
vt -30.4493 -1.3880 0
vt -30.3285 -1.4794 0
vt -30.3285 -1.3880 0
vt -30.2076 -1.4794 0
vt -30.2076 -1.3880 0
vt -30.0868 -1.4794 0
vt -30.0868 -1.3880 0
vt -29.9660 -1.4794 0
vt -29.9660 -1.3880 0
vt -29.8451 -1.4794 0
vt -29.8451 -1.3880 0
vt -29.7243 -1.4794 0
vt -29.7243 -1.3880 0
vt -29.6035 -1.4794 0
vt -29.6035 -1.3880 0
vt -29.4826 -1.4794 0
vt -29.4826 -1.3880 0
vt -29.3618 -1.4794 0
vt -29.3618 -1.3880 0
vt -29.2410 -1.4794 0
vt -29.2410 -1.3880 0
vt -29.1201 -1.4794 0
vt -29.1201 -1.3880 0
vt -28.9993 -1.4794 0
vt -28.9993 -1.3880 0
vt -28.8785 -1.4794 0
vt -28.8785 -1.3880 0
vt -28.7577 -1.4794 0
vt -28.7577 -1.3880 0
vt -28.6368 -1.4794 0
vt -28.6368 -1.3880 0
vt -28.5160 -1.4794 0
vt -28.5160 -1.3880 0
vt -28.3952 -1.4794 0
vt -28.3952 -1.3880 0
vt -28.2743 -1.4794 0
vt -28.2743 -1.3880 0
vt -28.1535 -1.4794 0
vt -28.1535 -1.3880 0
vt -28.0327 -1.4794 0
vt -28.0327 -1.3880 0
vt -27.9118 -1.4794 0
vt -27.9118 -1.3880 0
vt -27.7910 -1.4794 0
vt -27.7910 -1.3880 0
vt -27.6702 -1.4794 0
vt -27.6702 -1.3880 0
vt -27.5494 -1.4794 0
vt -27.5494 -1.3880 0
vt -27.4285 -1.4794 0
vt -27.4285 -1.3880 0
vt -27.3077 -1.4794 0
vt -27.3077 -1.3880 0
vt -27.1869 -1.4794 0
vt -27.1869 -1.3880 0
vt -27.0660 -1.4794 0
vt -27.0660 -1.3880 0
vt -26.9452 -1.4794 0
vt -26.9452 -1.3880 0
vt -26.8244 -1.4794 0
vt -26.8244 -1.3880 0
vt -26.7035 -1.4794 0
vt -26.7035 -1.3880 0
vt -26.5827 -1.4794 0
vt -26.5827 -1.3880 0
vt -26.4619 -1.4794 0
vt -26.4619 -1.3880 0
vt -26.3410 -1.4794 0
vt -26.3410 -1.3880 0
vt -26.2202 -1.4794 0
vt -26.2202 -1.3880 0
vt -26.0994 -1.4794 0
vt -26.0994 -1.3880 0
vt -25.9786 -1.4794 0
vt -25.9786 -1.3880 0
vt -25.8577 -1.4794 0
vt -25.8577 -1.3880 0
vt -25.7369 -1.4794 0
vt -25.7369 -1.3880 0
vt -25.6161 -1.4794 0
vt -25.6161 -1.3880 0
vt -25.4952 -1.4794 0
vt -25.4952 -1.3880 0
vt -25.3744 -1.4794 0
vt -25.3744 -1.3880 0
vt -25.2536 -1.4794 0
vt -25.2536 -1.3880 0
vt -25.1327 -1.2967 0
vt -25.0119 -1.2967 0
vt -24.8911 -1.2967 0
vt -24.7702 -1.2967 0
vt -24.6494 -1.2967 0
vt -24.5286 -1.2967 0
vt -24.4078 -1.2967 0
vt -24.2869 -1.2967 0
vt -24.1661 -1.2967 0
vt -24.0453 -1.2967 0
vt -23.9244 -1.2967 0
vt -23.8036 -1.2967 0
vt -23.6828 -1.2967 0
vt -23.5619 -1.2967 0
vt -23.4411 -1.2967 0
vt -23.3203 -1.2967 0
vt -23.1995 -1.2967 0
vt -23.0786 -1.2967 0
vt -22.9578 -1.2967 0
vt -22.8370 -1.2967 0
vt -22.7161 -1.2967 0
vt -22.5953 -1.2967 0
vt -22.4745 -1.2967 0
vt -22.3536 -1.2967 0
vt -22.2328 -1.2967 0
vt -22.1120 -1.2967 0
vt -21.9911 -1.2967 0
vt -21.8703 -1.2967 0
vt -21.7495 -1.2967 0
vt -21.6287 -1.2967 0
vt -21.5078 -1.2967 0
vt -21.3870 -1.2967 0
vt -21.2662 -1.2967 0
vt -21.1453 -1.2967 0
vt -21.0245 -1.2967 0
vt -20.9037 -1.2967 0
vt -20.7828 -1.2967 0
vt -20.6620 -1.2967 0
vt -20.5412 -1.2967 0
vt -20.4204 -1.2967 0
vt -20.2995 -1.2967 0
vt -20.1787 -1.2967 0
vt -20.0579 -1.2967 0
vt -19.9370 -1.2967 0
vt -19.8162 -1.2967 0
vt -19.6954 -1.2967 0
vt -19.5745 -1.2967 0
vt -19.4537 -1.2967 0
vt -19.3329 -1.2967 0
vt -19.2120 -1.2967 0
vt -19.0912 -1.2967 0
vt -18.9704 -1.2967 0
vt -18.8496 -1.2053 0
vt -18.7287 -1.2053 0
vt -18.6079 -1.2053 0
vt -18.4871 -1.2053 0
vt -18.3662 -1.2053 0
vt -18.2454 -1.2053 0
vt -18.1246 -1.2053 0
vt -18.0037 -1.2053 0
vt -17.8829 -1.2053 0
vt -17.7621 -1.2053 0
vt -17.6413 -1.2053 0
vt -17.5204 -1.2053 0
vt -17.3996 -1.2053 0
vt -17.2788 -1.2053 0
vt -17.1579 -1.2053 0
vt -17.0371 -1.2053 0
vt -16.9163 -1.2053 0
vt -16.7954 -1.2053 0
vt -16.6746 -1.2053 0
vt -16.5538 -1.2053 0
vt -16.4329 -1.2053 0
vt -16.3121 -1.2053 0
vt -16.1913 -1.2053 0
vt -16.0705 -1.2053 0
vt -15.9496 -1.2053 0
vt -15.8288 -1.2053 0
vt -15.7080 -1.2053 0
vt -15.5871 -1.2053 0
vt -15.4663 -1.2053 0
vt -15.3455 -1.2053 0
vt -15.2246 -1.2053 0
vt -15.1038 -1.2053 0
vt -14.9830 -1.2053 0
vt -14.8621 -1.2053 0
vt -14.7413 -1.2053 0
vt -14.6205 -1.2053 0
vt -14.4997 -1.2053 0
vt -14.3788 -1.2053 0
vt -14.2580 -1.2053 0
vt -14.1372 -1.2053 0
vt -14.0163 -1.2053 0
vt -13.8955 -1.2053 0
vt -13.7747 -1.2053 0
vt -13.6538 -1.2053 0
vt -13.5330 -1.2053 0
vt -13.4122 -1.2053 0
vt -13.2914 -1.2053 0
vt -13.1705 -1.2053 0
vt -13.0497 -1.2053 0
vt -12.9289 -1.2053 0
vt -12.8080 -1.2053 0
vt -12.6872 -1.2053 0
vt -12.5664 -1.1139 0
vt -12.4455 -1.1139 0
vt -12.3247 -1.1139 0
vt -12.2039 -1.1139 0
vt -12.0830 -1.1139 0
vt -11.9622 -1.1139 0
vt -11.8414 -1.1139 0
vt -11.7206 -1.1139 0
vt -11.5997 -1.1139 0
vt -11.4789 -1.1139 0
vt -11.3581 -1.1139 0
vt -11.2372 -1.1139 0
vt -11.1164 -1.1139 0
vt -10.9956 -1.1139 0
vt -10.8747 -1.1139 0
vt -10.7539 -1.1139 0
vt -10.6331 -1.1139 0
vt -10.5123 -1.1139 0
vt -10.3914 -1.1139 0
vt -10.2706 -1.1139 0
vt -10.1498 -1.1139 0
vt -10.0289 -1.1139 0
vt -9.9081 -1.1139 0
vt -9.7873 -1.1139 0
vt -9.6664 -1.1139 0
vt -9.5456 -1.1139 0
vt -9.4248 -1.1139 0
vt -9.3039 -1.1139 0
vt -9.1831 -1.1139 0
vt -9.0623 -1.1139 0
vt -8.9415 -1.1139 0
vt -8.8206 -1.1139 0
vt -8.6998 -1.1139 0
vt -8.5790 -1.1139 0
vt -8.4581 -1.1139 0
vt -8.3373 -1.1139 0
vt -8.2165 -1.1139 0
vt -8.0956 -1.1139 0
vt -7.9748 -1.1139 0
vt -7.8540 -1.1139 0
vt -7.7332 -1.1139 0
vt -7.6123 -1.1139 0
vt -7.4915 -1.1139 0
vt -7.3707 -1.1139 0
vt -7.2498 -1.1139 0
vt -7.1290 -1.1139 0
vt -7.0082 -1.1139 0
vt -6.8873 -1.1139 0
vt -6.7665 -1.1139 0
vt -6.6457 -1.1139 0
vt -6.5248 -1.1139 0
vt -6.4040 -1.1139 0
vt -6.2832 -1.0225 0
vt -6.1624 -1.0225 0
vt -6.0415 -1.0225 0
vt -5.9207 -1.0225 0
vt -5.7999 -1.0225 0
vt -5.6790 -1.0225 0
vt -5.5582 -1.0225 0
vt -5.4374 -1.0225 0
vt -5.3165 -1.0225 0
vt -5.1957 -1.0225 0
vt -5.0749 -1.0225 0
vt -4.9540 -1.0225 0
vt -4.8332 -1.0225 0
vt -4.7124 -1.0225 0
vt -4.5916 -1.0225 0
vt -4.4707 -1.0225 0
vt -4.3499 -1.0225 0
vt -4.2291 -1.0225 0
vt -4.1082 -1.0225 0
vt -3.9874 -1.0225 0
vt -3.8666 -1.0225 0
vt -3.7457 -1.0225 0
vt -3.6249 -1.0225 0
vt -3.5041 -1.0225 0
vt -3.3833 -1.0225 0
vt -3.2624 -1.0225 0
vt -3.1416 -1.0225 0
vt -3.0208 -1.0225 0
vt -2.8999 -1.0225 0
vt -2.7791 -1.0225 0
vt -2.6583 -1.0225 0
vt -2.5374 -1.0225 0
vt -2.4166 -1.0225 0
vt -2.2958 -1.0225 0
vt -2.1749 -1.0225 0
vt -2.0541 -1.0225 0
vt -1.9333 -1.0225 0
vt -1.8125 -1.0225 0
vt -1.6916 -1.0225 0
vt -1.5708 -1.0225 0
vt -1.4500 -1.0225 0
vt -1.3291 -1.0225 0
vt -1.2083 -1.0225 0
vt -1.0875 -1.0225 0
vt -0.9666 -1.0225 0
vt -0.8458 -1.0225 0
vt -0.7250 -1.0225 0
vt -0.6042 -1.0225 0
vt -0.4833 -1.0225 0
vt -0.3625 -1.0225 0
vt -0.2417 -1.0225 0
vt -0.1208 -1.0225 0
vt 0.0827 -0.9312 0
vt 0.2480 -0.9312 0
vt 0.1653 -0.9312 0
vt 0.3307 -0.9312 0
vt 0.4960 -0.9312 0
vt 0.4134 -0.9312 0
vt 0.5787 -0.9312 0
vt 0.7441 -0.9312 0
vt 0.6614 -0.9312 0
vt 0.8267 -0.9312 0
vt 0.9094 -0.9312 0
vt 0.9921 -0.9312 0
vt 1.0748 -0.9312 0
vt 1.1574 -0.9312 0
vt 1.2401 -0.9312 0
vt 1.3228 -0.9312 0
vt 1.4054 -0.9312 0
vt 1.4881 -0.9312 0
vt 1.5708 -0.9312 0
vt 1.6535 -0.9312 0
vt 1.8188 -0.9312 0
vt 1.7361 -0.9312 0
vt 1.9015 -0.9312 0
vt 2.0668 -0.9312 0
vt 1.9842 -0.9312 0
vt 2.1495 -0.9312 0
vt 2.3149 -0.9312 0
vt 2.2322 -0.9312 0
vt 2.3975 -0.9312 0
vt 2.4802 -0.9312 0
vt 2.5629 -0.9312 0
vt 2.6456 -0.9312 0
vt 2.7282 -0.9312 0
vt 2.8109 -0.9312 0
vt 2.8936 -0.9312 0
vt 2.9762 -0.9312 0
vt -3.2243 -0.9312 0
vt -3.1416 -0.9312 0
vt -3.0589 -0.9312 0
vt -2.8936 -0.9312 0
vt -2.9762 -0.9312 0
vt -2.8109 -0.9312 0
vt -2.6456 -0.9312 0
vt -2.7282 -0.9312 0
vt -2.5629 -0.9312 0
vt -2.3975 -0.9312 0
vt -2.4802 -0.9312 0
vt -2.3149 -0.9312 0
vt -2.2322 -0.9312 0
vt -2.1495 -0.9312 0
vt -2.0668 -0.9312 0
vt -1.9842 -0.9312 0
vt -1.9015 -0.9312 0
vt -1.8188 -0.9312 0
vt -1.7361 -0.9312 0
vt -1.6535 -0.9312 0
vt -1.5708 -0.9312 0
vt -1.4881 -0.9312 0
vt -1.3228 -0.9312 0
vt -1.4054 -0.9312 0
vt -1.2401 -0.9312 0
vt -1.0748 -0.9312 0
vt -1.1574 -0.9312 0
vt -0.9921 -0.9312 0
vt -0.8267 -0.9312 0
vt -0.9094 -0.9312 0
vt -0.7441 -0.9312 0
vt -0.6614 -0.9312 0
vt -0.5787 -0.9312 0
vt -0.4960 -0.9312 0
vt -0.4134 -0.9312 0
vt -0.3307 -0.9312 0
vt -0.2480 -0.9312 0
vt -0.1653 -0.9312 0
vt -0.0827 -0.9312 0
vt 0.0000 -0.9312 0
vt -25.2536 -1.5708 0
vt -25.3744 -1.5708 0
vt -25.4952 -1.5708 0
vt -25.6161 -1.5708 0
vt -25.7369 -1.5708 0
vt -25.8577 -1.5708 0
vt -25.9786 -1.5708 0
vt -26.0994 -1.5708 0
vt -26.2202 -1.5708 0
vt -26.3410 -1.5708 0
vt -26.4619 -1.5708 0
vt -26.5827 -1.5708 0
vt -26.7035 -1.5708 0
vt -26.8244 -1.5708 0
vt -26.9452 -1.5708 0
vt -27.0660 -1.5708 0
vt -27.1869 -1.5708 0
vt -27.3077 -1.5708 0
vt -27.4285 -1.5708 0
vt -27.5494 -1.5708 0
vt -27.6702 -1.5708 0
vt -27.7910 -1.5708 0
vt -27.9118 -1.5708 0
vt -28.0327 -1.5708 0
vt -28.1535 -1.5708 0
vt -28.2743 -1.5708 0
vt -28.3952 -1.5708 0
vt -28.5160 -1.5708 0
vt -28.6368 -1.5708 0
vt -28.7577 -1.5708 0
vt -28.8785 -1.5708 0
vt -28.9993 -1.5708 0
vt -29.1201 -1.5708 0
vt -29.2410 -1.5708 0
vt -29.3618 -1.5708 0
vt -29.4826 -1.5708 0
vt -29.6035 -1.5708 0
vt -29.7243 -1.5708 0
vt -29.8451 -1.5708 0
vt -29.9660 -1.5708 0
vt -30.0868 -1.5708 0
vt -30.2076 -1.5708 0
vt -30.3285 -1.5708 0
vt -30.4493 -1.5708 0
vt -30.5701 -1.5708 0
vt -30.6909 -1.5708 0
vt -30.8118 -1.5708 0
vt -30.9326 -1.5708 0
vt -31.0534 -1.5708 0
vt -31.1743 -1.5708 0
vt -31.2951 -1.5708 0
vt -31.4159 -1.5708 0
vt -18.8496 -0.6879 0
vt -18.8496 -0.9827 0
vt -18.7669 -0.9827 0
vt -18.7669 -0.6879 0
vt -18.6842 -0.9827 0
vt -18.6842 -0.6879 0
vt -18.6015 -0.9827 0
vt -18.6015 -0.6879 0
vt -18.5189 -0.9827 0
vt -18.5189 -0.6879 0
vt -18.4362 -0.9827 0
vt -18.4362 -0.6879 0
vt -18.3535 -0.9827 0
vt -18.3535 -0.6879 0
vt -18.2708 -0.9827 0
vt -18.2708 -0.6879 0
vt -18.1882 -0.9827 0
vt -18.1882 -0.6879 0
vt -18.1055 -0.9827 0
vt -18.1055 -0.6879 0
vt -18.0228 -0.9827 0
vt -18.0228 -0.6879 0
vt -17.9401 -0.9827 0
vt -17.9401 -0.6879 0
vt -17.8575 -0.9827 0
vt -17.8575 -0.6879 0
vt -17.7748 -0.9827 0
vt -17.7748 -0.6879 0
vt -17.6921 -0.9827 0
vt -17.6921 -0.6879 0
vt -17.6095 -0.9827 0
vt -17.6095 -0.6879 0
vt -17.5268 -0.9827 0
vt -17.5268 -0.6879 0
vt -17.4441 -0.9827 0
vt -17.4441 -0.6879 0
vt -17.3614 -0.9827 0
vt -17.3614 -0.6879 0
vt -17.2788 -0.9827 0
vt -17.2788 -0.6879 0
vt -17.1961 -0.9827 0
vt -17.1961 -0.6879 0
vt -17.1134 -0.9827 0
vt -17.1134 -0.6879 0
vt -17.0307 -0.9827 0
vt -17.0307 -0.6879 0
vt -16.9481 -0.9827 0
vt -16.9481 -0.6879 0
vt -16.8654 -0.9827 0
vt -16.8654 -0.6879 0
vt -16.7827 -0.9827 0
vt -16.7827 -0.6879 0
vt -16.7000 -0.9827 0
vt -16.7000 -0.6879 0
vt -16.6174 -0.9827 0
vt -16.6174 -0.6879 0
vt -16.5347 -0.9827 0
vt -16.5347 -0.6879 0
vt -16.4520 -0.9827 0
vt -16.4520 -0.6879 0
vt -16.3694 -0.9827 0
vt -16.3694 -0.6879 0
vt -16.2867 -0.9827 0
vt -16.2867 -0.6879 0
vt -16.2040 -0.9827 0
vt -16.2040 -0.6879 0
vt -16.1213 -0.9827 0
vt -16.1213 -0.6879 0
vt -16.0387 -0.9827 0
vt -16.0387 -0.6879 0
vt -15.9560 -0.9827 0
vt -15.9560 -0.6879 0
vt -15.8733 -0.9827 0
vt -15.8733 -0.6879 0
vt -15.7906 -0.9827 0
vt -15.7906 -0.6879 0
vt -15.7080 -0.9827 0
vt -15.7080 -0.6879 0
vt -15.6253 -0.9827 0
vt -15.6253 -0.6879 0
vt -15.5426 -0.9827 0
vt -15.5426 -0.6879 0
vt -15.4599 -0.9827 0
vt -15.4599 -0.6879 0
vt -15.3773 -0.9827 0
vt -15.3773 -0.6879 0
vt -15.2946 -0.9827 0
vt -15.2946 -0.6879 0
vt -15.2119 -0.9827 0
vt -15.2119 -0.6879 0
vt -15.1292 -0.9827 0
vt -15.1292 -0.6879 0
vt -15.0466 -0.9827 0
vt -15.0466 -0.6879 0
vt -14.9639 -0.9827 0
vt -14.9639 -0.6879 0
vt -14.8812 -0.9827 0
vt -14.8812 -0.6879 0
vt -14.7986 -0.9827 0
vt -14.7986 -0.6879 0
vt -14.7159 -0.9827 0
vt -14.7159 -0.6879 0
vt -14.6332 -0.9827 0
vt -14.6332 -0.6879 0
vt -14.5505 -0.9827 0
vt -14.5505 -0.6879 0
vt -14.4679 -0.9827 0
vt -14.4679 -0.6879 0
vt -14.3852 -0.9827 0
vt -14.3852 -0.6879 0
vt -14.3025 -0.9827 0
vt -14.3025 -0.6879 0
vt -14.2198 -0.9827 0
vt -14.2198 -0.6879 0
vt -14.1372 -0.9827 0
vt -14.1372 -0.6879 0
vt -14.0545 -0.9827 0
vt -14.0545 -0.6879 0
vt -13.9718 -0.9827 0
vt -13.9718 -0.6879 0
vt -13.8891 -0.9827 0
vt -13.8891 -0.6879 0
vt -13.8065 -0.9827 0
vt -13.8065 -0.6879 0
vt -13.7238 -0.9827 0
vt -13.7238 -0.6879 0
vt -13.6411 -0.9827 0
vt -13.6411 -0.6879 0
vt -13.5585 -0.9827 0
vt -13.5585 -0.6879 0
vt -13.4758 -0.9827 0
vt -13.4758 -0.6879 0
vt -13.3931 -0.9827 0
vt -13.3931 -0.6879 0
vt -13.3104 -0.9827 0
vt -13.3104 -0.6879 0
vt -13.2278 -0.9827 0
vt -13.2278 -0.6879 0
vt -13.1451 -0.9827 0
vt -13.1451 -0.6879 0
vt -13.0624 -0.9827 0
vt -13.0624 -0.6879 0
vt -12.9797 -0.9827 0
vt -12.9797 -0.6879 0
vt -12.8971 -0.9827 0
vt -12.8971 -0.6879 0
vt -12.8144 -0.9827 0
vt -12.8144 -0.6879 0
vt -12.7317 -0.9827 0
vt -12.7317 -0.6879 0
vt -12.6490 -0.9827 0
vt -12.6490 -0.6879 0
vt -12.5664 -0.3931 0
vt -12.4837 -0.3931 0
vt -12.4010 -0.3931 0
vt -12.3184 -0.3931 0
vt -12.2357 -0.3931 0
vt -12.1530 -0.3931 0
vt -12.0703 -0.3931 0
vt -11.9877 -0.3931 0
vt -11.9050 -0.3931 0
vt -11.8223 -0.3931 0
vt -11.7396 -0.3931 0
vt -11.6570 -0.3931 0
vt -11.5743 -0.3931 0
vt -11.4916 -0.3931 0
vt -11.4089 -0.3931 0
vt -11.3263 -0.3931 0
vt -11.2436 -0.3931 0
vt -11.1609 -0.3931 0
vt -11.0782 -0.3931 0
vt -10.9956 -0.3931 0
vt -10.9129 -0.3931 0
vt -10.8302 -0.3931 0
vt -10.7476 -0.3931 0
vt -10.6649 -0.3931 0
vt -10.5822 -0.3931 0
vt -10.4995 -0.3931 0
vt -10.4169 -0.3931 0
vt -10.3342 -0.3931 0
vt -10.2515 -0.3931 0
vt -10.1688 -0.3931 0
vt -10.0862 -0.3931 0
vt -10.0035 -0.3931 0
vt -9.9208 -0.3931 0
vt -9.8381 -0.3931 0
vt -9.7555 -0.3931 0
vt -9.6728 -0.3931 0
vt -9.5901 -0.3931 0
vt -9.5075 -0.3931 0
vt -9.4248 -0.3931 0
vt -9.3421 -0.3931 0
vt -9.2594 -0.3931 0
vt -9.1768 -0.3931 0
vt -9.0941 -0.3931 0
vt -9.0114 -0.3931 0
vt -8.9287 -0.3931 0
vt -8.8461 -0.3931 0
vt -8.7634 -0.3931 0
vt -8.6807 -0.3931 0
vt -8.5980 -0.3931 0
vt -8.5154 -0.3931 0
vt -8.4327 -0.3931 0
vt -8.3500 -0.3931 0
vt -8.2673 -0.3931 0
vt -8.1847 -0.3931 0
vt -8.1020 -0.3931 0
vt -8.0193 -0.3931 0
vt -7.9367 -0.3931 0
vt -7.8540 -0.3931 0
vt -7.7713 -0.3931 0
vt -7.6886 -0.3931 0
vt -7.6060 -0.3931 0
vt -7.5233 -0.3931 0
vt -7.4406 -0.3931 0
vt -7.3579 -0.3931 0
vt -7.2753 -0.3931 0
vt -7.1926 -0.3931 0
vt -7.1099 -0.3931 0
vt -7.0272 -0.3931 0
vt -6.9446 -0.3931 0
vt -6.8619 -0.3931 0
vt -6.7792 -0.3931 0
vt -6.6966 -0.3931 0
vt -6.6139 -0.3931 0
vt -6.5312 -0.3931 0
vt -6.4485 -0.3931 0
vt -6.3659 -0.3931 0
vt -6.2832 -0.0983 0
vt -6.2005 -0.0983 0
vt -6.1178 -0.0983 0
vt -6.0352 -0.0983 0
vt -5.9525 -0.0983 0
vt -5.8698 -0.0983 0
vt -5.7871 -0.0983 0
vt -5.7045 -0.0983 0
vt -5.6218 -0.0983 0
vt -5.5391 -0.0983 0
vt -5.4565 -0.0983 0
vt -5.3738 -0.0983 0
vt -5.2911 -0.0983 0
vt -5.2084 -0.0983 0
vt -5.1258 -0.0983 0
vt -5.0431 -0.0983 0
vt -4.9604 -0.0983 0
vt -4.8777 -0.0983 0
vt -4.7951 -0.0983 0
vt -4.7124 -0.0983 0
vt -4.6297 -0.0983 0
vt -4.5470 -0.0983 0
vt -4.4644 -0.0983 0
vt -4.3817 -0.0983 0
vt -4.2990 -0.0983 0
vt -4.2163 -0.0983 0
vt -4.1337 -0.0983 0
vt -4.0510 -0.0983 0
vt -3.9683 -0.0983 0
vt -3.8857 -0.0983 0
vt -3.8030 -0.0983 0
vt -3.7203 -0.0983 0
vt -3.6376 -0.0983 0
vt -3.5550 -0.0983 0
vt -3.4723 -0.0983 0
vt -3.3896 -0.0983 0
vt -3.3069 -0.0983 0
vt -3.2243 -0.0983 0
vt -3.1416 -0.0983 0
vt -3.0589 -0.0983 0
vt -2.9762 -0.0983 0
vt -2.8936 -0.0983 0
vt -2.8109 -0.0983 0
vt -2.7282 -0.0983 0
vt -2.6456 -0.0983 0
vt -2.5629 -0.0983 0
vt -2.4802 -0.0983 0
vt -2.3975 -0.0983 0
vt -2.3149 -0.0983 0
vt -2.2322 -0.0983 0
vt -2.1495 -0.0983 0
vt -2.0668 -0.0983 0
vt -1.9842 -0.0983 0
vt -1.9015 -0.0983 0
vt -1.8188 -0.0983 0
vt -1.7361 -0.0983 0
vt -1.6535 -0.0983 0
vt -1.5708 -0.0983 0
vt -1.4881 -0.0983 0
vt -1.4054 -0.0983 0
vt -1.3228 -0.0983 0
vt -1.2401 -0.0983 0
vt -1.1574 -0.0983 0
vt -1.0748 -0.0983 0
vt -0.9921 -0.0983 0
vt -0.9094 -0.0983 0
vt -0.8267 -0.0983 0
vt -0.7441 -0.0983 0
vt -0.6614 -0.0983 0
vt -0.5787 -0.0983 0
vt -0.4960 -0.0983 0
vt -0.4134 -0.0983 0
vt -0.3307 -0.0983 0
vt -0.2480 -0.0983 0
vt -0.1653 -0.0983 0
vt -0.0827 -0.0983 0
vt 6.2832 0.0037 0
vt 6.2832 0.0025 0
vt 6.3659 0.0025 0
vt 6.4485 0.0025 0
vt 0.1653 0.0037 0
vt 6.3995 0.0037 0
vt 6.5312 0.0025 0
vt 6.5159 0.0037 0
vt 0.3307 0.0037 0
vt 6.6139 0.0025 0
vt 6.6323 0.0037 0
vt 6.6966 0.0025 0
vt 6.7486 0.0037 0
vt 6.7792 0.0025 0
vt 0.4960 0.0037 0
vt 6.8619 0.0025 0
vt 6.9446 0.0025 0
vt 0.6614 0.0037 0
vt 6.8650 0.0037 0
vt 7.0977 0.0037 0
vt 6.9813 0.0037 0
vt 7.0272 0.0025 0
vt 7.1099 0.0025 0
vt 0.8267 0.0037 0
vt 7.1926 0.0025 0
vt 7.2753 0.0025 0
vt 0.9921 0.0037 0
vt 7.2140 0.0037 0
vt 7.3579 0.0025 0
vt 7.3304 0.0037 0
vt 1.1574 0.0037 0
vt 7.4406 0.0025 0
vt 7.4467 0.0037 0
vt 7.5233 0.0025 0
vt 7.6060 0.0025 0
vt 1.3228 0.0037 0
vt 7.5631 0.0037 0
vt 7.6886 0.0025 0
vt 7.6794 0.0037 0
vt 1.4881 0.0037 0
vt 7.7713 0.0025 0
vt 7.7958 0.0037 0
vt 7.8540 0.0025 0
vt 7.9122 0.0037 0
vt 7.9367 0.0025 0
vt 1.6535 0.0037 0
vt 8.0193 0.0025 0
vt 8.1020 0.0025 0
vt 1.8188 0.0037 0
vt 8.0285 0.0037 0
vt 8.1847 0.0025 0
vt 8.1449 0.0037 0
vt 8.2612 0.0037 0
vt 8.2673 0.0025 0
vt 1.9842 0.0037 0
vt 8.3500 0.0025 0
vt 8.4327 0.0025 0
vt 2.1495 0.0037 0
vt 8.3776 0.0037 0
vt 8.5154 0.0025 0
vt 8.4939 0.0037 0
vt 2.3149 0.0037 0
vt 8.5980 0.0025 0
vt 8.6103 0.0037 0
vt 8.6807 0.0025 0
vt 8.7266 0.0037 0
vt 8.7634 0.0025 0
vt 2.4802 0.0037 0
vt 8.8461 0.0025 0
vt 8.8430 0.0037 0
vt 2.6456 0.0037 0
vt 8.9287 0.0025 0
vt 9.0757 0.0037 0
vt 8.9594 0.0037 0
vt 9.0114 0.0025 0
vt 9.0941 0.0025 0
vt 2.8109 0.0037 0
vt 9.1768 0.0025 0
vt 9.2594 0.0025 0
vt 2.9762 0.0037 0
vt 9.1921 0.0037 0
vt 9.3421 0.0025 0
vt 9.3084 0.0037 0
vt 3.1416 0.0037 0
vt 3.1416 0.0025 0
vt 3.2243 0.0025 0
vt 3.3069 0.0025 0
vt 3.3069 0.0037 0
vt 3.2579 0.0037 0
vt 3.3896 0.0025 0
vt 3.3743 0.0037 0
vt 3.4723 0.0037 0
vt 3.4723 0.0025 0
vt 3.4907 0.0037 0
vt 3.5550 0.0025 0
vt 3.6070 0.0037 0
vt 3.6376 0.0025 0
vt 3.6376 0.0037 0
vt 3.7203 0.0025 0
vt 3.8030 0.0025 0
vt 3.8030 0.0037 0
vt 3.7234 0.0037 0
vt 3.9561 0.0037 0
vt 3.8397 0.0037 0
vt 3.8857 0.0025 0
vt 3.9683 0.0025 0
vt 3.9683 0.0037 0
vt 4.0510 0.0025 0
vt 4.1337 0.0025 0
vt 4.1337 0.0037 0
vt 4.0724 0.0037 0
vt 4.2163 0.0025 0
vt 4.1888 0.0037 0
vt 4.2990 0.0037 0
vt 4.2990 0.0025 0
vt 4.3051 0.0037 0
vt 4.3817 0.0025 0
vt 4.4644 0.0025 0
vt 4.4644 0.0037 0
vt 4.4215 0.0037 0
vt 4.5470 0.0025 0
vt 4.5379 0.0037 0
vt 4.6297 0.0037 0
vt 4.6297 0.0025 0
vt 4.6542 0.0037 0
vt 4.7124 0.0025 0
vt 4.7706 0.0037 0
vt 4.7951 0.0025 0
vt 4.7951 0.0037 0
vt 4.8777 0.0025 0
vt 4.9604 0.0025 0
vt 4.9604 0.0037 0
vt 4.8869 0.0037 0
vt 5.0431 0.0025 0
vt 5.0033 0.0037 0
vt 5.1196 0.0037 0
vt 5.1258 0.0025 0
vt 5.1258 0.0037 0
vt 5.2084 0.0025 0
vt 5.2911 0.0025 0
vt 5.2911 0.0037 0
vt 5.2360 0.0037 0
vt 5.3738 0.0025 0
vt 5.3523 0.0037 0
vt 5.4565 0.0037 0
vt 5.4565 0.0025 0
vt 5.4687 0.0037 0
vt 5.5391 0.0025 0
vt 5.5851 0.0037 0
vt 5.6218 0.0025 0
vt 5.6218 0.0037 0
vt 5.7045 0.0025 0
vt 5.7014 0.0037 0
vt 5.7871 0.0037 0
vt 5.7871 0.0025 0
vt 5.9341 0.0037 0
vt 5.8178 0.0037 0
vt 5.8698 0.0025 0
vt 5.9525 0.0025 0
vt 5.9525 0.0037 0
vt 6.0352 0.0025 0
vt 6.1178 0.0025 0
vt 6.1178 0.0037 0
vt 6.0505 0.0037 0
vt 6.2005 0.0025 0
vt 6.1668 0.0037 0
vt -25.1327 0.3142 0
vt -25.1327 0.0000 0
vt -25.0164 0.0000 0
vt -24.9000 0.3142 0
vt -25.0164 0.3142 0
vt 0.1653 0.0000 0
vt 0.2327 0.0000 0
vt 0.3307 0.0000 0
vt -24.7837 0.3142 0
vt -24.7837 0.0000 0
vt -24.6673 0.0000 0
vt -24.5510 0.3142 0
vt -24.6673 0.3142 0
vt 0.4960 0.0000 0
vt 0.5818 0.0000 0
vt 0.6614 0.0000 0
vt -24.4346 0.3142 0
vt -24.4346 0.0000 0
vt -24.3183 0.0000 0
vt -24.2019 0.3142 0
vt -24.3183 0.3142 0
vt 0.8267 0.0000 0
vt 0.9308 0.0000 0
vt 0.9921 0.0000 0
vt -24.0855 0.3142 0
vt 1.0472 0.0000 0
vt 1.1574 0.0000 0
vt -23.9692 0.3142 0
vt -23.9692 0.0000 0
vt -23.8528 0.0000 0
vt -23.7365 0.3142 0
vt -23.8528 0.3142 0
vt 1.3228 0.0000 0
vt 1.3963 0.0000 0
vt 1.4881 0.0000 0
vt -23.6201 0.3142 0
vt -23.6201 0.0000 0
vt -23.5038 0.0000 0
vt -23.3874 0.3142 0
vt -23.5038 0.3142 0
vt 1.6535 0.0000 0
vt 1.7453 0.0000 0
vt 1.8188 0.0000 0
vt -23.2711 0.3142 0
vt -23.2711 0.0000 0
vt -23.1547 0.0000 0
vt -23.0383 0.3142 0
vt -23.1547 0.3142 0
vt 1.9842 0.0000 0
vt -22.9220 0.3142 0
vt 2.1495 0.0000 0
vt 2.0944 0.0000 0
vt 2.2108 0.0000 0
vt 2.3149 0.0000 0
vt -22.8056 0.3142 0
vt -22.8056 0.0000 0
vt -22.6893 0.0000 0
vt -22.5729 0.3142 0
vt -22.6893 0.3142 0
vt 2.4802 0.0000 0
vt 2.5598 0.0000 0
vt 2.6456 0.0000 0
vt -22.4566 0.3142 0
vt -22.4566 0.0000 0
vt -22.3402 0.0000 0
vt -22.2239 0.3142 0
vt -22.3402 0.3142 0
vt 2.8109 0.0000 0
vt 2.9089 0.0000 0
vt 2.9762 0.0000 0
vt -22.1075 0.3142 0
vt -22.1075 0.0000 0
vt -21.9911 0.0000 0
vt -21.9911 0.3142 0
vt -21.8748 0.0000 0
vt -21.7584 0.3142 0
vt -21.8748 0.3142 0
vt 3.3069 0.0000 0
vt 3.3743 0.0000 0
vt 3.4723 0.0000 0
vt -21.6421 0.3142 0
vt -21.6421 0.0000 0
vt -21.5257 0.0000 0
vt -21.4094 0.3142 0
vt -21.5257 0.3142 0
vt 3.6376 0.0000 0
vt 3.7234 0.0000 0
vt 3.8030 0.0000 0
vt -21.2930 0.3142 0
vt -21.2930 0.0000 0
vt -21.1767 0.0000 0
vt -21.0603 0.3142 0
vt -21.1767 0.3142 0
vt 3.9683 0.0000 0
vt 4.0724 0.0000 0
vt 4.1337 0.0000 0
vt -20.9440 0.3142 0
vt 4.1888 0.0000 0
vt 4.2990 0.0000 0
vt -20.8276 0.3142 0
vt -20.8276 0.0000 0
vt -20.7112 0.0000 0
vt -20.5949 0.3142 0
vt -20.7112 0.3142 0
vt 4.4644 0.0000 0
vt 4.5379 0.0000 0
vt 4.6297 0.0000 0
vt -20.4785 0.3142 0
vt -20.4785 0.0000 0
vt -20.3622 0.0000 0
vt -20.2458 0.3142 0
vt -20.3622 0.3142 0
vt 4.7951 0.0000 0
vt 4.8869 0.0000 0
vt 4.9604 0.0000 0
vt -20.1295 0.3142 0
vt -20.1295 0.0000 0
vt -20.0131 0.0000 0
vt -19.8968 0.3142 0
vt -20.0131 0.3142 0
vt 5.1258 0.0000 0
vt -19.7804 0.3142 0
vt 5.2911 0.0000 0
vt 5.2360 0.0000 0
vt 5.3523 0.0000 0
vt 5.4565 0.0000 0
vt -19.6640 0.3142 0
vt -19.6640 0.0000 0
vt -19.5477 0.0000 0
vt -19.4313 0.3142 0
vt -19.5477 0.3142 0
vt 5.6218 0.0000 0
vt 5.7014 0.0000 0
vt 5.7871 0.0000 0
vt -19.3150 0.3142 0
vt -19.3150 0.0000 0
vt -19.1986 0.0000 0
vt -19.0823 0.3142 0
vt -19.1986 0.3142 0
vt 5.9525 0.0000 0
vt 6.0505 0.0000 0
vt 6.1178 0.0000 0
vt -25.2491 0.3142 0
vt -25.2491 0.0000 0
vt -25.1327 0.6283 0
vt -25.0164 0.6283 0
vt -24.9000 0.6283 0
vt -24.7837 0.6283 0
vt -24.6673 0.6283 0
vt -24.5510 0.6283 0
vt -24.4346 0.6283 0
vt -24.3183 0.6283 0
vt -24.2019 0.6283 0
vt -24.0855 0.6283 0
vt -23.9692 0.6283 0
vt -23.8528 0.6283 0
vt -23.7365 0.6283 0
vt -23.6201 0.6283 0
vt -23.5038 0.6283 0
vt -23.3874 0.6283 0
vt -23.2711 0.6283 0
vt -23.1547 0.6283 0
vt -23.0383 0.6283 0
vt -22.9220 0.6283 0
vt -22.8056 0.6283 0
vt -22.6893 0.6283 0
vt -22.5729 0.6283 0
vt -22.4566 0.6283 0
vt -22.3402 0.6283 0
vt -22.2239 0.6283 0
vt -22.1075 0.6283 0
vt -21.9911 0.6283 0
vt -21.8748 0.6283 0
vt -21.7584 0.6283 0
vt -21.6421 0.6283 0
vt -21.5257 0.6283 0
vt -21.4094 0.6283 0
vt -21.2930 0.6283 0
vt -21.1767 0.6283 0
vt -21.0603 0.6283 0
vt -20.9440 0.6283 0
vt -20.8276 0.6283 0
vt -20.7112 0.6283 0
vt -20.5949 0.6283 0
vt -20.4785 0.6283 0
vt -20.3622 0.6283 0
vt -20.2458 0.6283 0
vt -20.1295 0.6283 0
vt -20.0131 0.6283 0
vt -19.8968 0.6283 0
vt -19.7804 0.6283 0
vt -19.6640 0.6283 0
vt -19.5477 0.6283 0
vt -19.4313 0.6283 0
vt -19.3150 0.6283 0
vt -19.1986 0.6283 0
vt -19.0823 0.6283 0
vt -18.9659 0.6283 0
vt -18.8496 0.9425 0
vt -18.7332 0.9425 0
vt -18.6168 0.9425 0
vt -18.5005 0.9425 0
vt -18.3841 0.9425 0
vt -18.2678 0.9425 0
vt -18.1514 0.9425 0
vt -18.0351 0.9425 0
vt -17.9187 0.9425 0
vt -17.8024 0.9425 0
vt -17.6860 0.9425 0
vt -17.5696 0.9425 0
vt -17.4533 0.9425 0
vt -17.3369 0.9425 0
vt -17.2206 0.9425 0
vt -17.1042 0.9425 0
vt -16.9879 0.9425 0
vt -16.8715 0.9425 0
vt -16.7552 0.9425 0
vt -16.6388 0.9425 0
vt -16.5225 0.9425 0
vt -16.4061 0.9425 0
vt -16.2897 0.9425 0
vt -16.1734 0.9425 0
vt -16.0570 0.9425 0
vt -15.9407 0.9425 0
vt -15.8243 0.9425 0
vt -15.7080 0.9425 0
vt -15.5916 0.9425 0
vt -15.4753 0.9425 0
vt -15.3589 0.9425 0
vt -15.2425 0.9425 0
vt -15.1262 0.9425 0
vt -15.0098 0.9425 0
vt -14.8935 0.9425 0
vt -14.7771 0.9425 0
vt -14.6608 0.9425 0
vt -14.5444 0.9425 0
vt -14.4281 0.9425 0
vt -14.3117 0.9425 0
vt -14.1953 0.9425 0
vt -14.0790 0.9425 0
vt -13.9626 0.9425 0
vt -13.8463 0.9425 0
vt -13.7299 0.9425 0
vt -13.6136 0.9425 0
vt -13.4972 0.9425 0
vt -13.3809 0.9425 0
vt -13.2645 0.9425 0
vt -13.1481 0.9425 0
vt -13.0318 0.9425 0
vt -12.9154 0.9425 0
vt -12.7991 0.9425 0
vt -12.6827 0.9425 0
vt -12.5664 1.2566 0
vt -12.4500 1.2566 0
vt -12.3337 1.2566 0
vt -12.2173 1.2566 0
vt -12.1009 1.2566 0
vt -11.9846 1.2566 0
vt -11.8682 1.2566 0
vt -11.7519 1.2566 0
vt -11.6355 1.2566 0
vt -11.5192 1.2566 0
vt -11.4028 1.2566 0
vt -11.2865 1.2566 0
vt -11.1701 1.2566 0
vt -11.0538 1.2566 0
vt -10.9374 1.2566 0
vt -10.8210 1.2566 0
vt -10.7047 1.2566 0
vt -10.5883 1.2566 0
vt -10.4720 1.2566 0
vt -10.3556 1.2566 0
vt -10.2393 1.2566 0
vt -10.1229 1.2566 0
vt -10.0066 1.2566 0
vt -9.8902 1.2566 0
vt -9.7738 1.2566 0
vt -9.6575 1.2566 0
vt -9.5411 1.2566 0
vt -9.4248 1.2566 0
vt -9.3084 1.2566 0
vt -9.1921 1.2566 0
vt -9.0757 1.2566 0
vt -8.9594 1.2566 0
vt -8.8430 1.2566 0
vt -8.7266 1.2566 0
vt -8.6103 1.2566 0
vt -8.4939 1.2566 0
vt -8.3776 1.2566 0
vt -8.2612 1.2566 0
vt -8.1449 1.2566 0
vt -8.0285 1.2566 0
vt -7.9122 1.2566 0
vt -7.7958 1.2566 0
vt -7.6794 1.2566 0
vt -7.5631 1.2566 0
vt -7.4467 1.2566 0
vt -7.3304 1.2566 0
vt -7.2140 1.2566 0
vt -7.0977 1.2566 0
vt -6.9813 1.2566 0
vt -6.8650 1.2566 0
vt -6.7486 1.2566 0
vt -6.6323 1.2566 0
vt -6.5159 1.2566 0
vt -6.3995 1.2566 0
vt -6.2832 1.5708 0
vt -6.1668 1.5708 0
vt -6.0505 1.5708 0
vt -5.9341 1.5708 0
vt -5.8178 1.5708 0
vt -5.7014 1.5708 0
vt -5.5851 1.5708 0
vt -5.4687 1.5708 0
vt -5.3523 1.5708 0
vt -5.2360 1.5708 0
vt -5.1196 1.5708 0
vt -5.0033 1.5708 0
vt -4.8869 1.5708 0
vt -4.7706 1.5708 0
vt -4.6542 1.5708 0
vt -4.5379 1.5708 0
vt -4.4215 1.5708 0
vt -4.3051 1.5708 0
vt -4.1888 1.5708 0
vt -4.0724 1.5708 0
vt -3.9561 1.5708 0
vt -3.8397 1.5708 0
vt -3.7234 1.5708 0
vt -3.6070 1.5708 0
vt -3.4907 1.5708 0
vt -3.3743 1.5708 0
vt -3.2579 1.5708 0
vt -3.1416 1.5708 0
vt -3.0252 1.5708 0
vt -2.9089 1.5708 0
vt -2.7925 1.5708 0
vt -2.6762 1.5708 0
vt -2.5598 1.5708 0
vt -2.4435 1.5708 0
vt -2.3271 1.5708 0
vt -2.2108 1.5708 0
vt -2.0944 1.5708 0
vt -1.9780 1.5708 0
vt -1.8617 1.5708 0
vt -1.7453 1.5708 0
vt -1.6290 1.5708 0
vt -1.5126 1.5708 0
vt -1.3963 1.5708 0
vt -1.2799 1.5708 0
vt -1.1636 1.5708 0
vt -1.0472 1.5708 0
vt -0.9308 1.5708 0
vt -0.8145 1.5708 0
vt -0.6981 1.5708 0
vt -0.5818 1.5708 0
vt -0.4654 1.5708 0
vt -0.3491 1.5708 0
vt -0.2327 1.5708 0
vt -0.1164 1.5708 0
vt 0.0046 -0.0030 0
vt 0.0042 -0.0035 0
vt 0.0024 -0.0020 0
vt 0.0038 -0.0040 0
vt 0.0033 -0.0044 0
vt 0.0019 -0.0025 0
vt -0.0033 -0.0044 0
vt -0.0038 -0.0040 0
vt -0.0022 -0.0023 0
vt -0.0042 -0.0035 0
vt -0.0046 -0.0030 0
vt -0.0027 -0.0017 0
vt 0.0028 -0.0014 0
vt 0.0049 -0.0025 0
vt 0.0027 -0.0048 0
vt 0.0022 -0.0050 0
vt 0.0013 -0.0029 0
vt -0.0022 -0.0050 0
vt -0.0027 -0.0048 0
vt -0.0016 -0.0027 0
vt -0.0053 0.0013 0
vt -0.0052 0.0019 0
vt -0.0030 0.0011 0
vt -0.0049 0.0025 0
vt -0.0027 0.0017 0
vt -0.0042 0.0035 0
vt -0.0038 0.0040 0
vt -0.0022 0.0023 0
vt -0.0033 0.0044 0
vt -0.0016 0.0027 0
vt -0.0022 0.0050 0
vt -0.0009 0.0030 0
vt -0.0010 0.0054 0
vt -0.0003 0.0055 0
vt -0.0002 0.0032 0
vt 0.0003 0.0055 0
vt 0.0010 0.0054 0
vt 0.0006 0.0031 0
vt 0.0016 0.0053 0
vt 0.0013 0.0029 0
vt 0.0016 -0.0053 0
vt 0.0010 -0.0054 0
vt 0.0006 -0.0031 0
vt 0.0003 -0.0055 0
vt -0.0003 -0.0055 0
vt -0.0002 -0.0032 0
vt -0.0010 -0.0054 0
vt -0.0016 -0.0053 0
vt -0.0009 -0.0030 0
vt -0.0049 -0.0025 0
vt -0.0052 -0.0019 0
vt -0.0030 -0.0011 0
vt -0.0053 -0.0013 0
vt -0.0054 -0.0006 0
vt -0.0032 -0.0004 0
vt -0.0055 0.0000 0
vt -0.0032 0.0004 0
vt -0.0054 0.0006 0
vt -0.0046 0.0030 0
vt -0.0027 0.0048 0
vt -0.0016 0.0053 0
vt 0.0038 0.0040 0
vt 0.0042 0.0035 0
vt 0.0024 0.0020 0
vt 0.0046 0.0030 0
vt 0.0049 0.0025 0
vt 0.0028 0.0014 0
vt 0.0052 0.0019 0
vt 0.0053 0.0013 0
vt 0.0031 0.0007 0
vt 0.0054 0.0006 0
vt 0.0055 0.0000 0
vt 0.0032 0.0000 0
vt 0.0054 -0.0006 0
vt 0.0053 -0.0013 0
vt 0.0031 -0.0007 0
vt 0.0052 -0.0019 0
vt 0.0022 0.0050 0
vt 0.0027 0.0048 0
vt 0.0019 0.0025 0
vt 0.0033 0.0044 0
vt 6.2832 0.0254 0
vt 6.2832 0.0000 0
vt 6.5159 0.0000 0
vt 6.5159 0.0254 0
vt 6.7486 0.0000 0
vt 6.7486 0.0254 0
vt 0.6981 0.0000 0
vt 0.6981 0.0254 0
vt 0.9308 0.0000 0
vt 0.9308 0.0254 0
vt 1.1636 0.0000 0
vt 1.1636 0.0254 0
vt 1.3963 0.0000 0
vt 1.3963 0.0254 0
vt 1.6290 0.0000 0
vt 1.6290 0.0254 0
vt 1.8617 0.0000 0
vt 1.8617 0.0254 0
vt 2.0944 0.0000 0
vt 2.0944 0.0254 0
vt 2.3271 0.0000 0
vt 2.3271 0.0254 0
vt 2.5598 0.0000 0
vt 2.5598 0.0254 0
vt 2.7925 0.0000 0
vt 2.7925 0.0254 0
vt 3.0252 0.0000 0
vt 3.2579 0.0254 0
vt 3.0252 0.0254 0
vt 3.1416 0.0000 0
vt 3.2579 0.0000 0
vt 3.4907 0.0000 0
vt 3.4907 0.0254 0
vt 3.7234 0.0000 0
vt 3.7234 0.0254 0
vt 3.9561 0.0000 0
vt 3.9561 0.0254 0
vt 4.1888 0.0000 0
vt 4.1888 0.0254 0
vt 4.4215 0.0000 0
vt 4.4215 0.0254 0
vt 4.6542 0.0000 0
vt 4.6542 0.0254 0
vt 4.8869 0.0000 0
vt 4.8869 0.0254 0
vt 5.1196 0.0000 0
vt 5.1196 0.0254 0
vt 5.3523 0.0000 0
vt 5.3523 0.0254 0
vt 5.5851 0.0000 0
vt 5.5851 0.0254 0
vt 5.8178 0.0000 0
vt 5.8178 0.0254 0
vt 6.0505 0.0000 0
vt 6.0505 0.0254 0
vt 0.0000 0.0000 0
vt 0.0032 0.0004 0
vt 0.0030 0.0011 0
vt 0.0027 0.0017 0
vt 0.0022 0.0023 0
vt 0.0016 0.0027 0
vt 0.0009 0.0030 0
vt 0.0002 0.0032 0
vt -0.0006 0.0031 0
vt -0.0013 0.0029 0
vt -0.0019 0.0025 0
vt -0.0024 0.0020 0
vt -0.0028 0.0014 0
vt -0.0031 0.0007 0
vt -0.0032 0.0000 0
vt -0.0031 -0.0007 0
vt -0.0028 -0.0014 0
vt -0.0024 -0.0020 0
vt -0.0019 -0.0025 0
vt -0.0013 -0.0029 0
vt -0.0006 -0.0031 0
vt 0.0002 -0.0032 0
vt 0.0009 -0.0030 0
vt 0.0016 -0.0027 0
vt 0.0022 -0.0023 0
vt 0.0027 -0.0017 0
vt 0.0030 -0.0011 0
vt 0.0032 -0.0004 0
vt 0.0032 0.0000 0
f 745/745/745 747/747/747 750/750/750
f 754/754/754 755/755/755 753/753/753
f 759/759/759 760/760/760 763/763/763
f 761/761/761 765/765/765 762/762/762
f 768/768/768 769/769/769 772/772/772
f 770/770/770 774/774/774 771/771/771
f 776/776/776 777/777/777 775/775/775
f 779/779/779 783/783/783 780/780/780
f 785/785/785 786/786/786 784/784/784
f 790/790/790 791/791/791 794/794/794
f 792/792/792 796/796/796 793/793/793
f 799/799/799 800/800/800 803/803/803
f 801/801/801 805/805/805 802/802/802
f 807/807/807 808/808/808 806/806/806
f 811/811/811 814/814/814 812/812/812
f 816/816/816 818/818/818 815/815/815
f 821/821/821 822/822/822 825/825/825
f 823/823/823 827/827/827 824/824/824
f 828/828/828 830/830/830 833/833/833
f 831/831/831 835/835/835 832/832/832
f 837/837/837 838/838/838 836/836/836
f 842/842/842 843/843/843 846/846/846
f 844/844/844 848/848/848 845/845/845
f 851/851/851 852/852/852 855/855/855
f 853/853/853 857/857/857 854/854/854
f 859/859/859 860/860/860 858/858/858
f 862/862/862 866/866/866 863/863/863
f 868/868/868 869/869/869 867/867/867
f 873/873/873 874/874/874 877/877/877
f 875/875/875 879/879/879 876/876/876
f 882/882/882 883/883/883 886/886/886
f 884/884/884 888/888/888 885/885/885
f 890/890/890 891/891/891 889/889/889
f 894/894/894 897/897/897 895/895/895
f 899/899/899 901/901/901 898/898/898
f 904/904/904 905/905/905 908/908/908
f 906/906/906 910/910/910 907/907/907
f 745/745/745 909/909/909 746/746/746
f 909/909/909 745/745/745 910/910/910
f 910/910/910 906/906/906 909/909/909
f 906/906/906 908/908/908 905/905/905
f 908/908/908 906/906/906 907/907/907
f 905/905/905 904/904/904 903/903/903
f 900/900/900 903/903/903 904/904/904
f 900/900/900 902/902/902 903/903/903
f 902/902/902 901/901/901 899/899/899
f 902/902/902 900/900/900 901/901/901
f 898/898/898 896/896/896 899/899/899
f 896/896/896 898/898/898 897/897/897
f 897/897/897 894/894/894 896/896/896
f 893/893/893 892/892/892 894/894/894
f 893/893/893 894/894/894 895/895/895
f 891/891/891 892/892/892 893/893/893
f 892/892/892 891/891/891 890/890/890
f 889/889/889 887/887/887 890/890/890
f 887/887/887 889/889/889 888/888/888
f 888/888/888 884/884/884 887/887/887
f 884/884/884 886/886/886 883/883/883
f 886/886/886 884/884/884 885/885/885
f 883/883/883 882/882/882 881/881/881
f 880/880/880 881/881/881 882/882/882
f 880/880/880 878/878/878 881/881/881
f 878/878/878 880/880/880 879/879/879
f 879/879/879 875/875/875 878/878/878
f 875/875/875 877/877/877 874/874/874
f 877/877/877 875/875/875 876/876/876
f 874/874/874 873/873/873 872/872/872
f 871/871/871 872/872/872 873/873/873
f 871/871/871 870/870/870 872/872/872
f 869/869/869 870/870/870 871/871/871
f 870/870/870 869/869/869 868/868/868
f 867/867/867 865/865/865 868/868/868
f 865/865/865 867/867/867 866/866/866
f 866/866/866 862/862/862 865/865/865
f 860/860/860 861/861/861 864/864/864
f 862/862/862 864/864/864 861/861/861
f 864/864/864 862/862/862 863/863/863
f 861/861/861 860/860/860 859/859/859
f 858/858/858 856/856/856 859/859/859
f 856/856/856 858/858/858 857/857/857
f 857/857/857 853/853/853 856/856/856
f 853/853/853 855/855/855 852/852/852
f 855/855/855 853/853/853 854/854/854
f 852/852/852 851/851/851 850/850/850
f 847/847/847 850/850/850 851/851/851
f 847/847/847 849/849/849 850/850/850
f 849/849/849 848/848/848 844/844/844
f 849/849/849 847/847/847 848/848/848
f 844/844/844 846/846/846 843/843/843
f 846/846/846 844/844/844 845/845/845
f 843/843/843 842/842/842 841/841/841
f 840/840/840 839/839/839 841/841/841
f 840/840/840 841/841/841 842/842/842
f 838/838/838 839/839/839 840/840/840
f 839/839/839 838/838/838 837/837/837
f 836/836/836 834/834/834 837/837/837
f 834/834/834 836/836/836 835/835/835
f 835/835/835 831/831/831 834/834/834
f 831/831/831 833/833/833 830/830/830
f 833/833/833 831/831/831 832/832/832
f 830/830/830 828/828/828 829/829/829
f 828/828/828 826/826/826 829/829/829
f 826/826/826 828/828/828 827/827/827
f 827/827/827 823/823/823 826/826/826
f 823/823/823 825/825/825 822/822/822
f 825/825/825 823/823/823 824/824/824
f 822/822/822 821/821/821 820/820/820
f 817/817/817 820/820/820 821/821/821
f 817/817/817 819/819/819 820/820/820
f 819/819/819 818/818/818 816/816/816
f 819/819/819 817/817/817 818/818/818
f 815/815/815 813/813/813 816/816/816
f 813/813/813 815/815/815 814/814/814
f 814/814/814 811/811/811 813/813/813
f 810/810/810 809/809/809 811/811/811
f 810/810/810 811/811/811 812/812/812
f 808/808/808 809/809/809 810/810/810
f 809/809/809 808/808/808 807/807/807
f 806/806/806 804/804/804 807/807/807
f 804/804/804 806/806/806 805/805/805
f 805/805/805 801/801/801 804/804/804
f 801/801/801 803/803/803 800/800/800
f 803/803/803 801/801/801 802/802/802
f 800/800/800 799/799/799 798/798/798
f 797/797/797 798/798/798 799/799/799
f 797/797/797 795/795/795 798/798/798
f 795/795/795 797/797/797 796/796/796
f 796/796/796 792/792/792 795/795/795
f 792/792/792 794/794/794 791/791/791
f 794/794/794 792/792/792 793/793/793
f 791/791/791 790/790/790 789/789/789
f 788/788/788 789/789/789 790/790/790
f 788/788/788 787/787/787 789/789/789
f 786/786/786 787/787/787 788/788/788
f 787/787/787 786/786/786 785/785/785
f 784/784/784 782/782/782 785/785/785
f 782/782/782 784/784/784 783/783/783
f 783/783/783 779/779/779 782/782/782
f 777/777/777 778/778/778 781/781/781
f 779/779/779 781/781/781 778/778/778
f 781/781/781 779/779/779 780/780/780
f 778/778/778 777/777/777 776/776/776
f 775/775/775 773/773/773 776/776/776
f 773/773/773 775/775/775 774/774/774
f 774/774/774 770/770/770 773/773/773
f 770/770/770 772/772/772 769/769/769
f 772/772/772 770/770/770 771/771/771
f 769/769/769 768/768/768 767/767/767
f 764/764/764 767/767/767 768/768/768
f 764/764/764 766/766/766 767/767/767
f 766/766/766 765/765/765 761/761/761
f 766/766/766 764/764/764 765/765/765
f 761/761/761 763/763/763 760/760/760
f 763/763/763 761/761/761 762/762/762
f 760/760/760 759/759/759 758/758/758
f 757/757/757 756/756/756 758/758/758
f 757/757/757 758/758/758 759/759/759
f 755/755/755 756/756/756 757/757/757
f 756/756/756 755/755/755 754/754/754
f 753/753/753 751/751/751 754/754/754
f 751/751/751 753/753/753 752/752/752
f 752/752/752 748/748/748 751/751/751
f 748/748/748 750/750/750 747/747/747
f 750/750/750 748/748/748 749/749/749
f 747/747/747 745/745/745 746/746/746
f 748/748/748 752/752/752 749/749/749
f 994/994/994 996/996/996 997/997/997
f 999/999/999 998/998/998 1000/1000/1000
f 999/999/999 1001/1001/1001 1003/1003/1003
f 1002/1002/1002 1004/1004/1004 1005/1005/1005
f 1007/1007/1007 1006/1006/1006 1008/1008/1008
f 1010/1010/1010 1009/1009/1009 1011/1011/1011
f 1010/1010/1010 1012/1012/1012 1014/1014/1014
f 1013/1013/1013 1015/1015/1015 1016/1016/1016
f 1018/1018/1018 1017/1017/1017 1019/1019/1019
f 1018/1018/1018 1020/1020/1020 1022/1022/1022
f 1021/1021/1021 1023/1023/1023 1024/1024/1024
f 1026/1026/1026 1025/1025/1025 1027/1027/1027
f 1026/1026/1026 1028/1028/1028 1030/1030/1030
f 1029/1029/1029 1031/1031/1031 1034/1034/1034
f 1032/1032/1032 1033/1033/1033 1035/1035/1035
f 1037/1037/1037 1036/1036/1036 1038/1038/1038
f 1037/1037/1037 1039/1039/1039 1041/1041/1041
f 1040/1040/1040 1042/1042/1042 1043/1043/1043
f 1045/1045/1045 1044/1044/1044 1046/1046/1046
f 1045/1045/1045 1047/1047/1047 1049/1049/1049
f 1048/1048/1048 1050/1050/1050 1051/1051/1051
f 1053/1053/1053 1052/1052/1052 1054/1054/1054
f 1053/1053/1053 912/912/912 911/911/911
f 1055/1055/1055 915/915/915 1056/1056/1056
f 1056/1056/1056 914/914/914 1057/1057/1057
f 1057/1057/1057 919/919/919 1058/1058/1058
f 1058/1058/1058 923/923/923 1059/1059/1059
f 1059/1059/1059 922/922/922 1060/1060/1060
f 1060/1060/1060 927/927/927 1061/1061/1061
f 1061/1061/1061 931/931/931 1062/1062/1062
f 1062/1062/1062 930/930/930 1063/1063/1063
f 1063/1063/1063 935/935/935 1064/1064/1064
f 1064/1064/1064 938/938/938 1065/1065/1065
f 1065/1065/1065 942/942/942 1066/1066/1066
f 1066/1066/1066 941/941/941 1067/1067/1067
f 1067/1067/1067 946/946/946 1068/1068/1068
f 1068/1068/1068 950/950/950 1069/1069/1069
f 1069/1069/1069 949/949/949 1070/1070/1070
f 1070/1070/1070 954/954/954 1071/1071/1071
f 1071/1071/1071 958/958/958 1072/1072/1072
f 1072/1072/1072 957/957/957 1073/1073/1073
f 1073/1073/1073 960/960/960 1074/1074/1074
f 1074/1074/1074 965/965/965 1075/1075/1075
f 1075/1075/1075 969/969/969 1076/1076/1076
f 1076/1076/1076 968/968/968 1077/1077/1077
f 1077/1077/1077 973/973/973 1078/1078/1078
f 1078/1078/1078 977/977/977 1079/1079/1079
f 1079/1079/1079 976/976/976 1080/1080/1080
f 1080/1080/1080 981/981/981 1081/1081/1081
f 1081/1081/1081 984/984/984 1082/1082/1082
f 1082/1082/1082 987/987/987 1083/1083/1083
f 1083/1083/1083 986/986/986 1084/1084/1084
f 1084/1084/1084 991/991/991 1085/1085/1085
f 1085/1085/1085 995/995/995 1086/1086/1086
f 1086/1086/1086 994/994/994 1087/1087/1087
f 1087/1087/1087 999/999/999 1088/1088/1088
f 1088/1088/1088 1003/1003/1003 1089/1089/1089
f 1089/1089/1089 1002/1002/1002 1090/1090/1090
f 1090/1090/1090 1007/1007/1007 1091/1091/1091
f 1091/1091/1091 1010/1010/1010 1092/1092/1092
f 1092/1092/1092 1014/1014/1014 1093/1093/1093
f 1093/1093/1093 1013/1013/1013 1094/1094/1094
f 1094/1094/1094 1018/1018/1018 1095/1095/1095
f 1095/1095/1095 1022/1022/1022 1096/1096/1096
f 1096/1096/1096 1021/1021/1021 1097/1097/1097
f 1097/1097/1097 1026/1026/1026 1098/1098/1098
f 1098/1098/1098 1030/1030/1030 1099/1099/1099
f 1099/1099/1099 1029/1029/1029 1100/1100/1100
f 1100/1100/1100 1032/1032/1032 1101/1101/1101
f 1101/1101/1101 1037/1037/1037 1102/1102/1102
f 1102/1102/1102 1041/1041/1041 1103/1103/1103
f 1103/1103/1103 1040/1040/1040 1104/1104/1104
f 1104/1104/1104 1045/1045/1045 1105/1105/1105
f 1105/1105/1105 1049/1049/1049 1106/1106/1106
f 1106/1106/1106 1048/1048/1048 1107/1107/1107
f 1107/1107/1107 1053/1053/1053 1108/1108/1108
f 1108/1108/1108 911/911/911 1055/1055/1055
f 1109/1109/1109 1056/1056/1056 1110/1110/1110
f 1110/1110/1110 1057/1057/1057 1111/1111/1111
f 1111/1111/1111 1058/1058/1058 1112/1112/1112
f 1112/1112/1112 1059/1059/1059 1113/1113/1113
f 1113/1113/1113 1060/1060/1060 1114/1114/1114
f 1114/1114/1114 1061/1061/1061 1115/1115/1115
f 1115/1115/1115 1062/1062/1062 1116/1116/1116
f 1116/1116/1116 1063/1063/1063 1117/1117/1117
f 1117/1117/1117 1064/1064/1064 1118/1118/1118
f 1118/1118/1118 1065/1065/1065 1119/1119/1119
f 1119/1119/1119 1066/1066/1066 1120/1120/1120
f 1120/1120/1120 1067/1067/1067 1121/1121/1121
f 1121/1121/1121 1068/1068/1068 1122/1122/1122
f 1122/1122/1122 1069/1069/1069 1123/1123/1123
f 1123/1123/1123 1070/1070/1070 1124/1124/1124
f 1124/1124/1124 1071/1071/1071 1125/1125/1125
f 1125/1125/1125 1072/1072/1072 1126/1126/1126
f 1126/1126/1126 1073/1073/1073 1127/1127/1127
f 1127/1127/1127 1074/1074/1074 1128/1128/1128
f 1128/1128/1128 1075/1075/1075 1129/1129/1129
f 1129/1129/1129 1076/1076/1076 1130/1130/1130
f 1130/1130/1130 1077/1077/1077 1131/1131/1131
f 1131/1131/1131 1078/1078/1078 1132/1132/1132
f 1132/1132/1132 1079/1079/1079 1133/1133/1133
f 1133/1133/1133 1080/1080/1080 1134/1134/1134
f 1134/1134/1134 1081/1081/1081 1135/1135/1135
f 1135/1135/1135 1082/1082/1082 1136/1136/1136
f 1136/1136/1136 1083/1083/1083 1137/1137/1137
f 1137/1137/1137 1084/1084/1084 1138/1138/1138
f 1138/1138/1138 1085/1085/1085 1139/1139/1139
f 1139/1139/1139 1086/1086/1086 1140/1140/1140
f 1140/1140/1140 1087/1087/1087 1141/1141/1141
f 1141/1141/1141 1088/1088/1088 1142/1142/1142
f 1142/1142/1142 1089/1089/1089 1143/1143/1143
f 1143/1143/1143 1090/1090/1090 1144/1144/1144
f 1144/1144/1144 1091/1091/1091 1145/1145/1145
f 1145/1145/1145 1092/1092/1092 1146/1146/1146
f 1146/1146/1146 1093/1093/1093 1147/1147/1147
f 1147/1147/1147 1094/1094/1094 1148/1148/1148
f 1148/1148/1148 1095/1095/1095 1149/1149/1149
f 1149/1149/1149 1096/1096/1096 1150/1150/1150
f 1150/1150/1150 1097/1097/1097 1151/1151/1151
f 1151/1151/1151 1098/1098/1098 1152/1152/1152
f 1152/1152/1152 1099/1099/1099 1153/1153/1153
f 1153/1153/1153 1100/1100/1100 1154/1154/1154
f 1154/1154/1154 1101/1101/1101 1155/1155/1155
f 1155/1155/1155 1102/1102/1102 1156/1156/1156
f 1156/1156/1156 1103/1103/1103 1157/1157/1157
f 1157/1157/1157 1104/1104/1104 1158/1158/1158
f 1158/1158/1158 1105/1105/1105 1159/1159/1159
f 1159/1159/1159 1106/1106/1106 1160/1160/1160
f 1160/1160/1160 1107/1107/1107 1161/1161/1161
f 1161/1161/1161 1108/1108/1108 1162/1162/1162
f 1162/1162/1162 1055/1055/1055 1109/1109/1109
f 1163/1163/1163 1110/1110/1110 1164/1164/1164
f 1164/1164/1164 1111/1111/1111 1165/1165/1165
f 1165/1165/1165 1112/1112/1112 1166/1166/1166
f 1166/1166/1166 1113/1113/1113 1167/1167/1167
f 1167/1167/1167 1114/1114/1114 1168/1168/1168
f 1168/1168/1168 1115/1115/1115 1169/1169/1169
f 1169/1169/1169 1116/1116/1116 1170/1170/1170
f 1170/1170/1170 1117/1117/1117 1171/1171/1171
f 1171/1171/1171 1118/1118/1118 1172/1172/1172
f 1172/1172/1172 1119/1119/1119 1173/1173/1173
f 1173/1173/1173 1120/1120/1120 1174/1174/1174
f 1174/1174/1174 1121/1121/1121 1175/1175/1175
f 1175/1175/1175 1122/1122/1122 1176/1176/1176
f 991/991/991 993/993/993 995/995/995
f 1177/1177/1177 1124/1124/1124 1178/1178/1178
f 1178/1178/1178 1125/1125/1125 1179/1179/1179
f 1179/1179/1179 1126/1126/1126 1180/1180/1180
f 1180/1180/1180 1127/1127/1127 1181/1181/1181
f 1181/1181/1181 1128/1128/1128 1182/1182/1182
f 1182/1182/1182 1129/1129/1129 1183/1183/1183
f 995/995/995 1085/1085/1085 991/991/991
f 1183/1183/1183 1130/1130/1130 1184/1184/1184
f 1184/1184/1184 1131/1131/1131 1185/1185/1185
f 1185/1185/1185 1132/1132/1132 1186/1186/1186
f 1186/1186/1186 1133/1133/1133 1187/1187/1187
f 1187/1187/1187 1134/1134/1134 1188/1188/1188
f 1188/1188/1188 1135/1135/1135 1189/1189/1189
f 1189/1189/1189 1136/1136/1136 1190/1190/1190
f 1190/1190/1190 1137/1137/1137 1191/1191/1191
f 1191/1191/1191 1138/1138/1138 1192/1192/1192
f 1192/1192/1192 1139/1139/1139 1193/1193/1193
f 1193/1193/1193 1140/1140/1140 1194/1194/1194
f 1194/1194/1194 1141/1141/1141 1195/1195/1195
f 1195/1195/1195 1142/1142/1142 1196/1196/1196
f 1196/1196/1196 1143/1143/1143 1197/1197/1197
f 1197/1197/1197 1144/1144/1144 1198/1198/1198
f 1198/1198/1198 1145/1145/1145 1199/1199/1199
f 1199/1199/1199 1146/1146/1146 1200/1200/1200
f 1200/1200/1200 1147/1147/1147 1201/1201/1201
f 1201/1201/1201 1148/1148/1148 1202/1202/1202
f 1202/1202/1202 1149/1149/1149 1203/1203/1203
f 1203/1203/1203 1150/1150/1150 1204/1204/1204
f 1204/1204/1204 1151/1151/1151 1205/1205/1205
f 1205/1205/1205 1152/1152/1152 1206/1206/1206
f 1206/1206/1206 1153/1153/1153 1207/1207/1207
f 1207/1207/1207 1154/1154/1154 1208/1208/1208
f 1208/1208/1208 1155/1155/1155 1209/1209/1209
f 1209/1209/1209 1156/1156/1156 1210/1210/1210
f 1210/1210/1210 1157/1157/1157 1211/1211/1211
f 1211/1211/1211 1158/1158/1158 1212/1212/1212
f 1212/1212/1212 1159/1159/1159 1213/1213/1213
f 1213/1213/1213 1160/1160/1160 1214/1214/1214
f 1214/1214/1214 1161/1161/1161 1215/1215/1215
f 1215/1215/1215 1162/1162/1162 1216/1216/1216
f 1216/1216/1216 1109/1109/1109 1163/1163/1163
f 1217/1217/1217 1164/1164/1164 1218/1218/1218
f 1218/1218/1218 1165/1165/1165 1219/1219/1219
f 1219/1219/1219 1166/1166/1166 1220/1220/1220
f 1220/1220/1220 1167/1167/1167 1221/1221/1221
f 1221/1221/1221 1168/1168/1168 1222/1222/1222
f 1222/1222/1222 1169/1169/1169 1223/1223/1223
f 1223/1223/1223 1170/1170/1170 1224/1224/1224
f 1224/1224/1224 1171/1171/1171 1225/1225/1225
f 1225/1225/1225 1172/1172/1172 1226/1226/1226
f 1226/1226/1226 1173/1173/1173 1227/1227/1227
f 1227/1227/1227 1174/1174/1174 1228/1228/1228
f 1228/1228/1228 1175/1175/1175 1229/1229/1229
f 1229/1229/1229 1176/1176/1176 1230/1230/1230
f 1230/1230/1230 1177/1177/1177 1231/1231/1231
f 1231/1231/1231 1178/1178/1178 1232/1232/1232
f 1232/1232/1232 1179/1179/1179 1233/1233/1233
f 1233/1233/1233 1180/1180/1180 1234/1234/1234
f 1234/1234/1234 1181/1181/1181 1235/1235/1235
f 1235/1235/1235 1182/1182/1182 1236/1236/1236
f 1236/1236/1236 1183/1183/1183 1237/1237/1237
f 1237/1237/1237 1184/1184/1184 1238/1238/1238
f 1238/1238/1238 1185/1185/1185 1239/1239/1239
f 1239/1239/1239 1186/1186/1186 1240/1240/1240
f 1240/1240/1240 1187/1187/1187 1241/1241/1241
f 1241/1241/1241 1188/1188/1188 1242/1242/1242
f 1242/1242/1242 1189/1189/1189 1243/1243/1243
f 1243/1243/1243 1190/1190/1190 1244/1244/1244
f 1244/1244/1244 1191/1191/1191 1245/1245/1245
f 1245/1245/1245 1192/1192/1192 1246/1246/1246
f 1246/1246/1246 1193/1193/1193 1247/1247/1247
f 1247/1247/1247 1194/1194/1194 1248/1248/1248
f 1248/1248/1248 1195/1195/1195 1249/1249/1249
f 1249/1249/1249 1196/1196/1196 1250/1250/1250
f 1250/1250/1250 1197/1197/1197 1251/1251/1251
f 1251/1251/1251 1198/1198/1198 1252/1252/1252
f 1252/1252/1252 1199/1199/1199 1253/1253/1253
f 1253/1253/1253 1200/1200/1200 1254/1254/1254
f 1254/1254/1254 1201/1201/1201 1255/1255/1255
f 1255/1255/1255 1202/1202/1202 1256/1256/1256
f 1256/1256/1256 1203/1203/1203 1257/1257/1257
f 1257/1257/1257 1204/1204/1204 1258/1258/1258
f 1258/1258/1258 1205/1205/1205 1259/1259/1259
f 1259/1259/1259 1206/1206/1206 1260/1260/1260
f 1260/1260/1260 1207/1207/1207 1261/1261/1261
f 1261/1261/1261 1208/1208/1208 1262/1262/1262
f 1262/1262/1262 1209/1209/1209 1263/1263/1263
f 1263/1263/1263 1210/1210/1210 1264/1264/1264
f 1264/1264/1264 1211/1211/1211 1265/1265/1265
f 1265/1265/1265 1212/1212/1212 1266/1266/1266
f 1266/1266/1266 1213/1213/1213 1267/1267/1267
f 1267/1267/1267 1214/1214/1214 1268/1268/1268
f 1268/1268/1268 1215/1215/1215 1269/1269/1269
f 1269/1269/1269 1216/1216/1216 1270/1270/1270
f 1270/1270/1270 1163/1163/1163 1217/1217/1217
f 1163/1163/1163 1270/1270/1270 1216/1216/1216
f 1216/1216/1216 1269/1269/1269 1215/1215/1215
f 1215/1215/1215 1268/1268/1268 1214/1214/1214
f 1214/1214/1214 1267/1267/1267 1213/1213/1213
f 1213/1213/1213 1266/1266/1266 1212/1212/1212
f 1212/1212/1212 1265/1265/1265 1211/1211/1211
f 1211/1211/1211 1264/1264/1264 1210/1210/1210
f 1210/1210/1210 1263/1263/1263 1209/1209/1209
f 1209/1209/1209 1262/1262/1262 1208/1208/1208
f 1208/1208/1208 1261/1261/1261 1207/1207/1207
f 1207/1207/1207 1260/1260/1260 1206/1206/1206
f 1206/1206/1206 1259/1259/1259 1205/1205/1205
f 1205/1205/1205 1258/1258/1258 1204/1204/1204
f 1204/1204/1204 1257/1257/1257 1203/1203/1203
f 1203/1203/1203 1256/1256/1256 1202/1202/1202
f 1202/1202/1202 1255/1255/1255 1201/1201/1201
f 1201/1201/1201 1254/1254/1254 1200/1200/1200
f 1200/1200/1200 1253/1253/1253 1199/1199/1199
f 1199/1199/1199 1252/1252/1252 1198/1198/1198
f 1198/1198/1198 1251/1251/1251 1197/1197/1197
f 1197/1197/1197 1250/1250/1250 1196/1196/1196
f 1196/1196/1196 1249/1249/1249 1195/1195/1195
f 1195/1195/1195 1248/1248/1248 1194/1194/1194
f 1194/1194/1194 1247/1247/1247 1193/1193/1193
f 1193/1193/1193 1246/1246/1246 1192/1192/1192
f 1192/1192/1192 1245/1245/1245 1191/1191/1191
f 1191/1191/1191 1244/1244/1244 1190/1190/1190
f 1190/1190/1190 1243/1243/1243 1189/1189/1189
f 1189/1189/1189 1242/1242/1242 1188/1188/1188
f 1188/1188/1188 1241/1241/1241 1187/1187/1187
f 1187/1187/1187 1240/1240/1240 1186/1186/1186
f 1186/1186/1186 1239/1239/1239 1185/1185/1185
f 1185/1185/1185 1238/1238/1238 1184/1184/1184
f 1184/1184/1184 1237/1237/1237 1183/1183/1183
f 1183/1183/1183 1236/1236/1236 1182/1182/1182
f 1182/1182/1182 1235/1235/1235 1181/1181/1181
f 1181/1181/1181 1234/1234/1234 1180/1180/1180
f 1180/1180/1180 1233/1233/1233 1179/1179/1179
f 1179/1179/1179 1232/1232/1232 1178/1178/1178
f 1178/1178/1178 1231/1231/1231 1177/1177/1177
f 1177/1177/1177 1230/1230/1230 1176/1176/1176
f 1176/1176/1176 1229/1229/1229 1175/1175/1175
f 1175/1175/1175 1228/1228/1228 1174/1174/1174
f 1174/1174/1174 1227/1227/1227 1173/1173/1173
f 1173/1173/1173 1226/1226/1226 1172/1172/1172
f 1172/1172/1172 1225/1225/1225 1171/1171/1171
f 1171/1171/1171 1224/1224/1224 1170/1170/1170
f 1170/1170/1170 1223/1223/1223 1169/1169/1169
f 1169/1169/1169 1222/1222/1222 1168/1168/1168
f 1168/1168/1168 1221/1221/1221 1167/1167/1167
f 991/991/991 990/990/990 992/992/992
f 986/986/986 988/988/988 989/989/989
f 984/984/984 985/985/985 987/987/987
f 981/981/981 983/983/983 984/984/984
f 981/981/981 980/980/980 982/982/982
f 976/976/976 978/978/978 979/979/979
f 973/973/973 975/975/975 977/977/977
f 973/973/973 972/972/972 974/974/974
f 968/968/968 970/970/970 971/971/971
f 965/965/965 967/967/967 969/969/969
f 965/965/965 964/964/964 966/966/966
f 960/960/960 961/961/961 963/963/963
f 957/957/957 959/959/959 962/962/962
f 954/954/954 956/956/956 958/958/958
f 954/954/954 953/953/953 955/955/955
f 949/949/949 951/951/951 952/952/952
f 946/946/946 948/948/948 950/950/950
f 946/946/946 945/945/945 947/947/947
f 941/941/941 943/943/943 944/944/944
f 938/938/938 940/940/940 942/942/942
f 938/938/938 937/937/937 939/939/939
f 935/935/935 934/934/934 936/936/936
f 930/930/930 932/932/932 933/933/933
f 927/927/927 929/929/929 931/931/931
f 927/927/927 926/926/926 928/928/928
f 922/922/922 924/924/924 925/925/925
f 919/919/919 921/921/921 923/923/923
f 919/919/919 918/918/918 920/920/920
f 914/914/914 916/916/916 917/917/917
f 911/911/911 913/913/913 915/915/915
f 994/994/994 1086/1086/1086 995/995/995
f 999/999/999 1087/1087/1087 994/994/994
f 1003/1003/1003 1088/1088/1088 999/999/999
f 1002/1002/1002 1089/1089/1089 1003/1003/1003
f 1007/1007/1007 1090/1090/1090 1002/1002/1002
f 1010/1010/1010 1091/1091/1091 1007/1007/1007
f 1014/1014/1014 1092/1092/1092 1010/1010/1010
f 1013/1013/1013 1093/1093/1093 1014/1014/1014
f 1018/1018/1018 1094/1094/1094 1013/1013/1013
f 1022/1022/1022 1095/1095/1095 1018/1018/1018
f 1021/1021/1021 1096/1096/1096 1022/1022/1022
f 1026/1026/1026 1097/1097/1097 1021/1021/1021
f 1030/1030/1030 1098/1098/1098 1026/1026/1026
f 1029/1029/1029 1099/1099/1099 1030/1030/1030
f 1032/1032/1032 1100/1100/1100 1029/1029/1029
f 1037/1037/1037 1101/1101/1101 1032/1032/1032
f 1041/1041/1041 1102/1102/1102 1037/1037/1037
f 1040/1040/1040 1103/1103/1103 1041/1041/1041
f 1045/1045/1045 1104/1104/1104 1040/1040/1040
f 1049/1049/1049 1105/1105/1105 1045/1045/1045
f 1048/1048/1048 1106/1106/1106 1049/1049/1049
f 1053/1053/1053 1107/1107/1107 1048/1048/1048
f 911/911/911 1108/1108/1108 1053/1053/1053
f 1056/1056/1056 1109/1109/1109 1055/1055/1055
f 1057/1057/1057 1110/1110/1110 1056/1056/1056
f 1058/1058/1058 1111/1111/1111 1057/1057/1057
f 1059/1059/1059 1112/1112/1112 1058/1058/1058
f 1060/1060/1060 1113/1113/1113 1059/1059/1059
f 1061/1061/1061 1114/1114/1114 1060/1060/1060
f 1062/1062/1062 1115/1115/1115 1061/1061/1061
f 1063/1063/1063 1116/1116/1116 1062/1062/1062
f 1064/1064/1064 1117/1117/1117 1063/1063/1063
f 1065/1065/1065 1118/1118/1118 1064/1064/1064
f 1066/1066/1066 1119/1119/1119 1065/1065/1065
f 1067/1067/1067 1120/1120/1120 1066/1066/1066
f 1068/1068/1068 1121/1121/1121 1067/1067/1067
f 1069/1069/1069 1122/1122/1122 1068/1068/1068
f 1070/1070/1070 1123/1123/1123 1069/1069/1069
f 1071/1071/1071 1124/1124/1124 1070/1070/1070
f 1072/1072/1072 1125/1125/1125 1071/1071/1071
f 1073/1073/1073 1126/1126/1126 1072/1072/1072
f 1074/1074/1074 1127/1127/1127 1073/1073/1073
f 1075/1075/1075 1128/1128/1128 1074/1074/1074
f 1076/1076/1076 1129/1129/1129 1075/1075/1075
f 1077/1077/1077 1130/1130/1130 1076/1076/1076
f 1167/1167/1167 1220/1220/1220 1166/1166/1166
f 1078/1078/1078 1131/1131/1131 1077/1077/1077
f 1079/1079/1079 1132/1132/1132 1078/1078/1078
f 1080/1080/1080 1133/1133/1133 1079/1079/1079
f 1081/1081/1081 1134/1134/1134 1080/1080/1080
f 1082/1082/1082 1135/1135/1135 1081/1081/1081
f 1083/1083/1083 1136/1136/1136 1082/1082/1082
f 1084/1084/1084 1137/1137/1137 1083/1083/1083
f 1085/1085/1085 1138/1138/1138 1084/1084/1084
f 1086/1086/1086 1139/1139/1139 1085/1085/1085
f 1087/1087/1087 1140/1140/1140 1086/1086/1086
f 1088/1088/1088 1141/1141/1141 1087/1087/1087
f 1089/1089/1089 1142/1142/1142 1088/1088/1088
f 1090/1090/1090 1143/1143/1143 1089/1089/1089
f 1091/1091/1091 1144/1144/1144 1090/1090/1090
f 1092/1092/1092 1145/1145/1145 1091/1091/1091
f 1093/1093/1093 1146/1146/1146 1092/1092/1092
f 1094/1094/1094 1147/1147/1147 1093/1093/1093
f 1095/1095/1095 1148/1148/1148 1094/1094/1094
f 1096/1096/1096 1149/1149/1149 1095/1095/1095
f 1097/1097/1097 1150/1150/1150 1096/1096/1096
f 1098/1098/1098 1151/1151/1151 1097/1097/1097
f 1099/1099/1099 1152/1152/1152 1098/1098/1098
f 1100/1100/1100 1153/1153/1153 1099/1099/1099
f 1101/1101/1101 1154/1154/1154 1100/1100/1100
f 1102/1102/1102 1155/1155/1155 1101/1101/1101
f 1103/1103/1103 1156/1156/1156 1102/1102/1102
f 1104/1104/1104 1157/1157/1157 1103/1103/1103
f 1105/1105/1105 1158/1158/1158 1104/1104/1104
f 1106/1106/1106 1159/1159/1159 1105/1105/1105
f 1107/1107/1107 1160/1160/1160 1106/1106/1106
f 1108/1108/1108 1161/1161/1161 1107/1107/1107
f 1055/1055/1055 1162/1162/1162 1108/1108/1108
f 1110/1110/1110 1163/1163/1163 1109/1109/1109
f 1111/1111/1111 1164/1164/1164 1110/1110/1110
f 1112/1112/1112 1165/1165/1165 1111/1111/1111
f 1113/1113/1113 1166/1166/1166 1112/1112/1112
f 1114/1114/1114 1167/1167/1167 1113/1113/1113
f 1115/1115/1115 1168/1168/1168 1114/1114/1114
f 1116/1116/1116 1169/1169/1169 1115/1115/1115
f 1117/1117/1117 1170/1170/1170 1116/1116/1116
f 1118/1118/1118 1171/1171/1171 1117/1117/1117
f 1119/1119/1119 1172/1172/1172 1118/1118/1118
f 1120/1120/1120 1173/1173/1173 1119/1119/1119
f 1121/1121/1121 1174/1174/1174 1120/1120/1120
f 1122/1122/1122 1175/1175/1175 1121/1121/1121
f 1123/1123/1123 1176/1176/1176 1122/1122/1122
f 1124/1124/1124 1177/1177/1177 1123/1123/1123
f 1125/1125/1125 1178/1178/1178 1124/1124/1124
f 1126/1126/1126 1179/1179/1179 1125/1125/1125
f 1127/1127/1127 1180/1180/1180 1126/1126/1126
f 1128/1128/1128 1181/1181/1181 1127/1127/1127
f 1129/1129/1129 1182/1182/1182 1128/1128/1128
f 1130/1130/1130 1183/1183/1183 1129/1129/1129
f 1131/1131/1131 1184/1184/1184 1130/1130/1130
f 1132/1132/1132 1185/1185/1185 1131/1131/1131
f 1133/1133/1133 1186/1186/1186 1132/1132/1132
f 1134/1134/1134 1187/1187/1187 1133/1133/1133
f 1135/1135/1135 1188/1188/1188 1134/1134/1134
f 1136/1136/1136 1189/1189/1189 1135/1135/1135
f 1137/1137/1137 1190/1190/1190 1136/1136/1136
f 1138/1138/1138 1191/1191/1191 1137/1137/1137
f 1139/1139/1139 1192/1192/1192 1138/1138/1138
f 1140/1140/1140 1193/1193/1193 1139/1139/1139
f 1141/1141/1141 1194/1194/1194 1140/1140/1140
f 1142/1142/1142 1195/1195/1195 1141/1141/1141
f 1143/1143/1143 1196/1196/1196 1142/1142/1142
f 1144/1144/1144 1197/1197/1197 1143/1143/1143
f 1145/1145/1145 1198/1198/1198 1144/1144/1144
f 1146/1146/1146 1199/1199/1199 1145/1145/1145
f 1147/1147/1147 1200/1200/1200 1146/1146/1146
f 1148/1148/1148 1201/1201/1201 1147/1147/1147
f 1149/1149/1149 1202/1202/1202 1148/1148/1148
f 1150/1150/1150 1203/1203/1203 1149/1149/1149
f 1151/1151/1151 1204/1204/1204 1150/1150/1150
f 1152/1152/1152 1205/1205/1205 1151/1151/1151
f 1153/1153/1153 1206/1206/1206 1152/1152/1152
f 1154/1154/1154 1207/1207/1207 1153/1153/1153
f 1155/1155/1155 1208/1208/1208 1154/1154/1154
f 1156/1156/1156 1209/1209/1209 1155/1155/1155
f 1157/1157/1157 1210/1210/1210 1156/1156/1156
f 1158/1158/1158 1211/1211/1211 1157/1157/1157
f 1159/1159/1159 1212/1212/1212 1158/1158/1158
f 1160/1160/1160 1213/1213/1213 1159/1159/1159
f 1161/1161/1161 1214/1214/1214 1160/1160/1160
f 1162/1162/1162 1215/1215/1215 1161/1161/1161
f 1109/1109/1109 1216/1216/1216 1162/1162/1162
f 1164/1164/1164 1217/1217/1217 1163/1163/1163
f 1165/1165/1165 1218/1218/1218 1164/1164/1164
f 1176/1176/1176 1123/1123/1123 1177/1177/1177
f 1166/1166/1166 1219/1219/1219 1165/1165/1165
f 913/913/913 911/911/911 912/912/912
f 916/916/916 914/914/914 915/915/915
f 916/916/916 915/915/915 913/913/913
f 918/918/918 914/914/914 917/917/917
f 914/914/914 918/918/918 919/919/919
f 921/921/921 919/919/919 920/920/920
f 924/924/924 922/922/922 923/923/923
f 924/924/924 923/923/923 921/921/921
f 926/926/926 922/922/922 925/925/925
f 922/922/922 926/926/926 927/927/927
f 929/929/929 927/927/927 928/928/928
f 932/932/932 930/930/930 931/931/931
f 932/932/932 931/931/931 929/929/929
f 934/934/934 930/930/930 933/933/933
f 930/930/930 934/934/934 935/935/935
f 937/937/937 935/935/935 936/936/936
f 935/935/935 937/937/937 938/938/938
f 940/940/940 938/938/938 939/939/939
f 943/943/943 941/941/941 942/942/942
f 943/943/943 942/942/942 940/940/940
f 945/945/945 941/941/941 944/944/944
f 941/941/941 945/945/945 946/946/946
f 948/948/948 946/946/946 947/947/947
f 951/951/951 949/949/949 950/950/950
f 951/951/951 950/950/950 948/948/948
f 953/953/953 949/949/949 952/952/952
f 949/949/949 953/953/953 954/954/954
f 956/956/956 954/954/954 955/955/955
f 959/959/959 957/957/957 958/958/958
f 959/959/959 958/958/958 956/956/956
f 961/961/961 960/960/960 957/957/957
f 961/961/961 957/957/957 962/962/962
f 964/964/964 960/960/960 963/963/963
f 960/960/960 964/964/964 965/965/965
f 967/967/967 965/965/965 966/966/966
f 970/970/970 968/968/968 969/969/969
f 970/970/970 969/969/969 967/967/967
f 972/972/972 968/968/968 971/971/971
f 968/968/968 972/972/972 973/973/973
f 975/975/975 973/973/973 974/974/974
f 978/978/978 976/976/976 977/977/977
f 978/978/978 977/977/977 975/975/975
f 980/980/980 976/976/976 979/979/979
f 976/976/976 980/980/980 981/981/981
f 983/983/983 981/981/981 982/982/982
f 985/985/985 984/984/984 983/983/983
f 988/988/988 986/986/986 987/987/987
f 988/988/988 987/987/987 985/985/985
f 990/990/990 986/986/986 989/989/989
f 986/986/986 990/990/990 991/991/991
f 993/993/993 991/991/991 992/992/992
f 996/996/996 994/994/994 995/995/995
f 996/996/996 995/995/995 993/993/993
f 998/998/998 994/994/994 997/997/997
f 994/994/994 998/998/998 999/999/999
f 1001/1001/1001 999/999/999 1000/1000/1000
f 1004/1004/1004 1002/1002/1002 1003/1003/1003
f 1004/1004/1004 1003/1003/1003 1001/1001/1001
f 1006/1006/1006 1002/1002/1002 1005/1005/1005
f 1002/1002/1002 1006/1006/1006 1007/1007/1007
f 1009/1009/1009 1007/1007/1007 1008/1008/1008
f 1007/1007/1007 1009/1009/1009 1010/1010/1010
f 1012/1012/1012 1010/1010/1010 1011/1011/1011
f 1015/1015/1015 1013/1013/1013 1014/1014/1014
f 1015/1015/1015 1014/1014/1014 1012/1012/1012
f 1017/1017/1017 1013/1013/1013 1016/1016/1016
f 1013/1013/1013 1017/1017/1017 1018/1018/1018
f 1020/1020/1020 1018/1018/1018 1019/1019/1019
f 1023/1023/1023 1021/1021/1021 1022/1022/1022
f 1023/1023/1023 1022/1022/1022 1020/1020/1020
f 1025/1025/1025 1021/1021/1021 1024/1024/1024
f 1021/1021/1021 1025/1025/1025 1026/1026/1026
f 1028/1028/1028 1026/1026/1026 1027/1027/1027
f 1031/1031/1031 1029/1029/1029 1030/1030/1030
f 1031/1031/1031 1030/1030/1030 1028/1028/1028
f 1033/1033/1033 1032/1032/1032 1029/1029/1029
f 1033/1033/1033 1029/1029/1029 1034/1034/1034
f 1036/1036/1036 1032/1032/1032 1035/1035/1035
f 1032/1032/1032 1036/1036/1036 1037/1037/1037
f 1039/1039/1039 1037/1037/1037 1038/1038/1038
f 1042/1042/1042 1040/1040/1040 1041/1041/1041
f 1042/1042/1042 1041/1041/1041 1039/1039/1039
f 1044/1044/1044 1040/1040/1040 1043/1043/1043
f 1040/1040/1040 1044/1044/1044 1045/1045/1045
f 1047/1047/1047 1045/1045/1045 1046/1046/1046
f 1050/1050/1050 1048/1048/1048 1049/1049/1049
f 1050/1050/1050 1049/1049/1049 1047/1047/1047
f 1052/1052/1052 1048/1048/1048 1051/1051/1051
f 1048/1048/1048 1052/1052/1052 1053/1053/1053
f 912/912/912 1053/1053/1053 1054/1054/1054
f 915/915/915 1055/1055/1055 911/911/911
f 914/914/914 1056/1056/1056 915/915/915
f 919/919/919 1057/1057/1057 914/914/914
f 923/923/923 1058/1058/1058 919/919/919
f 922/922/922 1059/1059/1059 923/923/923
f 927/927/927 1060/1060/1060 922/922/922
f 931/931/931 1061/1061/1061 927/927/927
f 930/930/930 1062/1062/1062 931/931/931
f 935/935/935 1063/1063/1063 930/930/930
f 938/938/938 1064/1064/1064 935/935/935
f 942/942/942 1065/1065/1065 938/938/938
f 941/941/941 1066/1066/1066 942/942/942
f 946/946/946 1067/1067/1067 941/941/941
f 950/950/950 1068/1068/1068 946/946/946
f 949/949/949 1069/1069/1069 950/950/950
f 954/954/954 1070/1070/1070 949/949/949
f 958/958/958 1071/1071/1071 954/954/954
f 957/957/957 1072/1072/1072 958/958/958
f 960/960/960 1073/1073/1073 957/957/957
f 965/965/965 1074/1074/1074 960/960/960
f 969/969/969 1075/1075/1075 965/965/965
f 968/968/968 1076/1076/1076 969/969/969
f 973/973/973 1077/1077/1077 968/968/968
f 977/977/977 1078/1078/1078 973/973/973
f 976/976/976 1079/1079/1079 977/977/977
f 981/981/981 1080/1080/1080 976/976/976
f 984/984/984 1081/1081/1081 981/981/981
f 987/987/987 1082/1082/1082 984/984/984
f 986/986/986 1083/1083/1083 987/987/987
f 991/991/991 1084/1084/1084 986/986/986
f 441/441/441 443/443/443 444/444/444
f 444/444/444 445/445/445 446/446/446
f 446/446/446 447/447/447 448/448/448
f 448/448/448 449/449/449 450/450/450
f 450/450/450 451/451/451 452/452/452
f 452/452/452 453/453/453 454/454/454
f 454/454/454 455/455/455 456/456/456
f 456/456/456 457/457/457 458/458/458
f 458/458/458 459/459/459 460/460/460
f 460/460/460 461/461/461 462/462/462
f 462/462/462 463/463/463 464/464/464
f 464/464/464 465/465/465 466/466/466
f 466/466/466 467/467/467 468/468/468
f 468/468/468 469/469/469 470/470/470
f 470/470/470 471/471/471 472/472/472
f 472/472/472 473/473/473 474/474/474
f 474/474/474 475/475/475 476/476/476
f 476/476/476 477/477/477 478/478/478
f 478/478/478 479/479/479 480/480/480
f 480/480/480 481/481/481 482/482/482
f 482/482/482 483/483/483 484/484/484
f 484/484/484 485/485/485 486/486/486
f 486/486/486 487/487/487 488/488/488
f 488/488/488 489/489/489 490/490/490
f 490/490/490 491/491/491 492/492/492
f 492/492/492 493/493/493 494/494/494
f 494/494/494 495/495/495 496/496/496
f 496/496/496 497/497/497 498/498/498
f 498/498/498 499/499/499 500/500/500
f 500/500/500 501/501/501 502/502/502
f 502/502/502 503/503/503 504/504/504
f 504/504/504 505/505/505 506/506/506
f 506/506/506 507/507/507 508/508/508
f 508/508/508 509/509/509 510/510/510
f 510/510/510 511/511/511 512/512/512
f 512/512/512 513/513/513 514/514/514
f 514/514/514 515/515/515 516/516/516
f 516/516/516 517/517/517 518/518/518
f 518/518/518 519/519/519 520/520/520
f 520/520/520 521/521/521 522/522/522
f 522/522/522 523/523/523 524/524/524
f 524/524/524 525/525/525 526/526/526
f 526/526/526 527/527/527 528/528/528
f 528/528/528 529/529/529 530/530/530
f 530/530/530 531/531/531 532/532/532
f 532/532/532 533/533/533 534/534/534
f 534/534/534 535/535/535 536/536/536
f 536/536/536 537/537/537 538/538/538
f 538/538/538 539/539/539 540/540/540
f 540/540/540 541/541/541 542/542/542
f 542/542/542 543/543/543 544/544/544
f 544/544/544 545/545/545 546/546/546
f 546/546/546 547/547/547 548/548/548
f 548/548/548 549/549/549 550/550/550
f 550/550/550 551/551/551 552/552/552
f 552/552/552 553/553/553 554/554/554
f 554/554/554 555/555/555 556/556/556
f 556/556/556 557/557/557 558/558/558
f 558/558/558 559/559/559 560/560/560
f 560/560/560 561/561/561 562/562/562
f 562/562/562 563/563/563 564/564/564
f 564/564/564 565/565/565 566/566/566
f 566/566/566 567/567/567 568/568/568
f 568/568/568 569/569/569 570/570/570
f 570/570/570 571/571/571 572/572/572
f 572/572/572 573/573/573 574/574/574
f 574/574/574 575/575/575 576/576/576
f 576/576/576 577/577/577 578/578/578
f 578/578/578 579/579/579 580/580/580
f 580/580/580 581/581/581 582/582/582
f 582/582/582 583/583/583 584/584/584
f 584/584/584 585/585/585 586/586/586
f 586/586/586 587/587/587 588/588/588
f 588/588/588 589/589/589 590/590/590
f 590/590/590 591/591/591 592/592/592
f 592/592/592 442/442/442 441/441/441
f 593/593/593 444/444/444 594/594/594
f 594/594/594 446/446/446 595/595/595
f 595/595/595 448/448/448 596/596/596
f 596/596/596 450/450/450 597/597/597
f 597/597/597 452/452/452 598/598/598
f 598/598/598 454/454/454 599/599/599
f 599/599/599 456/456/456 600/600/600
f 600/600/600 458/458/458 601/601/601
f 601/601/601 460/460/460 602/602/602
f 602/602/602 462/462/462 603/603/603
f 603/603/603 464/464/464 604/604/604
f 604/604/604 466/466/466 605/605/605
f 605/605/605 468/468/468 606/606/606
f 606/606/606 470/470/470 607/607/607
f 607/607/607 472/472/472 608/608/608
f 608/608/608 474/474/474 609/609/609
f 609/609/609 476/476/476 610/610/610
f 610/610/610 478/478/478 611/611/611
f 611/611/611 480/480/480 612/612/612
f 612/612/612 482/482/482 613/613/613
f 613/613/613 484/484/484 614/614/614
f 614/614/614 486/486/486 615/615/615
f 615/615/615 488/488/488 616/616/616
f 616/616/616 490/490/490 617/617/617
f 617/617/617 492/492/492 618/618/618
f 618/618/618 494/494/494 619/619/619
f 619/619/619 496/496/496 620/620/620
f 620/620/620 498/498/498 621/621/621
f 621/621/621 500/500/500 622/622/622
f 622/622/622 502/502/502 623/623/623
f 623/623/623 504/504/504 624/624/624
f 624/624/624 506/506/506 625/625/625
f 625/625/625 508/508/508 626/626/626
f 626/626/626 510/510/510 627/627/627
f 627/627/627 512/512/512 628/628/628
f 628/628/628 514/514/514 629/629/629
f 629/629/629 516/516/516 630/630/630
f 630/630/630 518/518/518 631/631/631
f 631/631/631 520/520/520 632/632/632
f 632/632/632 522/522/522 633/633/633
f 633/633/633 524/524/524 634/634/634
f 634/634/634 526/526/526 635/635/635
f 635/635/635 528/528/528 636/636/636
f 636/636/636 530/530/530 637/637/637
f 637/637/637 532/532/532 638/638/638
f 638/638/638 534/534/534 639/639/639
f 639/639/639 536/536/536 640/640/640
f 640/640/640 538/538/538 641/641/641
f 641/641/641 540/540/540 642/642/642
f 642/642/642 542/542/542 643/643/643
f 643/643/643 544/544/544 644/644/644
f 644/644/644 546/546/546 645/645/645
f 645/645/645 548/548/548 646/646/646
f 646/646/646 550/550/550 647/647/647
f 647/647/647 552/552/552 648/648/648
f 648/648/648 554/554/554 649/649/649
f 649/649/649 556/556/556 650/650/650
f 650/650/650 558/558/558 651/651/651
f 651/651/651 560/560/560 652/652/652
f 652/652/652 562/562/562 653/653/653
f 653/653/653 564/564/564 654/654/654
f 654/654/654 566/566/566 655/655/655
f 656/656/656 570/570/570 657/657/657
f 657/657/657 572/572/572 658/658/658
f 658/658/658 574/574/574 659/659/659
f 659/659/659 576/576/576 660/660/660
f 660/660/660 578/578/578 661/661/661
f 661/661/661 580/580/580 662/662/662
f 662/662/662 582/582/582 663/663/663
f 663/663/663 584/584/584 664/664/664
f 664/664/664 586/586/586 665/665/665
f 665/665/665 588/588/588 666/666/666
f 666/666/666 590/590/590 667/667/667
f 667/667/667 592/592/592 668/668/668
f 668/668/668 441/441/441 593/593/593
f 669/669/669 594/594/594 670/670/670
f 670/670/670 595/595/595 671/671/671
f 671/671/671 596/596/596 672/672/672
f 672/672/672 597/597/597 673/673/673
f 673/673/673 598/598/598 674/674/674
f 674/674/674 599/599/599 675/675/675
f 675/675/675 600/600/600 676/676/676
f 676/676/676 601/601/601 677/677/677
f 677/677/677 602/602/602 678/678/678
f 678/678/678 603/603/603 679/679/679
f 679/679/679 604/604/604 680/680/680
f 680/680/680 605/605/605 681/681/681
f 681/681/681 606/606/606 682/682/682
f 682/682/682 607/607/607 683/683/683
f 683/683/683 608/608/608 684/684/684
f 684/684/684 609/609/609 685/685/685
f 685/685/685 610/610/610 686/686/686
f 686/686/686 611/611/611 687/687/687
f 687/687/687 612/612/612 688/688/688
f 688/688/688 613/613/613 689/689/689
f 689/689/689 614/614/614 690/690/690
f 690/690/690 615/615/615 691/691/691
f 691/691/691 616/616/616 692/692/692
f 692/692/692 617/617/617 693/693/693
f 693/693/693 618/618/618 694/694/694
f 694/694/694 619/619/619 695/695/695
f 695/695/695 620/620/620 696/696/696
f 696/696/696 621/621/621 697/697/697
f 697/697/697 622/622/622 698/698/698
f 698/698/698 623/623/623 699/699/699
f 699/699/699 624/624/624 700/700/700
f 700/700/700 625/625/625 701/701/701
f 701/701/701 626/626/626 702/702/702
f 702/702/702 627/627/627 703/703/703
f 703/703/703 628/628/628 704/704/704
f 704/704/704 629/629/629 705/705/705
f 705/705/705 630/630/630 706/706/706
f 706/706/706 631/631/631 707/707/707
f 707/707/707 632/632/632 708/708/708
f 708/708/708 633/633/633 709/709/709
f 709/709/709 634/634/634 710/710/710
f 710/710/710 635/635/635 711/711/711
f 711/711/711 636/636/636 712/712/712
f 712/712/712 637/637/637 713/713/713
f 713/713/713 638/638/638 714/714/714
f 714/714/714 639/639/639 715/715/715
f 715/715/715 640/640/640 716/716/716
f 716/716/716 641/641/641 717/717/717
f 717/717/717 642/642/642 718/718/718
f 718/718/718 643/643/643 719/719/719
f 719/719/719 644/644/644 720/720/720
f 720/720/720 645/645/645 721/721/721
f 721/721/721 646/646/646 722/722/722
f 722/722/722 647/647/647 723/723/723
f 723/723/723 648/648/648 724/724/724
f 724/724/724 649/649/649 725/725/725
f 725/725/725 650/650/650 726/726/726
f 726/726/726 651/651/651 727/727/727
f 727/727/727 652/652/652 728/728/728
f 728/728/728 653/653/653 729/729/729
f 729/729/729 654/654/654 730/730/730
f 730/730/730 655/655/655 731/731/731
f 731/731/731 656/656/656 732/732/732
f 732/732/732 657/657/657 733/733/733
f 733/733/733 658/658/658 734/734/734
f 734/734/734 659/659/659 735/735/735
f 735/735/735 660/660/660 736/736/736
f 736/736/736 661/661/661 737/737/737
f 737/737/737 662/662/662 738/738/738
f 738/738/738 663/663/663 739/739/739
f 739/739/739 664/664/664 740/740/740
f 740/740/740 665/665/665 741/741/741
f 741/741/741 666/666/666 742/742/742
f 742/742/742 667/667/667 743/743/743
f 743/743/743 668/668/668 744/744/744
f 744/744/744 593/593/593 669/669/669
f 593/593/593 744/744/744 668/668/668
f 668/668/668 743/743/743 667/667/667
f 667/667/667 742/742/742 666/666/666
f 666/666/666 741/741/741 665/665/665
f 665/665/665 740/740/740 664/664/664
f 664/664/664 739/739/739 663/663/663
f 663/663/663 738/738/738 662/662/662
f 662/662/662 737/737/737 661/661/661
f 661/661/661 736/736/736 660/660/660
f 660/660/660 735/735/735 659/659/659
f 659/659/659 734/734/734 658/658/658
f 658/658/658 733/733/733 657/657/657
f 657/657/657 732/732/732 656/656/656
f 656/656/656 731/731/731 655/655/655
f 655/655/655 730/730/730 654/654/654
f 654/654/654 729/729/729 653/653/653
f 653/653/653 728/728/728 652/652/652
f 652/652/652 727/727/727 651/651/651
f 651/651/651 726/726/726 650/650/650
f 650/650/650 725/725/725 649/649/649
f 649/649/649 724/724/724 648/648/648
f 648/648/648 723/723/723 647/647/647
f 647/647/647 722/722/722 646/646/646
f 646/646/646 721/721/721 645/645/645
f 645/645/645 720/720/720 644/644/644
f 644/644/644 719/719/719 643/643/643
f 643/643/643 718/718/718 642/642/642
f 642/642/642 717/717/717 641/641/641
f 641/641/641 716/716/716 640/640/640
f 640/640/640 715/715/715 639/639/639
f 639/639/639 714/714/714 638/638/638
f 638/638/638 713/713/713 637/637/637
f 637/637/637 712/712/712 636/636/636
f 636/636/636 711/711/711 635/635/635
f 635/635/635 710/710/710 634/634/634
f 634/634/634 709/709/709 633/633/633
f 633/633/633 708/708/708 632/632/632
f 632/632/632 707/707/707 631/631/631
f 631/631/631 706/706/706 630/630/630
f 630/630/630 705/705/705 629/629/629
f 629/629/629 704/704/704 628/628/628
f 628/628/628 703/703/703 627/627/627
f 627/627/627 702/702/702 626/626/626
f 626/626/626 701/701/701 625/625/625
f 625/625/625 700/700/700 624/624/624
f 624/624/624 699/699/699 623/623/623
f 623/623/623 698/698/698 622/622/622
f 622/622/622 697/697/697 621/621/621
f 621/621/621 696/696/696 620/620/620
f 620/620/620 695/695/695 619/619/619
f 619/619/619 694/694/694 618/618/618
f 618/618/618 693/693/693 617/617/617
f 617/617/617 692/692/692 616/616/616
f 616/616/616 691/691/691 615/615/615
f 615/615/615 690/690/690 614/614/614
f 614/614/614 689/689/689 613/613/613
f 613/613/613 688/688/688 612/612/612
f 612/612/612 687/687/687 611/611/611
f 611/611/611 686/686/686 610/610/610
f 610/610/610 685/685/685 609/609/609
f 609/609/609 684/684/684 608/608/608
f 608/608/608 683/683/683 607/607/607
f 607/607/607 682/682/682 606/606/606
f 606/606/606 681/681/681 605/605/605
f 605/605/605 680/680/680 604/604/604
f 604/604/604 679/679/679 603/603/603
f 603/603/603 678/678/678 602/602/602
f 602/602/602 677/677/677 601/601/601
f 601/601/601 676/676/676 600/600/600
f 600/600/600 675/675/675 599/599/599
f 599/599/599 674/674/674 598/598/598
f 598/598/598 673/673/673 597/597/597
f 597/597/597 672/672/672 596/596/596
f 596/596/596 671/671/671 595/595/595
f 595/595/595 670/670/670 594/594/594
f 594/594/594 669/669/669 593/593/593
f 441/441/441 668/668/668 592/592/592
f 592/592/592 667/667/667 590/590/590
f 590/590/590 666/666/666 588/588/588
f 588/588/588 665/665/665 586/586/586
f 586/586/586 664/664/664 584/584/584
f 584/584/584 663/663/663 582/582/582
f 582/582/582 662/662/662 580/580/580
f 580/580/580 661/661/661 578/578/578
f 578/578/578 660/660/660 576/576/576
f 576/576/576 659/659/659 574/574/574
f 574/574/574 658/658/658 572/572/572
f 572/572/572 657/657/657 570/570/570
f 570/570/570 656/656/656 568/568/568
f 568/568/568 655/655/655 566/566/566
f 566/566/566 654/654/654 564/564/564
f 564/564/564 653/653/653 562/562/562
f 562/562/562 652/652/652 560/560/560
f 560/560/560 651/651/651 558/558/558
f 558/558/558 650/650/650 556/556/556
f 556/556/556 649/649/649 554/554/554
f 554/554/554 648/648/648 552/552/552
f 552/552/552 647/647/647 550/550/550
f 550/550/550 646/646/646 548/548/548
f 548/548/548 645/645/645 546/546/546
f 546/546/546 644/644/644 544/544/544
f 544/544/544 643/643/643 542/542/542
f 542/542/542 642/642/642 540/540/540
f 540/540/540 641/641/641 538/538/538
f 538/538/538 640/640/640 536/536/536
f 536/536/536 639/639/639 534/534/534
f 534/534/534 638/638/638 532/532/532
f 532/532/532 637/637/637 530/530/530
f 530/530/530 636/636/636 528/528/528
f 528/528/528 635/635/635 526/526/526
f 526/526/526 634/634/634 524/524/524
f 524/524/524 633/633/633 522/522/522
f 522/522/522 632/632/632 520/520/520
f 520/520/520 631/631/631 518/518/518
f 518/518/518 630/630/630 516/516/516
f 516/516/516 629/629/629 514/514/514
f 514/514/514 628/628/628 512/512/512
f 512/512/512 627/627/627 510/510/510
f 510/510/510 626/626/626 508/508/508
f 508/508/508 625/625/625 506/506/506
f 506/506/506 624/624/624 504/504/504
f 504/504/504 623/623/623 502/502/502
f 502/502/502 622/622/622 500/500/500
f 500/500/500 621/621/621 498/498/498
f 498/498/498 620/620/620 496/496/496
f 496/496/496 619/619/619 494/494/494
f 494/494/494 618/618/618 492/492/492
f 492/492/492 617/617/617 490/490/490
f 490/490/490 616/616/616 488/488/488
f 488/488/488 615/615/615 486/486/486
f 486/486/486 614/614/614 484/484/484
f 484/484/484 613/613/613 482/482/482
f 482/482/482 612/612/612 480/480/480
f 480/480/480 611/611/611 478/478/478
f 478/478/478 610/610/610 476/476/476
f 476/476/476 609/609/609 474/474/474
f 474/474/474 608/608/608 472/472/472
f 472/472/472 607/607/607 470/470/470
f 470/470/470 606/606/606 468/468/468
f 468/468/468 605/605/605 466/466/466
f 466/466/466 604/604/604 464/464/464
f 464/464/464 603/603/603 462/462/462
f 462/462/462 602/602/602 460/460/460
f 460/460/460 601/601/601 458/458/458
f 458/458/458 600/600/600 456/456/456
f 456/456/456 599/599/599 454/454/454
f 454/454/454 598/598/598 452/452/452
f 452/452/452 597/597/597 450/450/450
f 450/450/450 596/596/596 448/448/448
f 448/448/448 595/595/595 446/446/446
f 446/446/446 594/594/594 444/444/444
f 444/444/444 593/593/593 441/441/441
f 442/442/442 592/592/592 591/591/591
f 591/591/591 590/590/590 589/589/589
f 589/589/589 588/588/588 587/587/587
f 587/587/587 586/586/586 585/585/585
f 585/585/585 584/584/584 583/583/583
f 583/583/583 582/582/582 581/581/581
f 581/581/581 580/580/580 579/579/579
f 579/579/579 578/578/578 577/577/577
f 577/577/577 576/576/576 575/575/575
f 575/575/575 574/574/574 573/573/573
f 573/573/573 572/572/572 571/571/571
f 571/571/571 570/570/570 569/569/569
f 569/569/569 568/568/568 567/567/567
f 567/567/567 566/566/566 565/565/565
f 565/565/565 564/564/564 563/563/563
f 563/563/563 562/562/562 561/561/561
f 561/561/561 560/560/560 559/559/559
f 559/559/559 558/558/558 557/557/557
f 557/557/557 556/556/556 555/555/555
f 555/555/555 554/554/554 553/553/553
f 553/553/553 552/552/552 551/551/551
f 551/551/551 550/550/550 549/549/549
f 549/549/549 548/548/548 547/547/547
f 547/547/547 546/546/546 545/545/545
f 545/545/545 544/544/544 543/543/543
f 543/543/543 542/542/542 541/541/541
f 541/541/541 540/540/540 539/539/539
f 539/539/539 538/538/538 537/537/537
f 537/537/537 536/536/536 535/535/535
f 535/535/535 534/534/534 533/533/533
f 533/533/533 532/532/532 531/531/531
f 531/531/531 530/530/530 529/529/529
f 529/529/529 528/528/528 527/527/527
f 527/527/527 526/526/526 525/525/525
f 525/525/525 524/524/524 523/523/523
f 523/523/523 522/522/522 521/521/521
f 521/521/521 520/520/520 519/519/519
f 519/519/519 518/518/518 517/517/517
f 517/517/517 516/516/516 515/515/515
f 515/515/515 514/514/514 513/513/513
f 513/513/513 512/512/512 511/511/511
f 511/511/511 510/510/510 509/509/509
f 509/509/509 508/508/508 507/507/507
f 507/507/507 506/506/506 505/505/505
f 505/505/505 504/504/504 503/503/503
f 503/503/503 502/502/502 501/501/501
f 501/501/501 500/500/500 499/499/499
f 499/499/499 498/498/498 497/497/497
f 497/497/497 496/496/496 495/495/495
f 495/495/495 494/494/494 493/493/493
f 493/493/493 492/492/492 491/491/491
f 491/491/491 490/490/490 489/489/489
f 489/489/489 488/488/488 487/487/487
f 487/487/487 486/486/486 485/485/485
f 485/485/485 484/484/484 483/483/483
f 483/483/483 482/482/482 481/481/481
f 481/481/481 480/480/480 479/479/479
f 479/479/479 478/478/478 477/477/477
f 477/477/477 476/476/476 475/475/475
f 475/475/475 474/474/474 473/473/473
f 473/473/473 472/472/472 471/471/471
f 471/471/471 470/470/470 469/469/469
f 469/469/469 468/468/468 467/467/467
f 467/467/467 466/466/466 465/465/465
f 465/465/465 464/464/464 463/463/463
f 463/463/463 462/462/462 461/461/461
f 461/461/461 460/460/460 459/459/459
f 459/459/459 458/458/458 457/457/457
f 457/457/457 456/456/456 455/455/455
f 455/455/455 454/454/454 453/453/453
f 453/453/453 452/452/452 451/451/451
f 451/451/451 450/450/450 449/449/449
f 449/449/449 448/448/448 447/447/447
f 447/447/447 446/446/446 445/445/445
f 445/445/445 444/444/444 443/443/443
f 443/443/443 441/441/441 442/442/442
f 655/655/655 568/568/568 656/656/656
f 3/3/3 1/1/1 2/2/2
f 5/5/5 4/4/4 3/3/3
f 7/7/7 6/6/6 5/5/5
f 9/9/9 8/8/8 7/7/7
f 11/11/11 10/10/10 9/9/9
f 13/13/13 12/12/12 11/11/11
f 15/15/15 14/14/14 13/13/13
f 17/17/17 16/16/16 15/15/15
f 19/19/19 18/18/18 17/17/17
f 21/21/21 20/20/20 19/19/19
f 23/23/23 22/22/22 21/21/21
f 25/25/25 24/24/24 23/23/23
f 27/27/27 26/26/26 25/25/25
f 29/29/29 28/28/28 27/27/27
f 31/31/31 30/30/30 29/29/29
f 33/33/33 32/32/32 31/31/31
f 35/35/35 34/34/34 33/33/33
f 37/37/37 36/36/36 35/35/35
f 39/39/39 38/38/38 37/37/37
f 41/41/41 40/40/40 39/39/39
f 43/43/43 42/42/42 41/41/41
f 45/45/45 44/44/44 43/43/43
f 47/47/47 46/46/46 45/45/45
f 49/49/49 48/48/48 47/47/47
f 51/51/51 50/50/50 49/49/49
f 53/53/53 52/52/52 51/51/51
f 55/55/55 54/54/54 53/53/53
f 57/57/57 56/56/56 55/55/55
f 59/59/59 58/58/58 57/57/57
f 61/61/61 60/60/60 59/59/59
f 63/63/63 62/62/62 61/61/61
f 65/65/65 64/64/64 63/63/63
f 67/67/67 66/66/66 65/65/65
f 69/69/69 68/68/68 67/67/67
f 71/71/71 70/70/70 69/69/69
f 73/73/73 72/72/72 71/71/71
f 75/75/75 74/74/74 73/73/73
f 77/77/77 76/76/76 75/75/75
f 79/79/79 78/78/78 77/77/77
f 81/81/81 80/80/80 79/79/79
f 83/83/83 82/82/82 81/81/81
f 85/85/85 84/84/84 83/83/83
f 87/87/87 86/86/86 85/85/85
f 89/89/89 88/88/88 87/87/87
f 91/91/91 90/90/90 89/89/89
f 93/93/93 92/92/92 91/91/91
f 95/95/95 94/94/94 93/93/93
f 97/97/97 96/96/96 95/95/95
f 99/99/99 98/98/98 97/97/97
f 101/101/101 100/100/100 99/99/99
f 103/103/103 102/102/102 101/101/101
f 2/2/2 104/104/104 103/103/103
f 4/4/4 105/105/105 1/1/1
f 6/6/6 106/106/106 4/4/4
f 8/8/8 107/107/107 6/6/6
f 10/10/10 108/108/108 8/8/8
f 12/12/12 109/109/109 10/10/10
f 14/14/14 110/110/110 12/12/12
f 16/16/16 111/111/111 14/14/14
f 18/18/18 112/112/112 16/16/16
f 20/20/20 113/113/113 18/18/18
f 22/22/22 114/114/114 20/20/20
f 24/24/24 115/115/115 22/22/22
f 26/26/26 116/116/116 24/24/24
f 28/28/28 117/117/117 26/26/26
f 30/30/30 118/118/118 28/28/28
f 32/32/32 119/119/119 30/30/30
f 34/34/34 120/120/120 32/32/32
f 36/36/36 121/121/121 34/34/34
f 38/38/38 122/122/122 36/36/36
f 40/40/40 123/123/123 38/38/38
f 42/42/42 124/124/124 40/40/40
f 44/44/44 125/125/125 42/42/42
f 46/46/46 126/126/126 44/44/44
f 48/48/48 127/127/127 46/46/46
f 50/50/50 128/128/128 48/48/48
f 52/52/52 129/129/129 50/50/50
f 54/54/54 130/130/130 52/52/52
f 56/56/56 131/131/131 54/54/54
f 58/58/58 132/132/132 56/56/56
f 60/60/60 133/133/133 58/58/58
f 62/62/62 134/134/134 60/60/60
f 64/64/64 135/135/135 62/62/62
f 66/66/66 136/136/136 64/64/64
f 68/68/68 137/137/137 66/66/66
f 70/70/70 138/138/138 68/68/68
f 72/72/72 139/139/139 70/70/70
f 74/74/74 140/140/140 72/72/72
f 76/76/76 141/141/141 74/74/74
f 78/78/78 142/142/142 76/76/76
f 80/80/80 143/143/143 78/78/78
f 82/82/82 144/144/144 80/80/80
f 84/84/84 145/145/145 82/82/82
f 86/86/86 146/146/146 84/84/84
f 88/88/88 147/147/147 86/86/86
f 90/90/90 148/148/148 88/88/88
f 92/92/92 149/149/149 90/90/90
f 94/94/94 150/150/150 92/92/92
f 96/96/96 151/151/151 94/94/94
f 98/98/98 152/152/152 96/96/96
f 100/100/100 153/153/153 98/98/98
f 102/102/102 154/154/154 100/100/100
f 104/104/104 155/155/155 102/102/102
f 1/1/1 156/156/156 104/104/104
f 106/106/106 157/157/157 105/105/105
f 107/107/107 158/158/158 106/106/106
f 108/108/108 159/159/159 107/107/107
f 109/109/109 160/160/160 108/108/108
f 110/110/110 161/161/161 109/109/109
f 111/111/111 162/162/162 110/110/110
f 112/112/112 163/163/163 111/111/111
f 113/113/113 164/164/164 112/112/112
f 114/114/114 165/165/165 113/113/113
f 115/115/115 166/166/166 114/114/114
f 116/116/116 167/167/167 115/115/115
f 117/117/117 168/168/168 116/116/116
f 118/118/118 169/169/169 117/117/117
f 119/119/119 170/170/170 118/118/118
f 120/120/120 171/171/171 119/119/119
f 121/121/121 172/172/172 120/120/120
f 122/122/122 173/173/173 121/121/121
f 123/123/123 174/174/174 122/122/122
f 124/124/124 175/175/175 123/123/123
f 125/125/125 176/176/176 124/124/124
f 126/126/126 177/177/177 125/125/125
f 127/127/127 178/178/178 126/126/126
f 128/128/128 179/179/179 127/127/127
f 129/129/129 180/180/180 128/128/128
f 130/130/130 181/181/181 129/129/129
f 131/131/131 182/182/182 130/130/130
f 132/132/132 183/183/183 131/131/131
f 133/133/133 184/184/184 132/132/132
f 134/134/134 185/185/185 133/133/133
f 135/135/135 186/186/186 134/134/134
f 136/136/136 187/187/187 135/135/135
f 137/137/137 188/188/188 136/136/136
f 138/138/138 189/189/189 137/137/137
f 139/139/139 190/190/190 138/138/138
f 140/140/140 191/191/191 139/139/139
f 141/141/141 192/192/192 140/140/140
f 142/142/142 193/193/193 141/141/141
f 143/143/143 194/194/194 142/142/142
f 144/144/144 195/195/195 143/143/143
f 145/145/145 196/196/196 144/144/144
f 146/146/146 197/197/197 145/145/145
f 147/147/147 198/198/198 146/146/146
f 148/148/148 199/199/199 147/147/147
f 149/149/149 200/200/200 148/148/148
f 150/150/150 201/201/201 149/149/149
f 151/151/151 202/202/202 150/150/150
f 152/152/152 203/203/203 151/151/151
f 153/153/153 204/204/204 152/152/152
f 154/154/154 205/205/205 153/153/153
f 155/155/155 206/206/206 154/154/154
f 156/156/156 207/207/207 155/155/155
f 105/105/105 208/208/208 156/156/156
f 158/158/158 209/209/209 157/157/157
f 159/159/159 210/210/210 158/158/158
f 160/160/160 211/211/211 159/159/159
f 161/161/161 212/212/212 160/160/160
f 162/162/162 213/213/213 161/161/161
f 163/163/163 214/214/214 162/162/162
f 164/164/164 215/215/215 163/163/163
f 165/165/165 216/216/216 164/164/164
f 166/166/166 217/217/217 165/165/165
f 167/167/167 218/218/218 166/166/166
f 168/168/168 219/219/219 167/167/167
f 169/169/169 220/220/220 168/168/168
f 170/170/170 221/221/221 169/169/169
f 171/171/171 222/222/222 170/170/170
f 172/172/172 223/223/223 171/171/171
f 173/173/173 224/224/224 172/172/172
f 174/174/174 225/225/225 173/173/173
f 175/175/175 226/226/226 174/174/174
f 176/176/176 227/227/227 175/175/175
f 177/177/177 228/228/228 176/176/176
f 178/178/178 229/229/229 177/177/177
f 179/179/179 230/230/230 178/178/178
f 180/180/180 231/231/231 179/179/179
f 181/181/181 232/232/232 180/180/180
f 182/182/182 233/233/233 181/181/181
f 183/183/183 234/234/234 182/182/182
f 184/184/184 235/235/235 183/183/183
f 185/185/185 236/236/236 184/184/184
f 186/186/186 237/237/237 185/185/185
f 187/187/187 238/238/238 186/186/186
f 188/188/188 239/239/239 187/187/187
f 189/189/189 240/240/240 188/188/188
f 190/190/190 241/241/241 189/189/189
f 191/191/191 242/242/242 190/190/190
f 192/192/192 243/243/243 191/191/191
f 193/193/193 244/244/244 192/192/192
f 194/194/194 245/245/245 193/193/193
f 195/195/195 246/246/246 194/194/194
f 196/196/196 247/247/247 195/195/195
f 197/197/197 248/248/248 196/196/196
f 198/198/198 249/249/249 197/197/197
f 199/199/199 250/250/250 198/198/198
f 200/200/200 251/251/251 199/199/199
f 201/201/201 252/252/252 200/200/200
f 202/202/202 253/253/253 201/201/201
f 203/203/203 254/254/254 202/202/202
f 204/204/204 255/255/255 203/203/203
f 205/205/205 256/256/256 204/204/204
f 206/206/206 257/257/257 205/205/205
f 207/207/207 258/258/258 206/206/206
f 208/208/208 259/259/259 207/207/207
f 157/157/157 260/260/260 208/208/208
f 210/210/210 261/261/261 209/209/209
f 211/211/211 262/262/262 210/210/210
f 212/212/212 263/263/263 211/211/211
f 213/213/213 264/264/264 212/212/212
f 214/214/214 265/265/265 213/213/213
f 215/215/215 266/266/266 214/214/214
f 216/216/216 267/267/267 215/215/215
f 217/217/217 268/268/268 216/216/216
f 218/218/218 269/269/269 217/217/217
f 219/219/219 270/270/270 218/218/218
f 220/220/220 271/271/271 219/219/219
f 221/221/221 272/272/272 220/220/220
f 222/222/222 273/273/273 221/221/221
f 223/223/223 274/274/274 222/222/222
f 224/224/224 275/275/275 223/223/223
f 225/225/225 276/276/276 224/224/224
f 226/226/226 277/277/277 225/225/225
f 227/227/227 278/278/278 226/226/226
f 228/228/228 279/279/279 227/227/227
f 229/229/229 280/280/280 228/228/228
f 230/230/230 281/281/281 229/229/229
f 231/231/231 282/282/282 230/230/230
f 232/232/232 283/283/283 231/231/231
f 233/233/233 284/284/284 232/232/232
f 234/234/234 285/285/285 233/233/233
f 235/235/235 286/286/286 234/234/234
f 236/236/236 287/287/287 235/235/235
f 237/237/237 288/288/288 236/236/236
f 238/238/238 289/289/289 237/237/237
f 239/239/239 290/290/290 238/238/238
f 240/240/240 291/291/291 239/239/239
f 241/241/241 292/292/292 240/240/240
f 242/242/242 293/293/293 241/241/241
f 243/243/243 294/294/294 242/242/242
f 244/244/244 295/295/295 243/243/243
f 245/245/245 296/296/296 244/244/244
f 246/246/246 297/297/297 245/245/245
f 247/247/247 298/298/298 246/246/246
f 248/248/248 299/299/299 247/247/247
f 249/249/249 300/300/300 248/248/248
f 250/250/250 301/301/301 249/249/249
f 251/251/251 302/302/302 250/250/250
f 252/252/252 303/303/303 251/251/251
f 253/253/253 304/304/304 252/252/252
f 254/254/254 305/305/305 253/253/253
f 255/255/255 306/306/306 254/254/254
f 256/256/256 307/307/307 255/255/255
f 257/257/257 308/308/308 256/256/256
f 258/258/258 309/309/309 257/257/257
f 259/259/259 310/310/310 258/258/258
f 260/260/260 311/311/311 259/259/259
f 209/209/209 312/312/312 260/260/260
f 313/313/313 261/261/261 262/262/262
f 315/315/315 263/263/263 314/314/314
f 263/263/263 315/315/315 262/262/262
f 316/316/316 263/263/263 264/264/264
f 318/318/318 265/265/265 317/317/317
f 265/265/265 318/318/318 264/264/264
f 319/319/319 265/265/265 266/266/266
f 321/321/321 267/267/267 320/320/320
f 267/267/267 321/321/321 266/266/266
f 320/320/320 268/268/268 322/322/322
f 323/323/323 268/268/268 269/269/269
f 323/323/323 269/269/269 324/324/324
f 324/324/324 270/270/270 325/325/325
f 326/326/326 270/270/270 271/271/271
f 326/326/326 271/271/271 327/327/327
f 327/327/327 272/272/272 328/328/328
f 329/329/329 272/272/272 273/273/273
f 329/329/329 273/273/273 330/330/330
f 330/330/330 274/274/274 331/331/331
f 332/332/332 274/274/274 275/275/275
f 334/334/334 276/276/276 333/333/333
f 276/276/276 334/334/334 275/275/275
f 335/335/335 276/276/276 277/277/277
f 337/337/337 278/278/278 336/336/336
f 278/278/278 337/337/337 277/277/277
f 338/338/338 278/278/278 279/279/279
f 340/340/340 280/280/280 339/339/339
f 280/280/280 340/340/340 279/279/279
f 339/339/339 281/281/281 341/341/341
f 342/342/342 281/281/281 282/282/282
f 342/342/342 282/282/282 343/343/343
f 343/343/343 283/283/283 344/344/344
f 345/345/345 283/283/283 284/284/284
f 345/345/345 284/284/284 346/346/346
f 346/346/346 285/285/285 347/347/347
f 348/348/348 285/285/285 286/286/286
f 348/348/348 286/286/286 349/349/349
f 349/349/349 287/287/287 350/350/350
f 351/351/351 287/287/287 288/288/288
f 353/353/353 289/289/289 352/352/352
f 289/289/289 353/353/353 288/288/288
f 354/354/354 289/289/289 290/290/290
f 356/356/356 291/291/291 355/355/355
f 291/291/291 356/356/356 290/290/290
f 357/357/357 291/291/291 292/292/292
f 359/359/359 293/293/293 358/358/358
f 293/293/293 359/359/359 292/292/292
f 358/358/358 294/294/294 360/360/360
f 361/361/361 294/294/294 295/295/295
f 361/361/361 295/295/295 362/362/362
f 362/362/362 296/296/296 363/363/363
f 364/364/364 296/296/296 297/297/297
f 364/364/364 297/297/297 365/365/365
f 365/365/365 298/298/298 366/366/366
f 367/367/367 298/298/298 299/299/299
f 367/367/367 299/299/299 368/368/368
f 368/368/368 300/300/300 369/369/369
f 370/370/370 300/300/300 301/301/301
f 372/372/372 302/302/302 371/371/371
f 302/302/302 372/372/372 301/301/301
f 373/373/373 302/302/302 303/303/303
f 375/375/375 304/304/304 374/374/374
f 304/304/304 375/375/375 303/303/303
f 376/376/376 304/304/304 305/305/305
f 378/378/378 306/306/306 377/377/377
f 306/306/306 378/378/378 305/305/305
f 379/379/379 306/306/306 307/307/307
f 380/380/380 307/307/307 308/308/308
f 380/380/380 308/308/308 381/381/381
f 381/381/381 309/309/309 382/382/382
f 383/383/383 309/309/309 310/310/310
f 383/383/383 310/310/310 384/384/384
f 384/384/384 311/311/311 385/385/385
f 386/386/386 311/311/311 312/312/312
f 386/386/386 312/312/312 387/387/387
f 387/387/387 261/261/261 388/388/388
f 261/261/261 387/387/387 312/312/312
f 311/311/311 386/386/386 385/385/385
f 311/311/311 384/384/384 310/310/310
f 309/309/309 383/383/383 382/382/382
f 309/309/309 381/381/381 308/308/308
f 307/307/307 380/380/380 379/379/379
f 306/306/306 379/379/379 377/377/377
f 305/305/305 378/378/378 376/376/376
f 304/304/304 376/376/376 374/374/374
f 303/303/303 375/375/375 373/373/373
f 302/302/302 373/373/373 371/371/371
f 301/301/301 372/372/372 370/370/370
f 300/300/300 370/370/370 369/369/369
f 300/300/300 368/368/368 299/299/299
f 298/298/298 367/367/367 366/366/366
f 298/298/298 365/365/365 297/297/297
f 296/296/296 364/364/364 363/363/363
f 296/296/296 362/362/362 295/295/295
f 294/294/294 361/361/361 360/360/360
f 294/294/294 358/358/358 293/293/293
f 292/292/292 359/359/359 357/357/357
f 291/291/291 357/357/357 355/355/355
f 290/290/290 356/356/356 354/354/354
f 289/289/289 354/354/354 352/352/352
f 288/288/288 353/353/353 351/351/351
f 287/287/287 351/351/351 350/350/350
f 287/287/287 349/349/349 286/286/286
f 285/285/285 348/348/348 347/347/347
f 285/285/285 346/346/346 284/284/284
f 283/283/283 345/345/345 344/344/344
f 283/283/283 343/343/343 282/282/282
f 281/281/281 342/342/342 341/341/341
f 281/281/281 339/339/339 280/280/280
f 279/279/279 340/340/340 338/338/338
f 278/278/278 338/338/338 336/336/336
f 277/277/277 337/337/337 335/335/335
f 276/276/276 335/335/335 333/333/333
f 275/275/275 334/334/334 332/332/332
f 274/274/274 332/332/332 331/331/331
f 274/274/274 330/330/330 273/273/273
f 272/272/272 329/329/329 328/328/328
f 272/272/272 327/327/327 271/271/271
f 270/270/270 326/326/326 325/325/325
f 270/270/270 324/324/324 269/269/269
f 268/268/268 323/323/323 322/322/322
f 268/268/268 320/320/320 267/267/267
f 266/266/266 321/321/321 319/319/319
f 265/265/265 319/319/319 317/317/317
f 264/264/264 318/318/318 316/316/316
f 263/263/263 316/316/316 314/314/314
f 262/262/262 315/315/315 313/313/313
f 261/261/261 313/313/313 388/388/388
f 312/312/312 209/209/209 261/261/261
f 311/311/311 260/260/260 312/312/312
f 310/310/310 259/259/259 311/311/311
f 309/309/309 258/258/258 310/310/310
f 308/308/308 257/257/257 309/309/309
f 307/307/307 256/256/256 308/308/308
f 306/306/306 255/255/255 307/307/307
f 305/305/305 254/254/254 306/306/306
f 304/304/304 253/253/253 305/305/305
f 303/303/303 252/252/252 304/304/304
f 302/302/302 251/251/251 303/303/303
f 301/301/301 250/250/250 302/302/302
f 300/300/300 249/249/249 301/301/301
f 299/299/299 248/248/248 300/300/300
f 298/298/298 247/247/247 299/299/299
f 297/297/297 246/246/246 298/298/298
f 296/296/296 245/245/245 297/297/297
f 295/295/295 244/244/244 296/296/296
f 294/294/294 243/243/243 295/295/295
f 293/293/293 242/242/242 294/294/294
f 292/292/292 241/241/241 293/293/293
f 291/291/291 240/240/240 292/292/292
f 290/290/290 239/239/239 291/291/291
f 289/289/289 238/238/238 290/290/290
f 288/288/288 237/237/237 289/289/289
f 287/287/287 236/236/236 288/288/288
f 286/286/286 235/235/235 287/287/287
f 285/285/285 234/234/234 286/286/286
f 284/284/284 233/233/233 285/285/285
f 283/283/283 232/232/232 284/284/284
f 282/282/282 231/231/231 283/283/283
f 281/281/281 230/230/230 282/282/282
f 280/280/280 229/229/229 281/281/281
f 279/279/279 228/228/228 280/280/280
f 278/278/278 227/227/227 279/279/279
f 277/277/277 226/226/226 278/278/278
f 276/276/276 225/225/225 277/277/277
f 275/275/275 224/224/224 276/276/276
f 274/274/274 223/223/223 275/275/275
f 273/273/273 222/222/222 274/274/274
f 272/272/272 221/221/221 273/273/273
f 271/271/271 220/220/220 272/272/272
f 270/270/270 219/219/219 271/271/271
f 269/269/269 218/218/218 270/270/270
f 268/268/268 217/217/217 269/269/269
f 267/267/267 216/216/216 268/268/268
f 266/266/266 215/215/215 267/267/267
f 265/265/265 214/214/214 266/266/266
f 264/264/264 213/213/213 265/265/265
f 263/263/263 212/212/212 264/264/264
f 262/262/262 211/211/211 263/263/263
f 261/261/261 210/210/210 262/262/262
f 260/260/260 157/157/157 209/209/209
f 259/259/259 208/208/208 260/260/260
f 258/258/258 207/207/207 259/259/259
f 257/257/257 206/206/206 258/258/258
f 256/256/256 205/205/205 257/257/257
f 255/255/255 204/204/204 256/256/256
f 254/254/254 203/203/203 255/255/255
f 253/253/253 202/202/202 254/254/254
f 252/252/252 201/201/201 253/253/253
f 251/251/251 200/200/200 252/252/252
f 250/250/250 199/199/199 251/251/251
f 249/249/249 198/198/198 250/250/250
f 248/248/248 197/197/197 249/249/249
f 247/247/247 196/196/196 248/248/248
f 246/246/246 195/195/195 247/247/247
f 245/245/245 194/194/194 246/246/246
f 244/244/244 193/193/193 245/245/245
f 243/243/243 192/192/192 244/244/244
f 242/242/242 191/191/191 243/243/243
f 241/241/241 190/190/190 242/242/242
f 240/240/240 189/189/189 241/241/241
f 239/239/239 188/188/188 240/240/240
f 238/238/238 187/187/187 239/239/239
f 237/237/237 186/186/186 238/238/238
f 236/236/236 185/185/185 237/237/237
f 235/235/235 184/184/184 236/236/236
f 234/234/234 183/183/183 235/235/235
f 233/233/233 182/182/182 234/234/234
f 232/232/232 181/181/181 233/233/233
f 231/231/231 180/180/180 232/232/232
f 230/230/230 179/179/179 231/231/231
f 229/229/229 178/178/178 230/230/230
f 228/228/228 177/177/177 229/229/229
f 227/227/227 176/176/176 228/228/228
f 226/226/226 175/175/175 227/227/227
f 225/225/225 174/174/174 226/226/226
f 224/224/224 173/173/173 225/225/225
f 223/223/223 172/172/172 224/224/224
f 222/222/222 171/171/171 223/223/223
f 221/221/221 170/170/170 222/222/222
f 220/220/220 169/169/169 221/221/221
f 219/219/219 168/168/168 220/220/220
f 218/218/218 167/167/167 219/219/219
f 217/217/217 166/166/166 218/218/218
f 216/216/216 165/165/165 217/217/217
f 215/215/215 164/164/164 216/216/216
f 214/214/214 163/163/163 215/215/215
f 213/213/213 162/162/162 214/214/214
f 212/212/212 161/161/161 213/213/213
f 211/211/211 160/160/160 212/212/212
f 210/210/210 159/159/159 211/211/211
f 209/209/209 158/158/158 210/210/210
f 208/208/208 105/105/105 157/157/157
f 207/207/207 156/156/156 208/208/208
f 206/206/206 155/155/155 207/207/207
f 205/205/205 154/154/154 206/206/206
f 204/204/204 153/153/153 205/205/205
f 203/203/203 152/152/152 204/204/204
f 202/202/202 151/151/151 203/203/203
f 201/201/201 150/150/150 202/202/202
f 200/200/200 149/149/149 201/201/201
f 199/199/199 148/148/148 200/200/200
f 198/198/198 147/147/147 199/199/199
f 197/197/197 146/146/146 198/198/198
f 196/196/196 145/145/145 197/197/197
f 195/195/195 144/144/144 196/196/196
f 194/194/194 143/143/143 195/195/195
f 193/193/193 142/142/142 194/194/194
f 192/192/192 141/141/141 193/193/193
f 191/191/191 140/140/140 192/192/192
f 190/190/190 139/139/139 191/191/191
f 189/189/189 138/138/138 190/190/190
f 188/188/188 137/137/137 189/189/189
f 187/187/187 136/136/136 188/188/188
f 186/186/186 135/135/135 187/187/187
f 185/185/185 134/134/134 186/186/186
f 184/184/184 133/133/133 185/185/185
f 183/183/183 132/132/132 184/184/184
f 182/182/182 131/131/131 183/183/183
f 181/181/181 130/130/130 182/182/182
f 180/180/180 129/129/129 181/181/181
f 179/179/179 128/128/128 180/180/180
f 178/178/178 127/127/127 179/179/179
f 177/177/177 126/126/126 178/178/178
f 176/176/176 125/125/125 177/177/177
f 175/175/175 124/124/124 176/176/176
f 174/174/174 123/123/123 175/175/175
f 173/173/173 122/122/122 174/174/174
f 172/172/172 121/121/121 173/173/173
f 171/171/171 120/120/120 172/172/172
f 170/170/170 119/119/119 171/171/171
f 169/169/169 118/118/118 170/170/170
f 168/168/168 117/117/117 169/169/169
f 167/167/167 116/116/116 168/168/168
f 166/166/166 115/115/115 167/167/167
f 165/165/165 114/114/114 166/166/166
f 164/164/164 113/113/113 165/165/165
f 163/163/163 112/112/112 164/164/164
f 162/162/162 111/111/111 163/163/163
f 161/161/161 110/110/110 162/162/162
f 160/160/160 109/109/109 161/161/161
f 159/159/159 108/108/108 160/160/160
f 158/158/158 107/107/107 159/159/159
f 157/157/157 106/106/106 158/158/158
f 156/156/156 1/1/1 105/105/105
f 155/155/155 104/104/104 156/156/156
f 154/154/154 102/102/102 155/155/155
f 153/153/153 100/100/100 154/154/154
f 152/152/152 98/98/98 153/153/153
f 151/151/151 96/96/96 152/152/152
f 150/150/150 94/94/94 151/151/151
f 149/149/149 92/92/92 150/150/150
f 148/148/148 90/90/90 149/149/149
f 147/147/147 88/88/88 148/148/148
f 146/146/146 86/86/86 147/147/147
f 145/145/145 84/84/84 146/146/146
f 144/144/144 82/82/82 145/145/145
f 143/143/143 80/80/80 144/144/144
f 142/142/142 78/78/78 143/143/143
f 141/141/141 76/76/76 142/142/142
f 140/140/140 74/74/74 141/141/141
f 139/139/139 72/72/72 140/140/140
f 138/138/138 70/70/70 139/139/139
f 137/137/137 68/68/68 138/138/138
f 136/136/136 66/66/66 137/137/137
f 135/135/135 64/64/64 136/136/136
f 134/134/134 62/62/62 135/135/135
f 133/133/133 60/60/60 134/134/134
f 132/132/132 58/58/58 133/133/133
f 131/131/131 56/56/56 132/132/132
f 130/130/130 54/54/54 131/131/131
f 129/129/129 52/52/52 130/130/130
f 128/128/128 50/50/50 129/129/129
f 127/127/127 48/48/48 128/128/128
f 126/126/126 46/46/46 127/127/127
f 125/125/125 44/44/44 126/126/126
f 124/124/124 42/42/42 125/125/125
f 123/123/123 40/40/40 124/124/124
f 122/122/122 38/38/38 123/123/123
f 121/121/121 36/36/36 122/122/122
f 120/120/120 34/34/34 121/121/121
f 119/119/119 32/32/32 120/120/120
f 118/118/118 30/30/30 119/119/119
f 117/117/117 28/28/28 118/118/118
f 116/116/116 26/26/26 117/117/117
f 115/115/115 24/24/24 116/116/116
f 114/114/114 22/22/22 115/115/115
f 113/113/113 20/20/20 114/114/114
f 112/112/112 18/18/18 113/113/113
f 111/111/111 16/16/16 112/112/112
f 110/110/110 14/14/14 111/111/111
f 109/109/109 12/12/12 110/110/110
f 108/108/108 10/10/10 109/109/109
f 107/107/107 8/8/8 108/108/108
f 106/106/106 6/6/6 107/107/107
f 105/105/105 4/4/4 106/106/106
f 104/104/104 2/2/2 1/1/1
f 102/102/102 103/103/103 104/104/104
f 100/100/100 101/101/101 102/102/102
f 98/98/98 99/99/99 100/100/100
f 96/96/96 97/97/97 98/98/98
f 94/94/94 95/95/95 96/96/96
f 92/92/92 93/93/93 94/94/94
f 90/90/90 91/91/91 92/92/92
f 88/88/88 89/89/89 90/90/90
f 86/86/86 87/87/87 88/88/88
f 84/84/84 85/85/85 86/86/86
f 82/82/82 83/83/83 84/84/84
f 80/80/80 81/81/81 82/82/82
f 78/78/78 79/79/79 80/80/80
f 76/76/76 77/77/77 78/78/78
f 74/74/74 75/75/75 76/76/76
f 72/72/72 73/73/73 74/74/74
f 70/70/70 71/71/71 72/72/72
f 68/68/68 69/69/69 70/70/70
f 66/66/66 67/67/67 68/68/68
f 64/64/64 65/65/65 66/66/66
f 62/62/62 63/63/63 64/64/64
f 60/60/60 61/61/61 62/62/62
f 58/58/58 59/59/59 60/60/60
f 56/56/56 57/57/57 58/58/58
f 54/54/54 55/55/55 56/56/56
f 52/52/52 53/53/53 54/54/54
f 50/50/50 51/51/51 52/52/52
f 48/48/48 49/49/49 50/50/50
f 46/46/46 47/47/47 48/48/48
f 44/44/44 45/45/45 46/46/46
f 42/42/42 43/43/43 44/44/44
f 40/40/40 41/41/41 42/42/42
f 38/38/38 39/39/39 40/40/40
f 36/36/36 37/37/37 38/38/38
f 34/34/34 35/35/35 36/36/36
f 32/32/32 33/33/33 34/34/34
f 30/30/30 31/31/31 32/32/32
f 28/28/28 29/29/29 30/30/30
f 26/26/26 27/27/27 28/28/28
f 24/24/24 25/25/25 26/26/26
f 22/22/22 23/23/23 24/24/24
f 20/20/20 21/21/21 22/22/22
f 18/18/18 19/19/19 20/20/20
f 16/16/16 17/17/17 18/18/18
f 14/14/14 15/15/15 16/16/16
f 12/12/12 13/13/13 14/14/14
f 10/10/10 11/11/11 12/12/12
f 8/8/8 9/9/9 10/10/10
f 6/6/6 7/7/7 8/8/8
f 4/4/4 5/5/5 6/6/6
f 1/1/1 3/3/3 4/4/4
f 389/389/389 2/2/2 103/103/103
f 390/390/390 103/103/103 101/101/101
f 391/391/391 101/101/101 99/99/99
f 392/392/392 99/99/99 97/97/97
f 393/393/393 97/97/97 95/95/95
f 394/394/394 95/95/95 93/93/93
f 395/395/395 93/93/93 91/91/91
f 396/396/396 91/91/91 89/89/89
f 397/397/397 89/89/89 87/87/87
f 398/398/398 87/87/87 85/85/85
f 399/399/399 85/85/85 83/83/83
f 400/400/400 83/83/83 81/81/81
f 401/401/401 81/81/81 79/79/79
f 402/402/402 79/79/79 77/77/77
f 403/403/403 77/77/77 75/75/75
f 404/404/404 75/75/75 73/73/73
f 405/405/405 73/73/73 71/71/71
f 406/406/406 71/71/71 69/69/69
f 407/407/407 69/69/69 67/67/67
f 408/408/408 67/67/67 65/65/65
f 409/409/409 65/65/65 63/63/63
f 410/410/410 63/63/63 61/61/61
f 411/411/411 61/61/61 59/59/59
f 412/412/412 59/59/59 57/57/57
f 413/413/413 57/57/57 55/55/55
f 414/414/414 55/55/55 53/53/53
f 415/415/415 53/53/53 51/51/51
f 416/416/416 51/51/51 49/49/49
f 417/417/417 49/49/49 47/47/47
f 418/418/418 47/47/47 45/45/45
f 419/419/419 45/45/45 43/43/43
f 420/420/420 43/43/43 41/41/41
f 421/421/421 41/41/41 39/39/39
f 422/422/422 39/39/39 37/37/37
f 423/423/423 37/37/37 35/35/35
f 424/424/424 35/35/35 33/33/33
f 425/425/425 33/33/33 31/31/31
f 426/426/426 31/31/31 29/29/29
f 427/427/427 29/29/29 27/27/27
f 428/428/428 27/27/27 25/25/25
f 429/429/429 25/25/25 23/23/23
f 430/430/430 23/23/23 21/21/21
f 431/431/431 21/21/21 19/19/19
f 432/432/432 19/19/19 17/17/17
f 433/433/433 17/17/17 15/15/15
f 434/434/434 15/15/15 13/13/13
f 435/435/435 13/13/13 11/11/11
f 436/436/436 11/11/11 9/9/9
f 437/437/437 9/9/9 7/7/7
f 438/438/438 7/7/7 5/5/5
f 439/439/439 5/5/5 3/3/3
f 440/440/440 3/3/3 2/2/2
f 1335/1335/1335 1337/1337/1337 1334/1334/1334
f 1273/1273/1273 1271/1271/1271 1272/1272/1272
f 1276/1276/1276 1274/1274/1274 1275/1275/1275
f 1279/1279/1279 1277/1277/1277 1278/1278/1278
f 1282/1282/1282 1280/1280/1280 1281/1281/1281
f 1271/1271/1271 1283/1283/1283 1284/1284/1284
f 1274/1274/1274 1273/1273/1273 1272/1272/1272
f 1287/1287/1287 1285/1285/1285 1286/1286/1286
f 1290/1290/1290 1288/1288/1288 1289/1289/1289
f 1277/1277/1277 1290/1290/1290 1289/1289/1289
f 1280/1280/1280 1279/1279/1279 1278/1278/1278
f 1293/1293/1293 1291/1291/1291 1292/1292/1292
f 1293/1293/1293 1294/1294/1294 1295/1295/1295
f 1298/1298/1298 1296/1296/1296 1297/1297/1297
f 1298/1298/1298 1299/1299/1299 1300/1300/1300
f 1300/1300/1300 1301/1301/1301 1302/1302/1302
f 1305/1305/1305 1303/1303/1303 1304/1304/1304
f 1308/1308/1308 1306/1306/1306 1307/1307/1307
f 1308/1308/1308 1309/1309/1309 1310/1310/1310
f 1274/1274/1274 1276/1276/1276 1273/1273/1273
f 1285/1285/1285 1276/1276/1276 1275/1275/1275
f 1313/1313/1313 1311/1311/1311 1312/1312/1312
f 1316/1316/1316 1314/1314/1314 1315/1315/1315
f 1319/1319/1319 1317/1317/1317 1318/1318/1318
f 1288/1288/1288 1319/1319/1319 1318/1318/1318
f 1280/1280/1280 1282/1282/1282 1279/1279/1279
f 1322/1322/1322 1320/1320/1320 1321/1321/1321
f 1325/1325/1325 1323/1323/1323 1324/1324/1324
f 1325/1325/1325 1326/1326/1326 1327/1327/1327
f 1291/1291/1291 1327/1327/1327 1328/1328/1328
f 1294/1294/1294 1293/1293/1293 1292/1292/1292
f 1296/1296/1296 1295/1295/1295 1329/1329/1329
f 1299/1299/1299 1298/1298/1298 1297/1297/1297
f 1301/1301/1301 1300/1300/1300 1330/1330/1330
f 1303/1303/1303 1302/1302/1302 1331/1331/1331
f 1306/1306/1306 1305/1305/1305 1304/1304/1304
f 1309/1309/1309 1308/1308/1308 1307/1307/1307
f 1334/1334/1334 1332/1332/1332 1333/1333/1333
f 1337/1337/1337 1335/1335/1335 1336/1336/1336
f 1340/1340/1340 1338/1338/1338 1339/1339/1339
f 1343/1343/1343 1341/1341/1341 1342/1342/1342
f 1346/1346/1346 1344/1344/1344 1345/1345/1345
f 1283/1283/1283 1347/1347/1347 1284/1284/1284
f 1285/1285/1285 1287/1287/1287 1276/1276/1276
f 1311/1311/1311 1287/1287/1287 1286/1286/1286
f 1314/1314/1314 1313/1313/1313 1312/1312/1312
f 1277/1277/1277 1279/1279/1279 1290/1290/1290
f 1320/1320/1320 1282/1282/1282 1281/1281/1281
f 1323/1323/1323 1322/1322/1322 1321/1321/1321
f 1326/1326/1326 1325/1325/1325 1324/1324/1324
f 1295/1295/1295 1294/1294/1294 1329/1329/1329
f 1300/1300/1300 1299/1299/1299 1330/1330/1330
f 1303/1303/1303 1305/1305/1305 1302/1302/1302
f 1310/1310/1310 1309/1309/1309 1348/1348/1348
f 1310/1310/1310 1349/1349/1349 1350/1350/1350
f 1332/1332/1332 1350/1350/1350 1351/1351/1351
f 1335/1335/1335 1334/1334/1334 1333/1333/1333
f 1338/1338/1338 1337/1337/1337 1336/1336/1336
f 1341/1341/1341 1340/1340/1340 1339/1339/1339
f 1344/1344/1344 1343/1343/1343 1342/1342/1342
f 1347/1347/1347 1346/1346/1346 1345/1345/1345
f 1311/1311/1311 1313/1313/1313 1287/1287/1287
f 1317/1317/1317 1319/1319/1319 1316/1316/1316
f 1320/1320/1320 1322/1322/1322 1282/1282/1282
f 1327/1327/1327 1326/1326/1326 1328/1328/1328
f 1296/1296/1296 1298/1298/1298 1295/1295/1295
f 1306/1306/1306 1308/1308/1308 1305/1305/1305
f 1349/1349/1349 1310/1310/1310 1348/1348/1348
f 1317/1317/1317 1316/1316/1316 1315/1315/1315
f 1341/1341/1341 1343/1343/1343 1340/1340/1340
f 1347/1347/1347 1283/1283/1283 1346/1346/1346
f 1314/1314/1314 1316/1316/1316 1313/1313/1313
f 1323/1323/1323 1325/1325/1325 1322/1322/1322
f 1302/1302/1302 1301/1301/1301 1331/1331/1331
f 1332/1332/1332 1334/1334/1334 1350/1350/1350
f 1344/1344/1344 1346/1346/1346 1343/1343/1343
f 1288/1288/1288 1290/1290/1290 1319/1319/1319
f 1350/1350/1350 1349/1349/1349 1351/1351/1351
f 1271/1271/1271 1273/1273/1273 1283/1283/1283
f 1338/1338/1338 1340/1340/1340 1337/1337/1337
f 1291/1291/1291 1293/1293/1293 1327/1327/1327
f 1354/1354/1354 1352/1352/1352 1353/1353/1353
f 1356/1356/1356 1355/1355/1355 1354/1354/1354
f 1358/1358/1358 1357/1357/1357 1356/1356/1356
f 1360/1360/1360 1359/1359/1359 1358/1358/1358
f 1362/1362/1362 1361/1361/1361 1360/1360/1360
f 1364/1364/1364 1363/1363/1363 1362/1362/1362
f 1366/1366/1366 1365/1365/1365 1364/1364/1364
f 1368/1368/1368 1367/1367/1367 1366/1366/1366
f 1370/1370/1370 1369/1369/1369 1368/1368/1368
f 1372/1372/1372 1371/1371/1371 1370/1370/1370
f 1374/1374/1374 1373/1373/1373 1372/1372/1372
f 1376/1376/1376 1375/1375/1375 1374/1374/1374
f 1378/1378/1378 1377/1377/1377 1376/1376/1376
f 1381/1381/1381 1379/1379/1379 1380/1380/1380
f 1381/1381/1381 1380/1380/1380 1378/1378/1378
f 1383/1383/1383 1379/1379/1379 1382/1382/1382
f 1385/1385/1385 1384/1384/1384 1383/1383/1383
f 1387/1387/1387 1386/1386/1386 1385/1385/1385
f 1389/1389/1389 1388/1388/1388 1387/1387/1387
f 1391/1391/1391 1390/1390/1390 1389/1389/1389
f 1393/1393/1393 1392/1392/1392 1391/1391/1391
f 1395/1395/1395 1394/1394/1394 1393/1393/1393
f 1397/1397/1397 1396/1396/1396 1395/1395/1395
f 1399/1399/1399 1398/1398/1398 1397/1397/1397
f 1401/1401/1401 1400/1400/1400 1399/1399/1399
f 1403/1403/1403 1402/1402/1402 1401/1401/1401
f 1405/1405/1405 1404/1404/1404 1403/1403/1403
f 1353/1353/1353 1406/1406/1406 1405/1405/1405
f 1406/1406/1406 1353/1353/1353 1352/1352/1352
f 1404/1404/1404 1405/1405/1405 1406/1406/1406
f 1402/1402/1402 1403/1403/1403 1404/1404/1404
f 1400/1400/1400 1401/1401/1401 1402/1402/1402
f 1398/1398/1398 1399/1399/1399 1400/1400/1400
f 1396/1396/1396 1397/1397/1397 1398/1398/1398
f 1394/1394/1394 1395/1395/1395 1396/1396/1396
f 1392/1392/1392 1393/1393/1393 1394/1394/1394
f 1390/1390/1390 1391/1391/1391 1392/1392/1392
f 1388/1388/1388 1389/1389/1389 1390/1390/1390
f 1386/1386/1386 1387/1387/1387 1388/1388/1388
f 1384/1384/1384 1385/1385/1385 1386/1386/1386
f 1379/1379/1379 1383/1383/1383 1384/1384/1384
f 1379/1379/1379 1381/1381/1381 1382/1382/1382
f 1377/1377/1377 1378/1378/1378 1380/1380/1380
f 1375/1375/1375 1376/1376/1376 1377/1377/1377
f 1373/1373/1373 1374/1374/1374 1375/1375/1375
f 1371/1371/1371 1372/1372/1372 1373/1373/1373
f 1369/1369/1369 1370/1370/1370 1371/1371/1371
f 1367/1367/1367 1368/1368/1368 1369/1369/1369
f 1365/1365/1365 1366/1366/1366 1367/1367/1367
f 1363/1363/1363 1364/1364/1364 1365/1365/1365
f 1361/1361/1361 1362/1362/1362 1363/1363/1363
f 1359/1359/1359 1360/1360/1360 1361/1361/1361
f 1357/1357/1357 1358/1358/1358 1359/1359/1359
f 1355/1355/1355 1356/1356/1356 1357/1357/1357
f 1352/1352/1352 1354/1354/1354 1355/1355/1355
f 1409/1409/1409 1407/1407/1407 1408/1408/1408
f 1407/1407/1407 1409/1409/1409 1410/1410/1410
f 1407/1407/1407 1410/1410/1410 1411/1411/1411
f 1407/1407/1407 1411/1411/1411 1412/1412/1412
f 1407/1407/1407 1412/1412/1412 1413/1413/1413
f 1407/1407/1407 1413/1413/1413 1414/1414/1414
f 1407/1407/1407 1414/1414/1414 1415/1415/1415
f 1407/1407/1407 1415/1415/1415 1416/1416/1416
f 1407/1407/1407 1416/1416/1416 1417/1417/1417
f 1407/1407/1407 1417/1417/1417 1418/1418/1418
f 1407/1407/1407 1418/1418/1418 1419/1419/1419
f 1407/1407/1407 1419/1419/1419 1420/1420/1420
f 1407/1407/1407 1420/1420/1420 1421/1421/1421
f 1407/1407/1407 1421/1421/1421 1422/1422/1422
f 1407/1407/1407 1422/1422/1422 1423/1423/1423
f 1407/1407/1407 1423/1423/1423 1424/1424/1424
f 1407/1407/1407 1424/1424/1424 1425/1425/1425
f 1407/1407/1407 1425/1425/1425 1426/1426/1426
f 1407/1407/1407 1426/1426/1426 1427/1427/1427
f 1407/1407/1407 1427/1427/1427 1428/1428/1428
f 1407/1407/1407 1428/1428/1428 1429/1429/1429
f 1407/1407/1407 1429/1429/1429 1430/1430/1430
f 1407/1407/1407 1430/1430/1430 1431/1431/1431
f 1407/1407/1407 1431/1431/1431 1432/1432/1432
f 1407/1407/1407 1432/1432/1432 1433/1433/1433
f 1407/1407/1407 1433/1433/1433 1434/1434/1434
f 1407/1407/1407 1434/1434/1434 1435/1435/1435
f 1407/1407/1407 1435/1435/1435 1408/1408/1408
